
These predictions were generated by FAST (v7.01.00a-bjj, 16-Feb-2012) on 07-Mar-2016 at 22:07:18.
The aerodynamic calculations were made by AeroDyn (v13.00.01a-bjj, 16-Feb-2012).

 NREL 5.0 MW Baseline Wind Turbine for Use in Offshore Analysis.

Time	BldPitch1	RootMxb1	RootMyb1
(s)	(deg)	(kN·m)	(kN·m)
   0.050	 0.000E+00	 5.102E+01	 2.411E+02
   0.100	 0.000E+00	 1.055E+02	 3.836E+02
   0.150	 0.000E+00	 1.796E+02	 6.911E+02
   0.200	 0.000E+00	 2.712E+02	 1.052E+03
   0.250	 0.000E+00	 3.959E+02	 1.449E+03
   0.300	 0.000E+00	 5.526E+02	 1.847E+03
   0.350	 0.000E+00	 7.491E+02	 2.228E+03
   0.400	 0.000E+00	 9.642E+02	 2.551E+03
   0.450	 0.000E+00	 1.188E+03	 2.793E+03
   0.500	 0.000E+00	 1.417E+03	 2.957E+03
   0.550	 0.000E+00	 1.643E+03	 3.028E+03
   0.600	 0.000E+00	 1.841E+03	 3.021E+03
   0.650	 0.000E+00	 2.005E+03	 2.952E+03
   0.700	 0.000E+00	 2.127E+03	 2.835E+03
   0.750	 0.000E+00	 2.210E+03	 2.685E+03
   0.800	 0.000E+00	 2.257E+03	 2.512E+03
   0.850	 0.000E+00	 2.274E+03	 2.278E+03
   0.900	 0.000E+00	 2.262E+03	 2.016E+03
   0.950	 0.000E+00	 2.235E+03	 1.722E+03
   1.000	 0.000E+00	 2.214E+03	 1.450E+03
   1.050	 0.000E+00	 2.209E+03	 1.224E+03
   1.100	 0.000E+00	 2.230E+03	 1.063E+03
   1.150	 0.000E+00	 2.280E+03	 9.362E+02
   1.200	 0.000E+00	 2.366E+03	 8.802E+02
   1.250	 0.000E+00	 2.480E+03	 8.468E+02
   1.300	 0.000E+00	 2.633E+03	 8.719E+02
   1.350	 0.000E+00	 2.815E+03	 9.352E+02
   1.400	 0.000E+00	 3.009E+03	 1.022E+03
   1.450	 0.000E+00	 3.213E+03	 1.161E+03
   1.500	 0.000E+00	 3.400E+03	 1.323E+03
   1.550	 0.000E+00	 3.565E+03	 1.522E+03
   1.600	 0.000E+00	 3.690E+03	 1.731E+03
   1.650	 0.000E+00	 3.773E+03	 1.976E+03
   1.700	 0.000E+00	 3.798E+03	 2.194E+03
   1.750	 0.000E+00	 3.779E+03	 2.420E+03
   1.800	 0.000E+00	 3.717E+03	 2.614E+03
   1.850	 0.000E+00	 3.617E+03	 2.724E+03
   1.900	 0.000E+00	 3.510E+03	 2.807E+03
   1.950	 0.000E+00	 3.396E+03	 2.840E+03
   2.000	 0.000E+00	 3.307E+03	 2.844E+03
   2.050	 0.000E+00	 3.249E+03	 2.793E+03
   2.100	 0.000E+00	 3.236E+03	 2.740E+03
   2.150	 0.000E+00	 3.271E+03	 2.674E+03
   2.200	 0.000E+00	 3.345E+03	 2.575E+03
   2.250	 0.000E+00	 3.450E+03	 2.461E+03
   2.300	 0.000E+00	 3.565E+03	 2.319E+03
   2.350	 0.000E+00	 3.687E+03	 2.158E+03
   2.400	 0.000E+00	 3.792E+03	 2.019E+03
   2.450	 0.000E+00	 3.868E+03	 1.893E+03
   2.500	 0.000E+00	 3.904E+03	 1.820E+03
   2.550	 0.000E+00	 3.897E+03	 1.805E+03
   2.600	 0.000E+00	 3.834E+03	 1.844E+03
   2.650	 0.000E+00	 3.727E+03	 1.906E+03
   2.700	 0.000E+00	 3.582E+03	 1.973E+03
   2.750	 0.000E+00	 3.406E+03	 2.051E+03
   2.800	 0.000E+00	 3.220E+03	 2.077E+03
   2.850	 0.000E+00	 3.038E+03	 2.106E+03
   2.900	 0.000E+00	 2.855E+03	 2.113E+03
   2.950	 0.000E+00	 2.705E+03	 2.156E+03
   3.000	 0.000E+00	 2.582E+03	 2.220E+03
   3.050	 0.000E+00	 2.499E+03	 2.316E+03
   3.100	 0.000E+00	 2.453E+03	 2.427E+03
   3.150	 0.000E+00	 2.447E+03	 2.492E+03
   3.200	 0.000E+00	 2.466E+03	 2.537E+03
   3.250	 0.000E+00	 2.486E+03	 2.517E+03
   3.300	 0.000E+00	 2.517E+03	 2.468E+03
   3.350	 0.000E+00	 2.531E+03	 2.390E+03
   3.400	 0.000E+00	 2.517E+03	 2.319E+03
   3.450	 0.000E+00	 2.463E+03	 2.245E+03
   3.500	 0.000E+00	 2.382E+03	 2.231E+03
   3.550	 0.000E+00	 2.239E+03	 2.212E+03
   3.600	 0.000E+00	 2.064E+03	 2.239E+03
   3.650	 0.000E+00	 1.857E+03	 2.264E+03
   3.700	 0.000E+00	 1.623E+03	 2.283E+03
   3.750	 0.000E+00	 1.384E+03	 2.261E+03
   3.800	 0.000E+00	 1.155E+03	 2.250E+03
   3.850	 0.000E+00	 9.437E+02	 2.222E+03
   3.900	 0.000E+00	 7.621E+02	 2.209E+03
   3.950	 0.000E+00	 6.232E+02	 2.214E+03
   4.000	 0.000E+00	 5.165E+02	 2.243E+03
   4.050	 0.000E+00	 4.427E+02	 2.284E+03
   4.100	 0.000E+00	 3.955E+02	 2.290E+03
   4.150	 0.000E+00	 3.622E+02	 2.271E+03
   4.200	 0.000E+00	 3.317E+02	 2.248E+03
   4.250	 0.000E+00	 2.938E+02	 2.209E+03
   4.300	 0.000E+00	 2.387E+02	 2.174E+03
   4.350	 0.000E+00	 1.605E+02	 2.169E+03
   4.400	 0.000E+00	 4.962E+01	 2.155E+03
   4.450	 0.000E+00	-9.494E+01	 2.145E+03
   4.500	 0.000E+00	-2.633E+02	 2.127E+03
   4.550	 0.000E+00	-4.719E+02	 2.088E+03
   4.600	 0.000E+00	-6.984E+02	 2.035E+03
   4.650	 0.000E+00	-9.252E+02	 1.983E+03
   4.700	 0.000E+00	-1.158E+03	 1.926E+03
   4.750	 0.000E+00	-1.377E+03	 1.876E+03
   4.800	 0.000E+00	-1.571E+03	 1.836E+03
   4.850	 0.000E+00	-1.731E+03	 1.837E+03
   4.900	 0.000E+00	-1.855E+03	 1.817E+03
   4.950	 0.000E+00	-1.933E+03	 1.832E+03
   5.000	 0.000E+00	-1.976E+03	 1.830E+03
   5.050	 0.000E+00	-1.989E+03	 1.830E+03
   5.100	 0.000E+00	-1.984E+03	 1.829E+03
   5.150	 0.000E+00	-1.975E+03	 1.803E+03
   5.200	 0.000E+00	-1.974E+03	 1.780E+03
   5.250	 0.000E+00	-2.000E+03	 1.754E+03
   5.300	 0.000E+00	-2.056E+03	 1.743E+03
   5.350	 0.000E+00	-2.146E+03	 1.746E+03
   5.400	 0.000E+00	-2.278E+03	 1.751E+03
   5.450	 0.000E+00	-2.439E+03	 1.768E+03
   5.500	 0.000E+00	-2.625E+03	 1.789E+03
   5.550	 0.000E+00	-2.827E+03	 1.795E+03
   5.600	 0.000E+00	-3.029E+03	 1.790E+03
   5.650	 0.000E+00	-3.214E+03	 1.787E+03
   5.700	 0.000E+00	-3.369E+03	 1.764E+03
   5.750	 0.000E+00	-3.489E+03	 1.721E+03
   5.800	 0.000E+00	-3.563E+03	 1.674E+03
   5.850	 0.000E+00	-3.597E+03	 1.611E+03
   5.900	 0.000E+00	-3.588E+03	 1.553E+03
   5.950	 0.000E+00	-3.541E+03	 1.503E+03
   6.000	 0.000E+00	-3.469E+03	 1.468E+03
   6.050	 0.000E+00	-3.382E+03	 1.451E+03
   6.100	 0.000E+00	-3.300E+03	 1.439E+03
   6.150	 0.000E+00	-3.229E+03	 1.444E+03
   6.200	 0.000E+00	-3.182E+03	 1.442E+03
   6.250	 0.000E+00	-3.171E+03	 1.436E+03
   6.300	 0.000E+00	-3.199E+03	 1.414E+03
   6.350	 0.000E+00	-3.259E+03	 1.392E+03
   6.400	 0.000E+00	-3.350E+03	 1.371E+03
   6.450	 0.000E+00	-3.457E+03	 1.359E+03
   6.500	 0.000E+00	-3.576E+03	 1.322E+03
   6.550	 0.000E+00	-3.687E+03	 1.322E+03
   6.600	 0.000E+00	-3.780E+03	 1.323E+03
   6.650	 0.000E+00	-3.834E+03	 1.349E+03
   6.700	 0.000E+00	-3.849E+03	 1.374E+03
   6.750	 0.000E+00	-3.818E+03	 1.392E+03
   6.800	 0.000E+00	-3.746E+03	 1.383E+03
   6.850	 0.000E+00	-3.634E+03	 1.358E+03
   6.900	 0.000E+00	-3.500E+03	 1.302E+03
   6.950	 0.000E+00	-3.342E+03	 1.252E+03
   7.000	 0.000E+00	-3.186E+03	 1.216E+03
   7.050	 0.000E+00	-3.032E+03	 1.197E+03
   7.100	 0.000E+00	-2.901E+03	 1.214E+03
   7.150	 0.000E+00	-2.791E+03	 1.271E+03
   7.200	 0.000E+00	-2.712E+03	 1.333E+03
   7.250	 0.000E+00	-2.665E+03	 1.388E+03
   7.300	 0.000E+00	-2.646E+03	 1.417E+03
   7.350	 0.000E+00	-2.645E+03	 1.412E+03
   7.400	 0.000E+00	-2.655E+03	 1.409E+03
   7.450	 0.000E+00	-2.664E+03	 1.368E+03
   7.500	 0.000E+00	-2.662E+03	 1.341E+03
   7.550	 0.000E+00	-2.646E+03	 1.349E+03
   7.600	 0.000E+00	-2.602E+03	 1.385E+03
   7.650	 0.000E+00	-2.518E+03	 1.441E+03
   7.700	 0.000E+00	-2.406E+03	 1.534E+03
   7.750	 0.000E+00	-2.263E+03	 1.622E+03
   7.800	 0.000E+00	-2.084E+03	 1.672E+03
   7.850	 0.000E+00	-1.892E+03	 1.684E+03
   7.900	 0.000E+00	-1.697E+03	 1.656E+03
   7.950	 0.000E+00	-1.486E+03	 1.611E+03
   8.000	 0.000E+00	-1.288E+03	 1.568E+03
   8.050	 0.000E+00	-1.114E+03	 1.543E+03
   8.100	 0.000E+00	-9.538E+02	 1.561E+03
   8.150	 0.000E+00	-8.153E+02	 1.601E+03
   8.200	 0.000E+00	-7.096E+02	 1.684E+03
   8.250	 0.000E+00	-6.293E+02	 1.760E+03
   8.300	 0.000E+00	-5.596E+02	 1.802E+03
   8.350	 0.000E+00	-5.101E+02	 1.808E+03
   8.400	 0.000E+00	-4.628E+02	 1.795E+03
   8.450	 0.000E+00	-4.106E+02	 1.706E+03
   8.500	 0.000E+00	-3.377E+02	 1.652E+03
   8.550	 0.000E+00	-2.501E+02	 1.611E+03
   8.600	 0.000E+00	-1.379E+02	 1.595E+03
   8.650	 0.000E+00	 1.246E+01	 1.628E+03
   8.700	 0.000E+00	 1.783E+02	 1.666E+03
   8.750	 0.000E+00	 3.680E+02	 1.698E+03
   8.800	 0.000E+00	 5.720E+02	 1.703E+03
   8.850	 0.000E+00	 7.819E+02	 1.665E+03
   8.900	 0.000E+00	 9.831E+02	 1.599E+03
   8.950	 0.000E+00	 1.179E+03	 1.541E+03
   9.000	 0.000E+00	 1.354E+03	 1.489E+03
   9.050	 0.000E+00	 1.497E+03	 1.472E+03
   9.100	 0.000E+00	 1.619E+03	 1.488E+03
   9.150	 0.000E+00	 1.707E+03	 1.530E+03
   9.200	 0.000E+00	 1.766E+03	 1.571E+03
   9.250	 0.000E+00	 1.809E+03	 1.614E+03
   9.300	 0.000E+00	 1.835E+03	 1.624E+03
   9.350	 0.000E+00	 1.861E+03	 1.606E+03
   9.400	 0.000E+00	 1.894E+03	 1.573E+03
   9.450	 0.000E+00	 1.947E+03	 1.537E+03
   9.500	 0.000E+00	 2.020E+03	 1.485E+03
   9.550	 0.000E+00	 2.123E+03	 1.461E+03
   9.600	 0.000E+00	 2.257E+03	 1.487E+03
   9.650	 0.000E+00	 2.416E+03	 1.537E+03
   9.700	 0.000E+00	 2.595E+03	 1.615E+03
   9.750	 0.000E+00	 2.779E+03	 1.687E+03
   9.800	 0.000E+00	 2.960E+03	 1.749E+03
   9.850	 0.000E+00	 3.126E+03	 1.787E+03
   9.900	 0.000E+00	 3.261E+03	 1.787E+03
   9.950	 0.000E+00	 3.360E+03	 1.744E+03
  10.000	 0.000E+00	 3.424E+03	 1.713E+03
  10.050	 0.000E+00	 3.456E+03	 1.704E+03
  10.100	 0.000E+00	 3.447E+03	 1.693E+03
  10.150	 0.000E+00	 3.418E+03	 1.746E+03
  10.200	 0.000E+00	 3.370E+03	 1.806E+03
  10.250	 0.000E+00	 3.315E+03	 1.876E+03
  10.300	 0.000E+00	 3.269E+03	 1.925E+03
  10.350	 0.000E+00	 3.240E+03	 1.953E+03
  10.400	 0.000E+00	 3.233E+03	 1.928E+03
  10.450	 0.000E+00	 3.254E+03	 1.880E+03
  10.500	 0.000E+00	 3.302E+03	 1.809E+03
  10.550	 0.000E+00	 3.381E+03	 1.769E+03
  10.600	 0.000E+00	 3.477E+03	 1.747E+03
  10.650	 0.000E+00	 3.585E+03	 1.764E+03
  10.700	 0.000E+00	 3.694E+03	 1.806E+03
  10.750	 0.000E+00	 3.789E+03	 1.862E+03
  10.800	 0.000E+00	 3.860E+03	 1.933E+03
  10.850	 0.000E+00	 3.899E+03	 2.000E+03
  10.900	 0.000E+00	 3.900E+03	 2.068E+03
  10.950	 0.000E+00	 3.858E+03	 2.104E+03
  11.000	 0.000E+00	 3.779E+03	 2.104E+03
  11.050	 0.000E+00	 3.668E+03	 2.078E+03
  11.100	 0.000E+00	 3.535E+03	 2.044E+03
  11.150	 0.000E+00	 3.388E+03	 1.999E+03
  11.200	 0.000E+00	 3.246E+03	 1.969E+03
  11.250	 0.000E+00	 3.116E+03	 1.954E+03
  11.300	 0.000E+00	 3.006E+03	 1.961E+03
  11.350	 0.000E+00	 2.928E+03	 1.981E+03
  11.400	 0.000E+00	 2.879E+03	 2.003E+03
  11.450	 0.000E+00	 2.854E+03	 2.013E+03
  11.500	 0.000E+00	 2.852E+03	 1.996E+03
  11.550	 0.000E+00	 2.868E+03	 1.976E+03
  11.600	 0.000E+00	 2.879E+03	 1.951E+03
  11.650	 0.000E+00	 2.891E+03	 1.936E+03
  11.700	 0.000E+00	 2.889E+03	 1.939E+03
  11.750	 0.000E+00	 2.856E+03	 1.943E+03
  11.800	 0.000E+00	 2.798E+03	 1.993E+03
  11.850	 0.000E+00	 2.703E+03	 2.021E+03
  11.900	 0.000E+00	 2.578E+03	 2.083E+03
  11.950	 0.000E+00	 2.423E+03	 2.120E+03
  12.000	 0.000E+00	 2.246E+03	 2.144E+03
  12.050	 0.000E+00	 2.056E+03	 2.147E+03
  12.100	 0.000E+00	 1.855E+03	 2.127E+03
  12.150	 0.000E+00	 1.666E+03	 2.113E+03
  12.200	 0.000E+00	 1.484E+03	 2.096E+03
  12.250	 0.000E+00	 1.327E+03	 2.097E+03
  12.300	 0.000E+00	 1.196E+03	 2.100E+03
  12.350	 0.000E+00	 1.088E+03	 2.092E+03
  12.400	 0.000E+00	 1.009E+03	 2.122E+03
  12.450	 0.000E+00	 9.569E+02	 2.156E+03
  12.500	 0.000E+00	 9.138E+02	 2.194E+03
  12.550	 0.000E+00	 8.789E+02	 2.250E+03
  12.600	 0.000E+00	 8.383E+02	 2.299E+03
  12.650	 0.000E+00	 7.843E+02	 2.349E+03
  12.700	 0.000E+00	 7.048E+02	 2.369E+03
  12.750	 0.000E+00	 5.924E+02	 2.382E+03
  12.800	 0.000E+00	 4.556E+02	 2.404E+03
  12.850	 0.000E+00	 2.883E+02	 2.415E+03
  12.900	 0.000E+00	 9.306E+01	 2.418E+03
  12.950	 0.000E+00	-1.186E+02	 2.423E+03
  13.000	 0.000E+00	-3.343E+02	 2.417E+03
  13.050	 0.000E+00	-5.508E+02	 2.389E+03
  13.100	 0.000E+00	-7.584E+02	 2.327E+03
  13.150	 0.000E+00	-9.373E+02	 2.265E+03
  13.200	 0.000E+00	-1.096E+03	 2.174E+03
  13.250	 0.000E+00	-1.225E+03	 2.087E+03
  13.300	 0.000E+00	-1.319E+03	 1.997E+03
  13.350	 0.000E+00	-1.385E+03	 1.936E+03
  13.400	 0.000E+00	-1.441E+03	 1.861E+03
  13.450	 0.000E+00	-1.475E+03	 1.834E+03
  13.500	 0.000E+00	-1.506E+03	 1.837E+03
  13.550	 0.000E+00	-1.549E+03	 1.840E+03
  13.600	 0.000E+00	-1.604E+03	 1.849E+03
  13.650	 0.000E+00	-1.682E+03	 1.855E+03
  13.700	 0.000E+00	-1.791E+03	 1.842E+03
  13.750	 0.000E+00	-1.925E+03	 1.825E+03
  13.800	 0.000E+00	-2.084E+03	 1.799E+03
  13.850	 0.000E+00	-2.262E+03	 1.792E+03
  13.900	 0.000E+00	-2.446E+03	 1.799E+03
  13.950	 0.000E+00	-2.628E+03	 1.810E+03
  14.000	 0.000E+00	-2.798E+03	 1.825E+03
  14.050	 0.000E+00	-2.945E+03	 1.837E+03
  14.100	 0.000E+00	-3.063E+03	 1.825E+03
  14.150	 0.000E+00	-3.145E+03	 1.799E+03
  14.200	 0.000E+00	-3.191E+03	 1.754E+03
  14.250	 0.000E+00	-3.203E+03	 1.716E+03
  14.300	 0.000E+00	-3.190E+03	 1.680E+03
  14.350	 0.000E+00	-3.160E+03	 1.641E+03
  14.400	 0.000E+00	-3.127E+03	 1.620E+03
  14.450	 0.000E+00	-3.098E+03	 1.601E+03
  14.500	 0.000E+00	-3.085E+03	 1.592E+03
  14.550	 0.000E+00	-3.092E+03	 1.587E+03
  14.600	 0.000E+00	-3.129E+03	 1.566E+03
  14.650	 0.000E+00	-3.191E+03	 1.552E+03
  14.700	 0.000E+00	-3.280E+03	 1.529E+03
  14.750	 0.000E+00	-3.387E+03	 1.499E+03
  14.800	 0.000E+00	-3.504E+03	 1.480E+03
  14.850	 0.000E+00	-3.620E+03	 1.463E+03
  14.900	 0.000E+00	-3.722E+03	 1.456E+03
  14.950	 0.000E+00	-3.801E+03	 1.456E+03
  15.000	 0.000E+00	-3.847E+03	 1.460E+03
  15.050	 0.000E+00	-3.864E+03	 1.453E+03
  15.100	 0.000E+00	-3.839E+03	 1.441E+03
  15.150	 0.000E+00	-3.779E+03	 1.404E+03
  15.200	 0.000E+00	-3.690E+03	 1.368E+03
  15.250	 0.000E+00	-3.576E+03	 1.333E+03
  15.300	 0.000E+00	-3.452E+03	 1.300E+03
  15.350	 0.000E+00	-3.327E+03	 1.296E+03
  15.400	 0.000E+00	-3.213E+03	 1.314E+03
  15.450	 0.000E+00	-3.116E+03	 1.357E+03
  15.500	 0.000E+00	-3.048E+03	 1.405E+03
  15.550	 0.000E+00	-3.003E+03	 1.440E+03
  15.600	 0.000E+00	-2.986E+03	 1.460E+03
  15.650	 0.000E+00	-2.994E+03	 1.463E+03
  15.700	 0.000E+00	-3.017E+03	 1.442E+03
  15.750	 0.000E+00	-3.041E+03	 1.419E+03
  15.800	 0.000E+00	-3.065E+03	 1.408E+03
  15.850	 0.000E+00	-3.073E+03	 1.402E+03
  15.900	 0.000E+00	-3.055E+03	 1.396E+03
  15.950	 0.000E+00	-3.015E+03	 1.405E+03
  16.000	 0.000E+00	-2.937E+03	 1.408E+03
  16.050	 0.000E+00	-2.829E+03	 1.404E+03
  16.100	 0.000E+00	-2.695E+03	 1.397E+03
  16.150	 0.000E+00	-2.534E+03	 1.360E+03
  16.200	 0.000E+00	-2.353E+03	 1.316E+03
  16.250	 0.000E+00	-2.170E+03	 1.272E+03
  16.300	 0.000E+00	-1.986E+03	 1.246E+03
  16.350	 0.000E+00	-1.807E+03	 1.247E+03
  16.400	 0.000E+00	-1.649E+03	 1.282E+03
  16.450	 0.000E+00	-1.513E+03	 1.330E+03
  16.500	 0.000E+00	-1.398E+03	 1.394E+03
  16.550	 0.000E+00	-1.308E+03	 1.467E+03
  16.600	 0.000E+00	-1.234E+03	 1.544E+03
  16.650	 0.000E+00	-1.178E+03	 1.614E+03
  16.700	 0.000E+00	-1.123E+03	 1.659E+03
  16.750	 0.000E+00	-1.066E+03	 1.688E+03
  16.800	 0.000E+00	-1.006E+03	 1.692E+03
  16.850	 0.000E+00	-9.249E+02	 1.682E+03
  16.900	 0.000E+00	-8.193E+02	 1.654E+03
  16.950	 0.000E+00	-6.915E+02	 1.630E+03
  17.000	 0.000E+00	-5.386E+02	 1.592E+03
  17.050	 0.000E+00	-3.627E+02	 1.554E+03
  17.100	 0.000E+00	-1.725E+02	 1.534E+03
  17.150	 0.000E+00	 2.595E+01	 1.512E+03
  17.200	 0.000E+00	 2.306E+02	 1.515E+03
  17.250	 0.000E+00	 4.241E+02	 1.533E+03
  17.300	 0.000E+00	 6.047E+02	 1.572E+03
  17.350	 0.000E+00	 7.639E+02	 1.642E+03
  17.400	 0.000E+00	 9.015E+02	 1.728E+03
  17.450	 0.000E+00	 1.014E+03	 1.819E+03
  17.500	 0.000E+00	 1.102E+03	 1.901E+03
  17.550	 0.000E+00	 1.169E+03	 1.963E+03
  17.600	 0.000E+00	 1.230E+03	 2.021E+03
  17.650	 0.000E+00	 1.290E+03	 2.058E+03
  17.700	 0.000E+00	 1.347E+03	 2.050E+03
  17.750	 0.000E+00	 1.420E+03	 2.036E+03
  17.800	 0.000E+00	 1.513E+03	 2.020E+03
  17.850	 0.000E+00	 1.625E+03	 2.004E+03
  17.900	 0.000E+00	 1.758E+03	 1.987E+03
  17.950	 0.000E+00	 1.910E+03	 1.942E+03
  18.000	 0.000E+00	 2.075E+03	 1.876E+03
  18.050	 0.000E+00	 2.244E+03	 1.805E+03
  18.100	 0.000E+00	 2.416E+03	 1.711E+03
  18.150	 0.000E+00	 2.571E+03	 1.609E+03
  18.200	 0.000E+00	 2.707E+03	 1.531E+03
  18.250	 0.000E+00	 2.825E+03	 1.485E+03
  18.300	 0.000E+00	 2.910E+03	 1.470E+03
  18.350	 0.000E+00	 2.966E+03	 1.488E+03
  18.400	 0.000E+00	 3.000E+03	 1.530E+03
  18.450	 0.000E+00	 3.012E+03	 1.576E+03
  18.500	 0.000E+00	 3.006E+03	 1.597E+03
  18.550	 0.000E+00	 3.000E+03	 1.619E+03
  18.600	 0.000E+00	 3.001E+03	 1.634E+03
  18.650	 0.000E+00	 3.013E+03	 1.653E+03
  18.700	 0.000E+00	 3.046E+03	 1.695E+03
  18.750	 0.000E+00	 3.107E+03	 1.800E+03
  18.800	 0.000E+00	 3.185E+03	 1.891E+03
  18.850	 0.000E+00	 3.289E+03	 2.022E+03
  18.900	 0.000E+00	 3.402E+03	 2.108E+03
  18.950	 0.000E+00	 3.526E+03	 2.185E+03
  19.000	 0.000E+00	 3.644E+03	 2.223E+03
  19.050	 0.000E+00	 3.747E+03	 2.208E+03
  19.100	 0.000E+00	 3.824E+03	 2.177E+03
  19.150	 0.000E+00	 3.875E+03	 2.134E+03
  19.200	 0.000E+00	 3.894E+03	 2.121E+03
  19.250	 0.000E+00	 3.878E+03	 2.118E+03
  19.300	 0.000E+00	 3.832E+03	 2.122E+03
  19.350	 0.000E+00	 3.758E+03	 2.133E+03
  19.400	 0.000E+00	 3.668E+03	 2.135E+03
  19.450	 0.000E+00	 3.566E+03	 2.103E+03
  19.500	 0.000E+00	 3.462E+03	 2.028E+03
  19.550	 0.000E+00	 3.369E+03	 1.943E+03
  19.600	 0.000E+00	 3.290E+03	 1.832E+03
  19.650	 0.000E+00	 3.235E+03	 1.733E+03
  19.700	 0.000E+00	 3.199E+03	 1.643E+03
  19.750	 0.000E+00	 3.184E+03	 1.583E+03
  19.800	 0.000E+00	 3.187E+03	 1.538E+03
  19.850	 0.000E+00	 3.200E+03	 1.543E+03
  19.900	 0.000E+00	 3.224E+03	 1.592E+03
  19.950	 0.000E+00	 3.237E+03	 1.647E+03
  20.000	 0.000E+00	 3.238E+03	 1.705E+03
  20.050	 0.000E+00	 3.226E+03	 1.799E+03
  20.100	 0.000E+00	 3.178E+03	 1.863E+03
  20.150	 0.000E+00	 3.111E+03	 1.947E+03
  20.200	 0.000E+00	 3.006E+03	 2.014E+03
  20.250	 0.000E+00	 2.883E+03	 2.089E+03
  20.300	 0.000E+00	 2.742E+03	 2.178E+03
  20.350	 0.000E+00	 2.588E+03	 2.284E+03
  20.400	 0.000E+00	 2.427E+03	 2.375E+03
  20.450	 0.000E+00	 2.279E+03	 2.479E+03
  20.500	 0.000E+00	 2.129E+03	 2.511E+03
  20.550	 0.000E+00	 2.004E+03	 2.531E+03
  20.600	 0.000E+00	 1.895E+03	 2.500E+03
  20.650	 0.000E+00	 1.802E+03	 2.417E+03
  20.700	 0.000E+00	 1.727E+03	 2.311E+03
  20.750	 0.000E+00	 1.661E+03	 2.182E+03
  20.800	 0.000E+00	 1.607E+03	 2.086E+03
  20.850	 0.000E+00	 1.548E+03	 1.985E+03
  20.900	 0.000E+00	 1.481E+03	 1.911E+03
  20.950	 0.000E+00	 1.405E+03	 1.881E+03
  21.000	 0.000E+00	 1.303E+03	 1.865E+03
  21.050	 0.000E+00	 1.188E+03	 1.893E+03
  21.100	 0.000E+00	 1.047E+03	 1.922E+03
  21.150	 0.000E+00	 8.859E+02	 1.949E+03
  21.200	 0.000E+00	 7.061E+02	 1.982E+03
  21.250	 0.000E+00	 5.140E+02	 2.002E+03
  21.300	 0.000E+00	 3.229E+02	 2.032E+03
  21.350	 0.000E+00	 1.326E+02	 2.076E+03
  21.400	 0.000E+00	-4.694E+01	 2.158E+03
  21.450	 0.000E+00	-2.079E+02	 2.234E+03
  21.500	 0.000E+00	-3.458E+02	 2.340E+03
  21.550	 0.000E+00	-4.627E+02	 2.465E+03
  21.600	 0.000E+00	-5.566E+02	 2.560E+03
  21.650	 0.000E+00	-6.301E+02	 2.641E+03
  21.700	 0.000E+00	-6.967E+02	 2.664E+03
  21.750	 0.000E+00	-7.586E+02	 2.631E+03
  21.800	 0.000E+00	-8.184E+02	 2.547E+03
  21.850	 0.000E+00	-8.961E+02	 2.417E+03
  21.900	 0.000E+00	-9.901E+02	 2.308E+03
  21.950	 0.000E+00	-1.098E+03	 2.212E+03
  22.000	 0.000E+00	-1.231E+03	 2.152E+03
  22.050	 0.000E+00	-1.387E+03	 2.152E+03
  22.100	 0.000E+00	-1.555E+03	 2.185E+03
  22.150	 0.000E+00	-1.730E+03	 2.210E+03
  22.200	 0.000E+00	-1.914E+03	 2.208E+03
  22.250	 0.000E+00	-2.094E+03	 2.179E+03
  22.300	 0.000E+00	-2.256E+03	 2.119E+03
  22.350	 0.000E+00	-2.403E+03	 2.041E+03
  22.400	 0.000E+00	-2.524E+03	 1.963E+03
  22.450	 0.000E+00	-2.613E+03	 1.919E+03
  22.500	 0.000E+00	-2.674E+03	 1.904E+03
  22.550	 0.000E+00	-2.714E+03	 1.918E+03
  22.600	 0.000E+00	-2.734E+03	 1.930E+03
  22.650	 0.000E+00	-2.741E+03	 1.937E+03
  22.700	 0.000E+00	-2.746E+03	 1.939E+03
  22.750	 0.000E+00	-2.758E+03	 1.905E+03
  22.800	 0.000E+00	-2.785E+03	 1.872E+03
  22.850	 0.000E+00	-2.829E+03	 1.842E+03
  22.900	 0.000E+00	-2.892E+03	 1.848E+03
  22.950	 0.000E+00	-2.978E+03	 1.865E+03
  23.000	 0.000E+00	-3.082E+03	 1.910E+03
  23.050	 0.000E+00	-3.199E+03	 1.971E+03
  23.100	 0.000E+00	-3.319E+03	 2.020E+03
  23.150	 0.000E+00	-3.435E+03	 2.036E+03
  23.200	 0.000E+00	-3.543E+03	 1.982E+03
  23.250	 0.000E+00	-3.631E+03	 1.889E+03
  23.300	 0.000E+00	-3.696E+03	 1.746E+03
  23.350	 0.000E+00	-3.731E+03	 1.613E+03
  23.400	 0.000E+00	-3.735E+03	 1.495E+03
  23.450	 0.000E+00	-3.710E+03	 1.425E+03
  23.500	 0.000E+00	-3.667E+03	 1.396E+03
  23.550	 0.000E+00	-3.608E+03	 1.402E+03
  23.600	 0.000E+00	-3.538E+03	 1.430E+03
  23.650	 0.000E+00	-3.470E+03	 1.440E+03
  23.700	 0.000E+00	-3.405E+03	 1.433E+03
  23.750	 0.000E+00	-3.355E+03	 1.393E+03
  23.800	 0.000E+00	-3.322E+03	 1.329E+03
  23.850	 0.000E+00	-3.303E+03	 1.288E+03
  23.900	 0.000E+00	-3.303E+03	 1.261E+03
  23.950	 0.000E+00	-3.312E+03	 1.295E+03
  24.000	 0.000E+00	-3.329E+03	 1.369E+03
  24.050	 0.000E+00	-3.343E+03	 1.473E+03
  24.100	 0.000E+00	-3.351E+03	 1.582E+03
  24.150	 0.000E+00	-3.348E+03	 1.654E+03
  24.200	 0.000E+00	-3.325E+03	 1.688E+03
  24.250	 0.000E+00	-3.286E+03	 1.665E+03
  24.300	 0.000E+00	-3.219E+03	 1.613E+03
  24.350	 0.000E+00	-3.127E+03	 1.544E+03
  24.400	 0.000E+00	-3.018E+03	 1.493E+03
  24.450	 0.000E+00	-2.892E+03	 1.453E+03
  24.500	 0.000E+00	-2.753E+03	 1.467E+03
  24.550	 0.000E+00	-2.616E+03	 1.486E+03
  24.600	 0.000E+00	-2.476E+03	 1.512E+03
  24.650	 0.000E+00	-2.353E+03	 1.522E+03
  24.700	 0.000E+00	-2.242E+03	 1.503E+03
  24.750	 0.000E+00	-2.145E+03	 1.454E+03
  24.800	 0.000E+00	-2.061E+03	 1.411E+03
  24.850	 0.000E+00	-1.992E+03	 1.396E+03
  24.900	 0.000E+00	-1.929E+03	 1.385E+03
  24.950	 0.000E+00	-1.870E+03	 1.415E+03
  25.000	 0.000E+00	-1.812E+03	 1.482E+03
  25.050	 0.000E+00	-1.734E+03	 1.547E+03
  25.100	 0.000E+00	-1.654E+03	 1.618E+03
  25.150	 0.000E+00	-1.553E+03	 1.668E+03
  25.200	 0.000E+00	-1.432E+03	 1.713E+03
  25.250	 0.000E+00	-1.296E+03	 1.720E+03
  25.300	 0.000E+00	-1.136E+03	 1.739E+03
  25.350	 0.000E+00	-9.678E+02	 1.732E+03
  25.400	 0.000E+00	-7.828E+02	 1.734E+03
  25.450	 0.000E+00	-5.965E+02	 1.724E+03
  25.500	 0.000E+00	-4.067E+02	 1.720E+03
  25.550	 0.000E+00	-2.273E+02	 1.711E+03
  25.600	 0.000E+00	-5.616E+01	 1.686E+03
  25.650	 0.000E+00	 9.266E+01	 1.645E+03
  25.700	 0.000E+00	 2.169E+02	 1.587E+03
  25.750	 0.000E+00	 3.252E+02	 1.533E+03
  25.800	 0.000E+00	 4.118E+02	 1.491E+03
  25.850	 0.000E+00	 4.880E+02	 1.485E+03
  25.900	 0.000E+00	 5.571E+02	 1.503E+03
  25.950	 0.000E+00	 6.223E+02	 1.553E+03
  26.000	 0.000E+00	 7.006E+02	 1.610E+03
  26.050	 0.000E+00	 7.875E+02	 1.668E+03
  26.100	 0.000E+00	 8.915E+02	 1.730E+03
  26.150	 0.000E+00	 1.021E+03	 1.790E+03
  26.200	 0.000E+00	 1.166E+03	 1.844E+03
  26.250	 0.000E+00	 1.327E+03	 1.880E+03
  26.300	 0.000E+00	 1.500E+03	 1.906E+03
  26.350	 0.000E+00	 1.684E+03	 1.948E+03
  26.400	 0.000E+00	 1.865E+03	 2.003E+03
  26.450	 0.000E+00	 2.037E+03	 2.055E+03
  26.500	 0.000E+00	 2.196E+03	 2.112E+03
  26.550	 0.000E+00	 2.335E+03	 2.153E+03
  26.600	 0.000E+00	 2.451E+03	 2.190E+03
  26.650	 0.000E+00	 2.544E+03	 2.212E+03
  26.700	 0.000E+00	 2.613E+03	 2.208E+03
  26.750	 0.000E+00	 2.665E+03	 2.201E+03
  26.800	 0.000E+00	 2.700E+03	 2.148E+03
  26.850	 0.000E+00	 2.724E+03	 2.064E+03
  26.900	 0.000E+00	 2.749E+03	 1.961E+03
  26.950	 0.000E+00	 2.780E+03	 1.861E+03
  27.000	 0.000E+00	 2.822E+03	 1.774E+03
  27.050	 0.000E+00	 2.876E+03	 1.677E+03
  27.100	 0.000E+00	 2.951E+03	 1.657E+03
  27.150	 0.000E+00	 3.041E+03	 1.615E+03
  27.200	 0.000E+00	 3.148E+03	 1.633E+03
  27.250	 0.000E+00	 3.256E+03	 1.619E+03
  27.300	 0.000E+00	 3.370E+03	 1.613E+03
  27.350	 0.000E+00	 3.477E+03	 1.615E+03
  27.400	 0.000E+00	 3.565E+03	 1.605E+03
  27.450	 0.000E+00	 3.635E+03	 1.615E+03
  27.500	 0.000E+00	 3.683E+03	 1.670E+03
  27.550	 0.000E+00	 3.704E+03	 1.748E+03
  27.600	 0.000E+00	 3.709E+03	 1.893E+03
  27.650	 0.000E+00	 3.686E+03	 2.016E+03
  27.700	 0.000E+00	 3.650E+03	 2.146E+03
  27.750	 0.000E+00	 3.609E+03	 2.269E+03
  27.800	 0.000E+00	 3.564E+03	 2.349E+03
  27.850	 0.000E+00	 3.523E+03	 2.374E+03
  27.900	 0.000E+00	 3.491E+03	 2.365E+03
  27.950	 0.000E+00	 3.466E+03	 2.314E+03
  28.000	 0.000E+00	 3.460E+03	 2.240E+03
  28.050	 0.000E+00	 3.461E+03	 2.138E+03
  28.100	 0.000E+00	 3.474E+03	 2.071E+03
  28.150	 0.000E+00	 3.492E+03	 2.020E+03
  28.200	 0.000E+00	 3.507E+03	 1.968E+03
  28.250	 0.000E+00	 3.514E+03	 1.934E+03
  28.300	 0.000E+00	 3.508E+03	 1.907E+03
  28.350	 0.000E+00	 3.492E+03	 1.874E+03
  28.400	 0.000E+00	 3.449E+03	 1.821E+03
  28.450	 0.000E+00	 3.385E+03	 1.769E+03
  28.500	 0.000E+00	 3.299E+03	 1.711E+03
  28.550	 0.000E+00	 3.198E+03	 1.668E+03
  28.600	 0.000E+00	 3.085E+03	 1.676E+03
  28.650	 0.000E+00	 2.960E+03	 1.687E+03
  28.700	 0.000E+00	 2.838E+03	 1.743E+03
  28.750	 0.000E+00	 2.713E+03	 1.814E+03
  28.800	 0.000E+00	 2.602E+03	 1.907E+03
  28.850	 0.000E+00	 2.501E+03	 1.994E+03
  28.900	 0.000E+00	 2.414E+03	 2.064E+03
  28.950	 0.000E+00	 2.339E+03	 2.119E+03
  29.000	 0.000E+00	 2.281E+03	 2.181E+03
  29.050	 0.000E+00	 2.228E+03	 2.200E+03
  29.100	 0.000E+00	 2.178E+03	 2.208E+03
  29.150	 0.000E+00	 2.126E+03	 2.207E+03
  29.200	 0.000E+00	 2.064E+03	 2.171E+03
  29.250	 0.000E+00	 1.980E+03	 2.116E+03
  29.300	 0.000E+00	 1.884E+03	 2.071E+03
  29.350	 0.000E+00	 1.764E+03	 1.997E+03
  29.400	 0.000E+00	 1.626E+03	 1.928E+03
  29.450	 0.000E+00	 1.466E+03	 1.876E+03
  29.500	 0.000E+00	 1.297E+03	 1.825E+03
  29.550	 0.000E+00	 1.117E+03	 1.800E+03
  29.600	 0.000E+00	 9.308E+02	 1.773E+03
  29.650	 0.000E+00	 7.492E+02	 1.744E+03
  29.700	 0.000E+00	 5.841E+02	 1.735E+03
  29.750	 0.000E+00	 4.224E+02	 1.705E+03
  29.800	 0.000E+00	 2.839E+02	 1.691E+03
  29.850	 0.000E+00	 1.644E+02	 1.697E+03
  29.900	 0.000E+00	 6.381E+01	 1.701E+03
  29.950	 0.000E+00	-2.340E+01	 1.731E+03
  30.000	 0.000E+00	-1.038E+02	 1.787E+03
  30.050	 0.000E+00	-1.731E+02	 1.845E+03
  30.100	 0.000E+00	-2.476E+02	 1.892E+03
  30.150	 0.000E+00	-3.323E+02	 1.955E+03
  30.200	 0.000E+00	-4.306E+02	 1.995E+03
  30.250	 0.000E+00	-5.408E+02	 2.033E+03
  30.300	 0.000E+00	-6.728E+02	 2.081E+03
  30.350	 0.000E+00	-8.237E+02	 2.103E+03
  30.400	 0.000E+00	-9.857E+02	 2.130E+03
  30.450	 0.000E+00	-1.160E+03	 2.170E+03
  30.500	 0.000E+00	-1.341E+03	 2.194E+03
  30.550	 0.000E+00	-1.513E+03	 2.245E+03
  30.600	 0.000E+00	-1.681E+03	 2.280E+03
  30.650	 0.000E+00	-1.831E+03	 2.316E+03
  30.700	 0.000E+00	-1.960E+03	 2.313E+03
  30.750	 0.000E+00	-2.071E+03	 2.298E+03
  30.800	 0.000E+00	-2.160E+03	 2.244E+03
  30.850	 0.000E+00	-2.229E+03	 2.171E+03
  30.900	 0.000E+00	-2.290E+03	 2.082E+03
  30.950	 0.000E+00	-2.338E+03	 2.011E+03
  31.000	 0.000E+00	-2.382E+03	 1.959E+03
  31.050	 0.000E+00	-2.432E+03	 1.936E+03
  31.100	 0.000E+00	-2.487E+03	 1.943E+03
  31.150	 0.000E+00	-2.549E+03	 1.978E+03
  31.200	 0.000E+00	-2.630E+03	 2.002E+03
  31.250	 0.000E+00	-2.728E+03	 1.994E+03
  31.300	 0.000E+00	-2.833E+03	 1.977E+03
  31.350	 0.000E+00	-2.944E+03	 1.952E+03
  31.400	 0.000E+00	-3.062E+03	 1.915E+03
  31.450	 0.000E+00	-3.173E+03	 1.881E+03
  31.500	 0.000E+00	-3.277E+03	 1.864E+03
  31.550	 0.000E+00	-3.364E+03	 1.858E+03
  31.600	 0.000E+00	-3.433E+03	 1.854E+03
  31.650	 0.000E+00	-3.478E+03	 1.856E+03
  31.700	 0.000E+00	-3.501E+03	 1.834E+03
  31.750	 0.000E+00	-3.508E+03	 1.797E+03
  31.800	 0.000E+00	-3.499E+03	 1.743E+03
  31.850	 0.000E+00	-3.481E+03	 1.667E+03
  31.900	 0.000E+00	-3.458E+03	 1.590E+03
  31.950	 0.000E+00	-3.438E+03	 1.527E+03
  32.000	 0.000E+00	-3.424E+03	 1.488E+03
  32.050	 0.000E+00	-3.419E+03	 1.461E+03
  32.100	 0.000E+00	-3.423E+03	 1.455E+03
  32.150	 0.000E+00	-3.441E+03	 1.466E+03
  32.200	 0.000E+00	-3.468E+03	 1.469E+03
  32.250	 0.000E+00	-3.501E+03	 1.458E+03
  32.300	 0.000E+00	-3.534E+03	 1.440E+03
  32.350	 0.000E+00	-3.562E+03	 1.407E+03
  32.400	 0.000E+00	-3.579E+03	 1.372E+03
  32.450	 0.000E+00	-3.581E+03	 1.336E+03
  32.500	 0.000E+00	-3.568E+03	 1.314E+03
  32.550	 0.000E+00	-3.530E+03	 1.314E+03
  32.600	 0.000E+00	-3.472E+03	 1.316E+03
  32.650	 0.000E+00	-3.396E+03	 1.335E+03
  32.700	 0.000E+00	-3.302E+03	 1.351E+03
  32.750	 0.000E+00	-3.194E+03	 1.358E+03
  32.800	 0.000E+00	-3.086E+03	 1.369E+03
  32.850	 0.000E+00	-2.972E+03	 1.371E+03
  32.900	 0.000E+00	-2.870E+03	 1.356E+03
  32.950	 0.000E+00	-2.767E+03	 1.338E+03
  33.000	 0.000E+00	-2.685E+03	 1.332E+03
  33.050	 0.000E+00	-2.607E+03	 1.331E+03
  33.100	 0.000E+00	-2.541E+03	 1.352E+03
  33.150	 0.000E+00	-2.494E+03	 1.367E+03
  33.200	 0.000E+00	-2.433E+03	 1.405E+03
  33.250	 0.000E+00	-2.390E+03	 1.434E+03
  33.300	 0.000E+00	-2.334E+03	 1.452E+03
  33.350	 0.000E+00	-2.266E+03	 1.466E+03
  33.400	 0.000E+00	-2.186E+03	 1.460E+03
  33.450	 0.000E+00	-2.093E+03	 1.446E+03
  33.500	 0.000E+00	-1.981E+03	 1.425E+03
  33.550	 0.000E+00	-1.854E+03	 1.388E+03
  33.600	 0.000E+00	-1.714E+03	 1.351E+03
  33.650	 0.000E+00	-1.558E+03	 1.329E+03
  33.700	 0.000E+00	-1.392E+03	 1.321E+03
  33.750	 0.000E+00	-1.229E+03	 1.326E+03
  33.800	 0.000E+00	-1.066E+03	 1.336E+03
  33.850	 0.000E+00	-9.052E+02	 1.332E+03
  33.900	 0.000E+00	-7.630E+02	 1.319E+03
  33.950	 0.000E+00	-6.312E+02	 1.288E+03
  34.000	 0.000E+00	-5.074E+02	 1.234E+03
  34.050	 0.000E+00	-4.009E+02	 1.193E+03
  34.100	 0.000E+00	-3.042E+02	 1.150E+03
  34.150	 0.000E+00	-2.092E+02	 1.114E+03
  34.200	 0.000E+00	-1.154E+02	 1.114E+03
  34.250	 0.000E+00	-2.402E+01	 1.130E+03
  34.300	 0.000E+00	 7.440E+01	 1.154E+03
  34.350	 0.000E+00	 1.829E+02	 1.212E+03
  34.400	 0.000E+00	 3.032E+02	 1.287E+03
  34.450	 0.000E+00	 4.382E+02	 1.368E+03
  34.500	 0.000E+00	 5.894E+02	 1.454E+03
  34.550	 0.000E+00	 7.503E+02	 1.533E+03
  34.600	 0.000E+00	 9.154E+02	 1.592E+03
  34.650	 0.000E+00	 1.087E+03	 1.658E+03
  34.700	 0.000E+00	 1.254E+03	 1.739E+03
  34.750	 0.000E+00	 1.423E+03	 1.831E+03
  34.800	 0.000E+00	 1.574E+03	 1.903E+03
  34.850	 0.000E+00	 1.710E+03	 1.989E+03
  34.900	 0.000E+00	 1.836E+03	 2.076E+03
  34.950	 0.000E+00	 1.943E+03	 2.155E+03
  35.000	 0.000E+00	 2.032E+03	 2.220E+03
  35.050	 0.000E+00	 2.113E+03	 2.266E+03
  35.100	 0.000E+00	 2.182E+03	 2.286E+03
  35.150	 0.000E+00	 2.250E+03	 2.289E+03
  35.200	 0.000E+00	 2.316E+03	 2.244E+03
  35.250	 0.000E+00	 2.382E+03	 2.177E+03
  35.300	 0.000E+00	 2.459E+03	 2.101E+03
  35.350	 0.000E+00	 2.546E+03	 2.032E+03
  35.400	 0.000E+00	 2.640E+03	 1.952E+03
  35.450	 0.000E+00	 2.736E+03	 1.856E+03
  35.500	 0.000E+00	 2.844E+03	 1.811E+03
  35.550	 0.000E+00	 2.950E+03	 1.749E+03
  35.600	 0.000E+00	 3.053E+03	 1.716E+03
  35.650	 0.000E+00	 3.155E+03	 1.733E+03
  35.700	 0.000E+00	 3.245E+03	 1.716E+03
  35.750	 0.000E+00	 3.324E+03	 1.756E+03
  35.800	 0.000E+00	 3.386E+03	 1.768E+03
  35.850	 0.000E+00	 3.437E+03	 1.804E+03
  35.900	 0.000E+00	 3.467E+03	 1.823E+03
  35.950	 0.000E+00	 3.486E+03	 1.847E+03
  36.000	 0.000E+00	 3.492E+03	 1.867E+03
  36.050	 0.000E+00	 3.494E+03	 1.894E+03
  36.100	 0.000E+00	 3.489E+03	 1.905E+03
  36.150	 0.000E+00	 3.491E+03	 1.928E+03
  36.200	 0.000E+00	 3.497E+03	 1.951E+03
  36.250	 0.000E+00	 3.503E+03	 1.955E+03
  36.300	 0.000E+00	 3.522E+03	 1.961E+03
  36.350	 0.000E+00	 3.543E+03	 1.953E+03
  36.400	 0.000E+00	 3.570E+03	 1.918E+03
  36.450	 0.000E+00	 3.599E+03	 1.884E+03
  36.500	 0.000E+00	 3.622E+03	 1.845E+03
  36.550	 0.000E+00	 3.643E+03	 1.818E+03
  36.600	 0.000E+00	 3.654E+03	 1.808E+03
  36.650	 0.000E+00	 3.649E+03	 1.801E+03
  36.700	 0.000E+00	 3.628E+03	 1.801E+03
  36.750	 0.000E+00	 3.595E+03	 1.805E+03
  36.800	 0.000E+00	 3.543E+03	 1.828E+03
  36.850	 0.000E+00	 3.479E+03	 1.857E+03
  36.900	 0.000E+00	 3.402E+03	 1.867E+03
  36.950	 0.000E+00	 3.321E+03	 1.884E+03
  37.000	 0.000E+00	 3.225E+03	 1.854E+03
  37.050	 0.000E+00	 3.140E+03	 1.832E+03
  37.100	 0.000E+00	 3.051E+03	 1.789E+03
  37.150	 0.000E+00	 2.966E+03	 1.767E+03
  37.200	 0.000E+00	 2.891E+03	 1.730E+03
  37.250	 0.000E+00	 2.824E+03	 1.729E+03
  37.300	 0.000E+00	 2.757E+03	 1.735E+03
  37.350	 0.000E+00	 2.701E+03	 1.753E+03
  37.400	 0.000E+00	 2.644E+03	 1.747E+03
  37.450	 0.000E+00	 2.583E+03	 1.751E+03
  37.500	 0.000E+00	 2.514E+03	 1.721E+03
  37.550	 0.000E+00	 2.445E+03	 1.708E+03
  37.600	 0.000E+00	 2.358E+03	 1.695E+03
  37.650	 0.000E+00	 2.260E+03	 1.684E+03
  37.700	 0.000E+00	 2.151E+03	 1.672E+03
  37.750	 0.000E+00	 2.027E+03	 1.666E+03
  37.800	 0.000E+00	 1.894E+03	 1.679E+03
  37.850	 0.000E+00	 1.749E+03	 1.663E+03
  37.900	 0.000E+00	 1.603E+03	 1.655E+03
  37.950	 0.000E+00	 1.451E+03	 1.645E+03
  38.000	 0.000E+00	 1.305E+03	 1.642E+03
  38.050	 0.000E+00	 1.165E+03	 1.623E+03
  38.100	 0.000E+00	 1.030E+03	 1.616E+03
  38.150	 0.000E+00	 9.057E+02	 1.617E+03
  38.200	 0.000E+00	 7.957E+02	 1.605E+03
  38.250	 0.000E+00	 6.916E+02	 1.614E+03
  38.300	 0.000E+00	 5.900E+02	 1.617E+03
  38.350	 0.000E+00	 4.954E+02	 1.627E+03
  38.400	 0.000E+00	 3.995E+02	 1.640E+03
  38.450	 0.000E+00	 2.990E+02	 1.653E+03
  38.500	 0.000E+00	 1.937E+02	 1.662E+03
  38.550	 0.000E+00	 8.276E+01	 1.681E+03
  38.600	 0.000E+00	-4.587E+01	 1.705E+03
  38.650	 0.000E+00	-1.841E+02	 1.715E+03
  38.700	 0.000E+00	-3.268E+02	 1.730E+03
  38.750	 0.000E+00	-4.795E+02	 1.768E+03
  38.800	 0.000E+00	-6.411E+02	 1.791E+03
  38.850	 0.000E+00	-7.957E+02	 1.809E+03
  38.900	 0.000E+00	-9.534E+02	 1.803E+03
  38.950	 0.000E+00	-1.108E+03	 1.785E+03
  39.000	 0.000E+00	-1.249E+03	 1.771E+03
  39.050	 0.000E+00	-1.384E+03	 1.736E+03
  39.100	 0.000E+00	-1.502E+03	 1.728E+03
  39.150	 0.000E+00	-1.611E+03	 1.713E+03
  39.200	 0.000E+00	-1.706E+03	 1.702E+03
  39.250	 0.000E+00	-1.795E+03	 1.699E+03
  39.300	 0.000E+00	-1.879E+03	 1.704E+03
  39.350	 0.000E+00	-1.960E+03	 1.699E+03
  39.400	 0.000E+00	-2.040E+03	 1.697E+03
  39.450	 0.000E+00	-2.127E+03	 1.679E+03
  39.500	 0.000E+00	-2.222E+03	 1.648E+03
  39.550	 0.000E+00	-2.326E+03	 1.619E+03
  39.600	 0.000E+00	-2.434E+03	 1.619E+03
  39.650	 0.000E+00	-2.547E+03	 1.617E+03
  39.700	 0.000E+00	-2.663E+03	 1.615E+03
  39.750	 0.000E+00	-2.780E+03	 1.628E+03
  39.800	 0.000E+00	-2.891E+03	 1.640E+03
  39.850	 0.000E+00	-2.994E+03	 1.641E+03
  39.900	 0.000E+00	-3.086E+03	 1.624E+03
  39.950	 0.000E+00	-3.163E+03	 1.612E+03
  40.000	 0.000E+00	-3.228E+03	 1.586E+03
  40.050	 0.000E+00	-3.277E+03	 1.566E+03
  40.100	 0.000E+00	-3.314E+03	 1.554E+03
  40.150	 0.000E+00	-3.341E+03	 1.527E+03
  40.200	 0.000E+00	-3.357E+03	 1.515E+03
  40.250	 0.000E+00	-3.371E+03	 1.492E+03
  40.300	 0.000E+00	-3.381E+03	 1.467E+03
  40.350	 0.000E+00	-3.394E+03	 1.429E+03
  40.400	 0.000E+00	-3.409E+03	 1.396E+03
  40.450	 0.000E+00	-3.434E+03	 1.362E+03
  40.500	 0.000E+00	-3.462E+03	 1.333E+03
  40.550	 0.000E+00	-3.499E+03	 1.319E+03
  40.600	 0.000E+00	-3.535E+03	 1.318E+03
  40.650	 0.000E+00	-3.577E+03	 1.313E+03
  40.700	 0.000E+00	-3.611E+03	 1.318E+03
  40.750	 0.000E+00	-3.640E+03	 1.308E+03
  40.800	 0.000E+00	-3.661E+03	 1.295E+03
  40.850	 0.000E+00	-3.664E+03	 1.278E+03
  40.900	 0.000E+00	-3.655E+03	 1.270E+03
  40.950	 0.000E+00	-3.624E+03	 1.274E+03
  41.000	 0.000E+00	-3.577E+03	 1.280E+03
  41.050	 0.000E+00	-3.519E+03	 1.307E+03
  41.100	 0.000E+00	-3.446E+03	 1.331E+03
  41.150	 0.000E+00	-3.366E+03	 1.343E+03
  41.200	 0.000E+00	-3.284E+03	 1.346E+03
  41.250	 0.000E+00	-3.206E+03	 1.336E+03
  41.300	 0.000E+00	-3.131E+03	 1.317E+03
  41.350	 0.000E+00	-3.059E+03	 1.302E+03
  41.400	 0.000E+00	-2.999E+03	 1.285E+03
  41.450	 0.000E+00	-2.944E+03	 1.282E+03
  41.500	 0.000E+00	-2.893E+03	 1.294E+03
  41.550	 0.000E+00	-2.850E+03	 1.322E+03
  41.600	 0.000E+00	-2.807E+03	 1.338E+03
  41.650	 0.000E+00	-2.756E+03	 1.374E+03
  41.700	 0.000E+00	-2.705E+03	 1.406E+03
  41.750	 0.000E+00	-2.641E+03	 1.431E+03
  41.800	 0.000E+00	-2.560E+03	 1.439E+03
  41.850	 0.000E+00	-2.467E+03	 1.458E+03
  41.900	 0.000E+00	-2.364E+03	 1.489E+03
  41.950	 0.000E+00	-2.230E+03	 1.514E+03
  42.000	 0.000E+00	-2.098E+03	 1.555E+03
  42.050	 0.000E+00	-1.952E+03	 1.597E+03
  42.100	 0.000E+00	-1.798E+03	 1.616E+03
  42.150	 0.000E+00	-1.643E+03	 1.636E+03
  42.200	 0.000E+00	-1.502E+03	 1.649E+03
  42.250	 0.000E+00	-1.358E+03	 1.645E+03
  42.300	 0.000E+00	-1.229E+03	 1.611E+03
  42.350	 0.000E+00	-1.119E+03	 1.567E+03
  42.400	 0.000E+00	-1.015E+03	 1.538E+03
  42.450	 0.000E+00	-9.161E+02	 1.507E+03
  42.500	 0.000E+00	-8.300E+02	 1.482E+03
  42.550	 0.000E+00	-7.433E+02	 1.460E+03
  42.600	 0.000E+00	-6.498E+02	 1.444E+03
  42.650	 0.000E+00	-5.540E+02	 1.415E+03
  42.700	 0.000E+00	-4.483E+02	 1.382E+03
  42.750	 0.000E+00	-3.259E+02	 1.346E+03
  42.800	 0.000E+00	-1.890E+02	 1.304E+03
  42.850	 0.000E+00	-4.473E+01	 1.279E+03
  42.900	 0.000E+00	 1.157E+02	 1.281E+03
  42.950	 0.000E+00	 2.835E+02	 1.316E+03
  43.000	 0.000E+00	 4.541E+02	 1.384E+03
  43.050	 0.000E+00	 6.196E+02	 1.466E+03
  43.100	 0.000E+00	 7.912E+02	 1.575E+03
  43.150	 0.000E+00	 9.490E+02	 1.657E+03
  43.200	 0.000E+00	 1.087E+03	 1.708E+03
  43.250	 0.000E+00	 1.221E+03	 1.729E+03
  43.300	 0.000E+00	 1.336E+03	 1.734E+03
  43.350	 0.000E+00	 1.437E+03	 1.739E+03
  43.400	 0.000E+00	 1.533E+03	 1.775E+03
  43.450	 0.000E+00	 1.622E+03	 1.835E+03
  43.500	 0.000E+00	 1.710E+03	 1.969E+03
  43.550	 0.000E+00	 1.798E+03	 2.101E+03
  43.600	 0.000E+00	 1.889E+03	 2.237E+03
  43.650	 0.000E+00	 1.988E+03	 2.348E+03
  43.700	 0.000E+00	 2.095E+03	 2.408E+03
  43.750	 0.000E+00	 2.206E+03	 2.381E+03
  43.800	 0.000E+00	 2.323E+03	 2.309E+03
  43.850	 0.000E+00	 2.444E+03	 2.196E+03
  43.900	 0.000E+00	 2.566E+03	 2.102E+03
  43.950	 0.000E+00	 2.685E+03	 2.031E+03
  44.000	 0.000E+00	 2.794E+03	 1.984E+03
  44.050	 0.000E+00	 2.896E+03	 1.982E+03
  44.100	 0.000E+00	 2.984E+03	 1.979E+03
  44.150	 0.000E+00	 3.057E+03	 1.984E+03
  44.200	 0.000E+00	 3.111E+03	 1.958E+03
  44.250	 0.000E+00	 3.153E+03	 1.925E+03
  44.300	 0.000E+00	 3.184E+03	 1.880E+03
  44.350	 0.000E+00	 3.208E+03	 1.821E+03
  44.400	 0.000E+00	 3.228E+03	 1.768E+03
  44.450	 0.000E+00	 3.251E+03	 1.744E+03
  44.500	 0.000E+00	 3.275E+03	 1.731E+03
  44.550	 0.000E+00	 3.306E+03	 1.750E+03
  44.600	 0.000E+00	 3.345E+03	 1.777E+03
  44.650	 0.000E+00	 3.393E+03	 1.804E+03
  44.700	 0.000E+00	 3.443E+03	 1.808E+03
  44.750	 0.000E+00	 3.497E+03	 1.793E+03
  44.800	 0.000E+00	 3.553E+03	 1.788E+03
  44.850	 0.000E+00	 3.601E+03	 1.755E+03
  44.900	 0.000E+00	 3.641E+03	 1.721E+03
  44.950	 0.000E+00	 3.672E+03	 1.708E+03
  45.000	 0.000E+00	 3.690E+03	 1.727E+03
  45.050	 0.000E+00	 3.693E+03	 1.761E+03
  45.100	 0.000E+00	 3.679E+03	 1.785E+03
  45.150	 0.000E+00	 3.651E+03	 1.819E+03
  45.200	 0.000E+00	 3.607E+03	 1.846E+03
  45.250	 0.000E+00	 3.557E+03	 1.857E+03
  45.300	 0.000E+00	 3.501E+03	 1.851E+03
  45.350	 0.000E+00	 3.437E+03	 1.835E+03
  45.400	 0.000E+00	 3.380E+03	 1.819E+03
  45.450	 0.000E+00	 3.324E+03	 1.794E+03
  45.500	 0.000E+00	 3.274E+03	 1.768E+03
  45.550	 0.000E+00	 3.232E+03	 1.728E+03
  45.600	 0.000E+00	 3.197E+03	 1.680E+03
  45.650	 0.000E+00	 3.160E+03	 1.622E+03
  45.700	 0.000E+00	 3.125E+03	 1.545E+03
  45.750	 0.000E+00	 3.093E+03	 1.472E+03
  45.800	 0.000E+00	 3.041E+03	 1.405E+03
  45.850	 0.000E+00	 2.987E+03	 1.366E+03
  45.900	 0.000E+00	 2.922E+03	 1.361E+03
  45.950	 0.000E+00	 2.841E+03	 1.415E+03
  46.000	 0.000E+00	 2.745E+03	 1.456E+03
  46.050	 0.000E+00	 2.641E+03	 1.514E+03
  46.100	 0.000E+00	 2.519E+03	 1.526E+03
  46.150	 0.000E+00	 2.391E+03	 1.531E+03
  46.200	 0.000E+00	 2.261E+03	 1.492E+03
  46.250	 0.000E+00	 2.127E+03	 1.447E+03
  46.300	 0.000E+00	 1.997E+03	 1.440E+03
  46.350	 0.000E+00	 1.869E+03	 1.420E+03
  46.400	 0.000E+00	 1.757E+03	 1.464E+03
  46.450	 0.000E+00	 1.646E+03	 1.508E+03
  46.500	 0.000E+00	 1.546E+03	 1.557E+03
  46.550	 0.000E+00	 1.452E+03	 1.584E+03
  46.600	 0.000E+00	 1.362E+03	 1.602E+03
  46.650	 0.000E+00	 1.272E+03	 1.595E+03
  46.700	 0.000E+00	 1.182E+03	 1.541E+03
  46.750	 0.000E+00	 1.088E+03	 1.503E+03
  46.800	 0.000E+00	 9.808E+02	 1.457E+03
  46.850	 0.000E+00	 8.662E+02	 1.431E+03
  46.900	 0.000E+00	 7.425E+02	 1.432E+03
  46.950	 0.000E+00	 6.039E+02	 1.440E+03
  47.000	 0.000E+00	 4.563E+02	 1.474E+03
  47.050	 0.000E+00	 3.015E+02	 1.505E+03
  47.100	 0.000E+00	 1.405E+02	 1.526E+03
  47.150	 0.000E+00	-2.115E+01	 1.540E+03
  47.200	 0.000E+00	-1.750E+02	 1.544E+03
  47.250	 0.000E+00	-3.263E+02	 1.531E+03
  47.300	 0.000E+00	-4.706E+02	 1.508E+03
  47.350	 0.000E+00	-5.982E+02	 1.502E+03
  47.400	 0.000E+00	-7.132E+02	 1.501E+03
  47.450	 0.000E+00	-8.238E+02	 1.503E+03
  47.500	 0.000E+00	-9.209E+02	 1.502E+03
  47.550	 0.000E+00	-1.013E+03	 1.512E+03
  47.600	 0.000E+00	-1.106E+03	 1.497E+03
  47.650	 0.000E+00	-1.204E+03	 1.482E+03
  47.700	 0.000E+00	-1.303E+03	 1.460E+03
  47.750	 0.000E+00	-1.412E+03	 1.445E+03
  47.800	 0.000E+00	-1.530E+03	 1.444E+03
  47.850	 0.000E+00	-1.655E+03	 1.445E+03
  47.900	 0.000E+00	-1.788E+03	 1.467E+03
  47.950	 0.000E+00	-1.926E+03	 1.499E+03
  48.000	 0.000E+00	-2.062E+03	 1.511E+03
  48.050	 0.000E+00	-2.199E+03	 1.515E+03
  48.100	 0.000E+00	-2.335E+03	 1.499E+03
  48.150	 0.000E+00	-2.455E+03	 1.500E+03
  48.200	 0.000E+00	-2.565E+03	 1.488E+03
  48.250	 0.000E+00	-2.662E+03	 1.496E+03
  48.300	 0.000E+00	-2.745E+03	 1.516E+03
  48.350	 0.000E+00	-2.810E+03	 1.557E+03
  48.400	 0.000E+00	-2.866E+03	 1.593E+03
  48.450	 0.000E+00	-2.910E+03	 1.650E+03
  48.500	 0.000E+00	-2.950E+03	 1.676E+03
  48.550	 0.000E+00	-2.988E+03	 1.695E+03
  48.600	 0.000E+00	-3.026E+03	 1.704E+03
  48.650	 0.000E+00	-3.070E+03	 1.693E+03
  48.700	 0.000E+00	-3.121E+03	 1.669E+03
  48.750	 0.000E+00	-3.178E+03	 1.653E+03
  48.800	 0.000E+00	-3.241E+03	 1.647E+03
  48.850	 0.000E+00	-3.310E+03	 1.636E+03
  48.900	 0.000E+00	-3.384E+03	 1.611E+03
  48.950	 0.000E+00	-3.454E+03	 1.586E+03
  49.000	 0.000E+00	-3.520E+03	 1.534E+03
  49.050	 0.000E+00	-3.579E+03	 1.457E+03
  49.100	 0.000E+00	-3.628E+03	 1.372E+03
  49.150	 0.000E+00	-3.662E+03	 1.295E+03
  49.200	 0.000E+00	-3.682E+03	 1.224E+03
  49.250	 0.000E+00	-3.686E+03	 1.176E+03
  49.300	 0.000E+00	-3.677E+03	 1.147E+03
  49.350	 0.000E+00	-3.655E+03	 1.139E+03
  49.400	 0.000E+00	-3.621E+03	 1.140E+03
  49.450	 0.000E+00	-3.582E+03	 1.143E+03
  49.500	 0.000E+00	-3.541E+03	 1.141E+03
  49.550	 0.000E+00	-3.495E+03	 1.137E+03
  49.600	 0.000E+00	-3.453E+03	 1.130E+03
  49.650	 0.000E+00	-3.413E+03	 1.126E+03
  49.700	 0.000E+00	-3.378E+03	 1.134E+03
  49.750	 0.000E+00	-3.346E+03	 1.153E+03
  49.800	 0.000E+00	-3.317E+03	 1.187E+03
  49.850	 0.000E+00	-3.287E+03	 1.232E+03
  49.900	 0.000E+00	-3.257E+03	 1.266E+03
  49.950	 0.000E+00	-3.220E+03	 1.302E+03
  50.000	 0.000E+00	-3.183E+03	 1.320E+03
  50.050	 0.000E+00	-3.127E+03	 1.329E+03
  50.100	 0.000E+00	-3.071E+03	 1.342E+03
  50.150	 0.000E+00	-2.997E+03	 1.345E+03
  50.200	 0.000E+00	-2.916E+03	 1.352E+03
  50.250	 0.000E+00	-2.823E+03	 1.372E+03
  50.300	 0.000E+00	-2.722E+03	 1.397E+03
  50.350	 0.000E+00	-2.613E+03	 1.432E+03
  50.400	 0.000E+00	-2.505E+03	 1.479E+03
  50.450	 0.000E+00	-2.390E+03	 1.528E+03
  50.500	 0.000E+00	-2.279E+03	 1.581E+03
  50.550	 0.000E+00	-2.171E+03	 1.630E+03
  50.600	 0.000E+00	-2.058E+03	 1.681E+03
  50.650	 0.000E+00	-1.951E+03	 1.725E+03
  50.700	 0.000E+00	-1.852E+03	 1.761E+03
  50.750	 0.000E+00	-1.746E+03	 1.787E+03
  50.800	 0.000E+00	-1.646E+03	 1.791E+03
  50.850	 0.000E+00	-1.545E+03	 1.778E+03
  50.900	 0.000E+00	-1.443E+03	 1.745E+03
  50.950	 0.000E+00	-1.338E+03	 1.696E+03
  51.000	 0.000E+00	-1.230E+03	 1.633E+03
  51.050	 0.000E+00	-1.115E+03	 1.589E+03
  51.100	 0.000E+00	-9.973E+02	 1.521E+03
  51.150	 0.000E+00	-8.677E+02	 1.494E+03
  51.200	 0.000E+00	-7.361E+02	 1.474E+03
  51.250	 0.000E+00	-5.976E+02	 1.468E+03
  51.300	 0.000E+00	-4.502E+02	 1.490E+03
  51.350	 0.000E+00	-3.037E+02	 1.487E+03
  51.400	 0.000E+00	-1.621E+02	 1.477E+03
  51.450	 0.000E+00	-1.803E+01	 1.458E+03
  51.500	 0.000E+00	 1.221E+02	 1.437E+03
  51.550	 0.000E+00	 2.544E+02	 1.415E+03
  51.600	 0.000E+00	 3.809E+02	 1.384E+03
  51.650	 0.000E+00	 5.059E+02	 1.400E+03
  51.700	 0.000E+00	 6.265E+02	 1.425E+03
  51.750	 0.000E+00	 7.461E+02	 1.494E+03
  51.800	 0.000E+00	 8.615E+02	 1.539E+03
  51.850	 0.000E+00	 9.782E+02	 1.599E+03
  51.900	 0.000E+00	 1.093E+03	 1.627E+03
  51.950	 0.000E+00	 1.213E+03	 1.629E+03
  52.000	 0.000E+00	 1.337E+03	 1.621E+03
  52.050	 0.000E+00	 1.463E+03	 1.601E+03
  52.100	 0.000E+00	 1.591E+03	 1.580E+03
  52.150	 0.000E+00	 1.720E+03	 1.558E+03
  52.200	 0.000E+00	 1.848E+03	 1.532E+03
  52.250	 0.000E+00	 1.973E+03	 1.524E+03
  52.300	 0.000E+00	 2.095E+03	 1.520E+03
  52.350	 0.000E+00	 2.213E+03	 1.533E+03
  52.400	 0.000E+00	 2.321E+03	 1.529E+03
  52.450	 0.000E+00	 2.419E+03	 1.538E+03
  52.500	 0.000E+00	 2.511E+03	 1.534E+03
  52.550	 0.000E+00	 2.594E+03	 1.544E+03
  52.600	 0.000E+00	 2.663E+03	 1.535E+03
  52.650	 0.000E+00	 2.734E+03	 1.569E+03
  52.700	 0.000E+00	 2.800E+03	 1.596E+03
  52.750	 0.000E+00	 2.857E+03	 1.614E+03
  52.800	 0.000E+00	 2.919E+03	 1.660E+03
  52.850	 0.000E+00	 2.986E+03	 1.702E+03
  52.900	 0.000E+00	 3.051E+03	 1.736E+03
  52.950	 0.000E+00	 3.115E+03	 1.736E+03
  53.000	 0.000E+00	 3.189E+03	 1.765E+03
  53.050	 0.000E+00	 3.262E+03	 1.774E+03
  53.100	 0.000E+00	 3.325E+03	 1.738E+03
  53.150	 0.000E+00	 3.389E+03	 1.728E+03
  53.200	 0.000E+00	 3.448E+03	 1.708E+03
  53.250	 0.000E+00	 3.498E+03	 1.687E+03
  53.300	 0.000E+00	 3.533E+03	 1.659E+03
  53.350	 0.000E+00	 3.567E+03	 1.696E+03
  53.400	 0.000E+00	 3.583E+03	 1.703E+03
  53.450	 0.000E+00	 3.591E+03	 1.732E+03
  53.500	 0.000E+00	 3.589E+03	 1.770E+03
  53.550	 0.000E+00	 3.579E+03	 1.807E+03
  53.600	 0.000E+00	 3.565E+03	 1.823E+03
  53.650	 0.000E+00	 3.549E+03	 1.849E+03
  53.700	 0.000E+00	 3.531E+03	 1.873E+03
  53.750	 0.000E+00	 3.516E+03	 1.901E+03
  53.800	 0.000E+00	 3.502E+03	 1.921E+03
  53.850	 0.000E+00	 3.490E+03	 1.960E+03
  53.900	 0.000E+00	 3.482E+03	 1.969E+03
  53.950	 0.000E+00	 3.474E+03	 1.976E+03
  54.000	 0.000E+00	 3.465E+03	 1.984E+03
  54.050	 0.000E+00	 3.452E+03	 2.002E+03
  54.100	 0.000E+00	 3.431E+03	 1.989E+03
  54.150	 0.000E+00	 3.405E+03	 1.987E+03
  54.200	 0.000E+00	 3.362E+03	 1.959E+03
  54.250	 0.000E+00	 3.311E+03	 1.901E+03
  54.300	 0.000E+00	 3.247E+03	 1.825E+03
  54.350	 0.000E+00	 3.170E+03	 1.752E+03
  54.400	 0.000E+00	 3.085E+03	 1.676E+03
  54.450	 0.000E+00	 2.993E+03	 1.606E+03
  54.500	 0.000E+00	 2.889E+03	 1.555E+03
  54.550	 0.000E+00	 2.788E+03	 1.510E+03
  54.600	 0.000E+00	 2.687E+03	 1.468E+03
  54.650	 0.000E+00	 2.582E+03	 1.421E+03
  54.700	 0.000E+00	 2.484E+03	 1.382E+03
  54.750	 0.000E+00	 2.392E+03	 1.361E+03
  54.800	 0.000E+00	 2.298E+03	 1.350E+03
  54.850	 0.000E+00	 2.216E+03	 1.364E+03
  54.900	 0.000E+00	 2.133E+03	 1.382E+03
  54.950	 0.000E+00	 2.050E+03	 1.399E+03
  55.000	 0.000E+00	 1.969E+03	 1.437E+03
  55.050	 0.000E+00	 1.878E+03	 1.439E+03
  55.100	 0.000E+00	 1.785E+03	 1.472E+03
  55.150	 0.000E+00	 1.682E+03	 1.507E+03
  55.200	 0.000E+00	 1.572E+03	 1.539E+03
  55.250	 0.000E+00	 1.453E+03	 1.580E+03
  55.300	 0.000E+00	 1.325E+03	 1.616E+03
  55.350	 0.000E+00	 1.193E+03	 1.633E+03
  55.400	 0.000E+00	 1.054E+03	 1.648E+03
  55.450	 0.000E+00	 9.119E+02	 1.645E+03
  55.500	 0.000E+00	 7.691E+02	 1.631E+03
  55.550	 0.000E+00	 6.278E+02	 1.610E+03
  55.600	 0.000E+00	 4.904E+02	 1.591E+03
  55.650	 0.000E+00	 3.535E+02	 1.569E+03
  55.700	 0.000E+00	 2.224E+02	 1.543E+03
  55.750	 0.000E+00	 1.005E+02	 1.537E+03
  55.800	 0.000E+00	-1.992E+01	 1.524E+03
  55.850	 0.000E+00	-1.380E+02	 1.508E+03
  55.900	 0.000E+00	-2.521E+02	 1.491E+03
  55.950	 0.000E+00	-3.619E+02	 1.451E+03
  56.000	 0.000E+00	-4.773E+02	 1.412E+03
  56.050	 0.000E+00	-5.950E+02	 1.377E+03
  56.100	 0.000E+00	-7.124E+02	 1.354E+03
  56.150	 0.000E+00	-8.343E+02	 1.328E+03
  56.200	 0.000E+00	-9.669E+02	 1.330E+03
  56.250	 0.000E+00	-1.095E+03	 1.340E+03
  56.300	 0.000E+00	-1.229E+03	 1.342E+03
  56.350	 0.000E+00	-1.369E+03	 1.351E+03
  56.400	 0.000E+00	-1.503E+03	 1.367E+03
  56.450	 0.000E+00	-1.634E+03	 1.385E+03
  56.500	 0.000E+00	-1.764E+03	 1.395E+03
  56.550	 0.000E+00	-1.887E+03	 1.422E+03
  56.600	 0.000E+00	-2.000E+03	 1.443E+03
  56.650	 0.000E+00	-2.107E+03	 1.461E+03
  56.700	 0.000E+00	-2.209E+03	 1.480E+03
  56.750	 0.000E+00	-2.301E+03	 1.503E+03
  56.800	 0.000E+00	-2.385E+03	 1.518E+03
  56.850	 0.000E+00	-2.470E+03	 1.529E+03
  56.900	 0.000E+00	-2.547E+03	 1.538E+03
  56.950	 0.000E+00	-2.622E+03	 1.538E+03
  57.000	 0.000E+00	-2.698E+03	 1.531E+03
  57.050	 0.000E+00	-2.774E+03	 1.525E+03
  57.100	 0.000E+00	-2.848E+03	 1.518E+03
  57.150	 0.000E+00	-2.928E+03	 1.513E+03
  57.200	 0.000E+00	-3.007E+03	 1.524E+03
  57.250	 0.000E+00	-3.083E+03	 1.558E+03
  57.300	 0.000E+00	-3.160E+03	 1.586E+03
  57.350	 0.000E+00	-3.234E+03	 1.608E+03
  57.400	 0.000E+00	-3.298E+03	 1.639E+03
  57.450	 0.000E+00	-3.357E+03	 1.663E+03
  57.500	 0.000E+00	-3.404E+03	 1.670E+03
  57.550	 0.000E+00	-3.442E+03	 1.676E+03
  57.600	 0.000E+00	-3.468E+03	 1.682E+03
  57.650	 0.000E+00	-3.485E+03	 1.693E+03
  57.700	 0.000E+00	-3.498E+03	 1.689E+03
  57.750	 0.000E+00	-3.504E+03	 1.668E+03
  57.800	 0.000E+00	-3.509E+03	 1.641E+03
  57.850	 0.000E+00	-3.514E+03	 1.597E+03
  57.900	 0.000E+00	-3.519E+03	 1.541E+03
  57.950	 0.000E+00	-3.527E+03	 1.489E+03
  58.000	 0.000E+00	-3.534E+03	 1.441E+03
  58.050	 0.000E+00	-3.542E+03	 1.401E+03
  58.100	 0.000E+00	-3.549E+03	 1.362E+03
  58.150	 0.000E+00	-3.553E+03	 1.332E+03
  58.200	 0.000E+00	-3.552E+03	 1.307E+03
  58.250	 0.000E+00	-3.549E+03	 1.271E+03
  58.300	 0.000E+00	-3.536E+03	 1.244E+03
  58.350	 0.000E+00	-3.518E+03	 1.210E+03
  58.400	 0.000E+00	-3.485E+03	 1.169E+03
  58.450	 0.000E+00	-3.442E+03	 1.138E+03
  58.500	 0.000E+00	-3.388E+03	 1.129E+03
  58.550	 0.000E+00	-3.321E+03	 1.116E+03
  58.600	 0.000E+00	-3.246E+03	 1.139E+03
  58.650	 0.000E+00	-3.167E+03	 1.176E+03
  58.700	 0.000E+00	-3.080E+03	 1.193E+03
  58.750	 0.000E+00	-2.991E+03	 1.215E+03
  58.800	 0.000E+00	-2.906E+03	 1.221E+03
  58.850	 0.000E+00	-2.822E+03	 1.222E+03
  58.900	 0.000E+00	-2.736E+03	 1.197E+03
  58.950	 0.000E+00	-2.668E+03	 1.180E+03
  59.000	 0.000E+00	-2.592E+03	 1.168E+03
  59.050	 0.000E+00	-2.517E+03	 1.178E+03
  59.100	 0.000E+00	-2.450E+03	 1.204E+03
  59.150	 0.000E+00	-2.373E+03	 1.239E+03
  59.200	 0.000E+00	-2.289E+03	 1.291E+03
  59.250	 0.000E+00	-2.201E+03	 1.345E+03
  59.300	 0.000E+00	-2.107E+03	 1.374E+03
  59.350	 0.000E+00	-1.998E+03	 1.394E+03
  59.400	 0.000E+00	-1.883E+03	 1.407E+03
  59.450	 0.000E+00	-1.762E+03	 1.418E+03
  59.500	 0.000E+00	-1.629E+03	 1.434E+03
  59.550	 0.000E+00	-1.490E+03	 1.472E+03
  59.600	 0.000E+00	-1.352E+03	 1.540E+03
  59.650	 0.000E+00	-1.209E+03	 1.612E+03
  59.700	 0.000E+00	-1.071E+03	 1.677E+03
  59.750	 0.000E+00	-9.374E+02	 1.722E+03
  59.800	 0.000E+00	-8.067E+02	 1.736E+03
  59.850	 0.000E+00	-6.806E+02	 1.697E+03
  59.900	 0.000E+00	-5.681E+02	 1.619E+03
  59.950	 0.000E+00	-4.507E+02	 1.526E+03
  60.000	 0.000E+00	-3.414E+02	 1.450E+03
  60.050	 0.000E+00	-2.324E+02	 1.395E+03
  60.100	 0.000E+00	-1.181E+02	 1.379E+03
  60.150	 0.000E+00	-2.361E+00	 1.408E+03
  60.200	 0.000E+00	 1.165E+02	 1.442E+03
  60.250	 0.000E+00	 2.422E+02	 1.475E+03
  60.300	 0.000E+00	 3.713E+02	 1.509E+03
  60.350	 0.000E+00	 5.082E+02	 1.519E+03
  60.400	 0.000E+00	 6.478E+02	 1.510E+03
  60.450	 0.000E+00	 7.919E+02	 1.489E+03
  60.500	 0.000E+00	 9.376E+02	 1.475E+03
  60.550	 0.000E+00	 1.083E+03	 1.485E+03
  60.600	 0.000E+00	 1.223E+03	 1.518E+03
  60.650	 0.000E+00	 1.363E+03	 1.579E+03
  60.700	 0.000E+00	 1.499E+03	 1.651E+03
  60.750	 0.000E+00	 1.618E+03	 1.709E+03
  60.800	 0.000E+00	 1.734E+03	 1.760E+03
  60.850	 0.000E+00	 1.844E+03	 1.785E+03
  60.900	 0.000E+00	 1.939E+03	 1.753E+03
  60.950	 0.000E+00	 2.029E+03	 1.698E+03
  61.000	 0.000E+00	 2.116E+03	 1.634E+03
  61.050	 0.000E+00	 2.205E+03	 1.580E+03
  61.100	 0.000E+00	 2.292E+03	 1.541E+03
  61.150	 0.000E+00	 2.383E+03	 1.514E+03
  61.200	 0.000E+00	 2.475E+03	 1.487E+03
  61.250	 0.000E+00	 2.564E+03	 1.459E+03
  61.300	 0.000E+00	 2.655E+03	 1.419E+03
  61.350	 0.000E+00	 2.750E+03	 1.383E+03
  61.400	 0.000E+00	 2.843E+03	 1.328E+03
  61.450	 0.000E+00	 2.926E+03	 1.241E+03
  61.500	 0.000E+00	 3.005E+03	 1.176E+03
  61.550	 0.000E+00	 3.085E+03	 1.150E+03
  61.600	 0.000E+00	 3.152E+03	 1.118E+03
  61.650	 0.000E+00	 3.213E+03	 1.137E+03
  61.700	 0.000E+00	 3.272E+03	 1.183E+03
  61.750	 0.000E+00	 3.320E+03	 1.239E+03
  61.800	 0.000E+00	 3.362E+03	 1.316E+03
  61.850	 0.000E+00	 3.397E+03	 1.384E+03
  61.900	 0.000E+00	 3.431E+03	 1.458E+03
  61.950	 0.000E+00	 3.457E+03	 1.509E+03
  62.000	 0.000E+00	 3.484E+03	 1.564E+03
  62.050	 0.000E+00	 3.506E+03	 1.598E+03
  62.100	 0.000E+00	 3.529E+03	 1.624E+03
  62.150	 0.000E+00	 3.554E+03	 1.688E+03
  62.200	 0.000E+00	 3.576E+03	 1.741E+03
  62.250	 0.000E+00	 3.593E+03	 1.770E+03
  62.300	 0.000E+00	 3.611E+03	 1.819E+03
  62.350	 0.000E+00	 3.620E+03	 1.851E+03
  62.400	 0.000E+00	 3.626E+03	 1.871E+03
  62.450	 0.000E+00	 3.621E+03	 1.843E+03
  62.500	 0.000E+00	 3.606E+03	 1.814E+03
  62.550	 0.000E+00	 3.582E+03	 1.780E+03
  62.600	 0.000E+00	 3.545E+03	 1.723E+03
  62.650	 0.000E+00	 3.503E+03	 1.707E+03
  62.700	 0.000E+00	 3.453E+03	 1.731E+03
  62.750	 0.000E+00	 3.403E+03	 1.783E+03
  62.800	 0.000E+00	 3.346E+03	 1.829E+03
  62.850	 0.000E+00	 3.284E+03	 1.860E+03
  62.900	 0.000E+00	 3.220E+03	 1.850E+03
  62.950	 0.000E+00	 3.160E+03	 1.832E+03
  63.000	 0.000E+00	 3.092E+03	 1.769E+03
  63.050	 0.000E+00	 3.031E+03	 1.723E+03
  63.100	 0.000E+00	 2.971E+03	 1.684E+03
  63.150	 0.000E+00	 2.910E+03	 1.678E+03
  63.200	 0.000E+00	 2.845E+03	 1.678E+03
  63.250	 0.000E+00	 2.783E+03	 1.713E+03
  63.300	 0.000E+00	 2.708E+03	 1.727E+03
  63.350	 0.000E+00	 2.634E+03	 1.741E+03
  63.400	 0.000E+00	 2.546E+03	 1.714E+03
  63.450	 0.000E+00	 2.451E+03	 1.672E+03
  63.500	 0.000E+00	 2.350E+03	 1.638E+03
  63.550	 0.000E+00	 2.236E+03	 1.585E+03
  63.600	 0.000E+00	 2.119E+03	 1.565E+03
  63.650	 0.000E+00	 1.997E+03	 1.553E+03
  63.700	 0.000E+00	 1.870E+03	 1.562E+03
  63.750	 0.000E+00	 1.749E+03	 1.577E+03
  63.800	 0.000E+00	 1.622E+03	 1.589E+03
  63.850	 0.000E+00	 1.494E+03	 1.567E+03
  63.900	 0.000E+00	 1.377E+03	 1.551E+03
  63.950	 0.000E+00	 1.259E+03	 1.519E+03
  64.000	 0.000E+00	 1.144E+03	 1.478E+03
  64.050	 0.000E+00	 1.036E+03	 1.444E+03
  64.100	 0.000E+00	 9.302E+02	 1.413E+03
  64.150	 0.000E+00	 8.169E+02	 1.407E+03
  64.200	 0.000E+00	 7.126E+02	 1.435E+03
  64.250	 0.000E+00	 6.033E+02	 1.456E+03
  64.300	 0.000E+00	 4.815E+02	 1.478E+03
  64.350	 0.000E+00	 3.619E+02	 1.504E+03
  64.400	 0.000E+00	 2.334E+02	 1.509E+03
  64.450	 0.000E+00	 1.016E+02	 1.495E+03
  64.500	 0.000E+00	-3.690E+01	 1.485E+03
  64.550	 0.000E+00	-1.751E+02	 1.482E+03
  64.600	 0.000E+00	-3.169E+02	 1.474E+03
  64.650	 0.000E+00	-4.565E+02	 1.470E+03
  64.700	 0.000E+00	-5.946E+02	 1.472E+03
  64.750	 0.000E+00	-7.292E+02	 1.482E+03
  64.800	 0.000E+00	-8.586E+02	 1.470E+03
  64.850	 0.000E+00	-9.863E+02	 1.461E+03
  64.900	 0.000E+00	-1.112E+03	 1.435E+03
  64.950	 0.000E+00	-1.226E+03	 1.424E+03
  65.000	 0.000E+00	-1.342E+03	 1.402E+03
  65.050	 0.000E+00	-1.455E+03	 1.385E+03
  65.100	 0.000E+00	-1.564E+03	 1.386E+03
  65.150	 0.000E+00	-1.675E+03	 1.397E+03
  65.200	 0.000E+00	-1.786E+03	 1.406E+03
  65.250	 0.000E+00	-1.899E+03	 1.421E+03
  65.300	 0.000E+00	-2.008E+03	 1.444E+03
  65.350	 0.000E+00	-2.120E+03	 1.449E+03
  65.400	 0.000E+00	-2.235E+03	 1.450E+03
  65.450	 0.000E+00	-2.345E+03	 1.446E+03
  65.500	 0.000E+00	-2.450E+03	 1.455E+03
  65.550	 0.000E+00	-2.551E+03	 1.467E+03
  65.600	 0.000E+00	-2.646E+03	 1.481E+03
  65.650	 0.000E+00	-2.731E+03	 1.507E+03
  65.700	 0.000E+00	-2.807E+03	 1.534E+03
  65.750	 0.000E+00	-2.875E+03	 1.557E+03
  65.800	 0.000E+00	-2.935E+03	 1.572E+03
  65.850	 0.000E+00	-2.992E+03	 1.577E+03
  65.900	 0.000E+00	-3.044E+03	 1.574E+03
  65.950	 0.000E+00	-3.093E+03	 1.566E+03
  66.000	 0.000E+00	-3.141E+03	 1.568E+03
  66.050	 0.000E+00	-3.189E+03	 1.553E+03
  66.100	 0.000E+00	-3.237E+03	 1.561E+03
  66.150	 0.000E+00	-3.284E+03	 1.583E+03
  66.200	 0.000E+00	-3.335E+03	 1.602E+03
  66.250	 0.000E+00	-3.382E+03	 1.627E+03
  66.300	 0.000E+00	-3.430E+03	 1.642E+03
  66.350	 0.000E+00	-3.476E+03	 1.641E+03
  66.400	 0.000E+00	-3.519E+03	 1.632E+03
  66.450	 0.000E+00	-3.557E+03	 1.609E+03
  66.500	 0.000E+00	-3.587E+03	 1.580E+03
  66.550	 0.000E+00	-3.608E+03	 1.572E+03
  66.600	 0.000E+00	-3.618E+03	 1.587E+03
  66.650	 0.000E+00	-3.619E+03	 1.617E+03
  66.700	 0.000E+00	-3.604E+03	 1.687E+03
  66.750	 0.000E+00	-3.586E+03	 1.735E+03
  66.800	 0.000E+00	-3.555E+03	 1.770E+03
  66.850	 0.000E+00	-3.521E+03	 1.767E+03
  66.900	 0.000E+00	-3.481E+03	 1.739E+03
  66.950	 0.000E+00	-3.439E+03	 1.684E+03
  67.000	 0.000E+00	-3.397E+03	 1.616E+03
  67.050	 0.000E+00	-3.355E+03	 1.562E+03
  67.100	 0.000E+00	-3.312E+03	 1.517E+03
  67.150	 0.000E+00	-3.274E+03	 1.503E+03
  67.200	 0.000E+00	-3.235E+03	 1.489E+03
  67.250	 0.000E+00	-3.201E+03	 1.490E+03
  67.300	 0.000E+00	-3.160E+03	 1.477E+03
  67.350	 0.000E+00	-3.122E+03	 1.458E+03
  67.400	 0.000E+00	-3.073E+03	 1.422E+03
  67.450	 0.000E+00	-3.024E+03	 1.389E+03
  67.500	 0.000E+00	-2.960E+03	 1.375E+03
  67.550	 0.000E+00	-2.891E+03	 1.361E+03
  67.600	 0.000E+00	-2.812E+03	 1.360E+03
  67.650	 0.000E+00	-2.724E+03	 1.371E+03
  67.700	 0.000E+00	-2.625E+03	 1.403E+03
  67.750	 0.000E+00	-2.523E+03	 1.437E+03
  67.800	 0.000E+00	-2.414E+03	 1.477E+03
  67.850	 0.000E+00	-2.295E+03	 1.507E+03
  67.900	 0.000E+00	-2.180E+03	 1.522E+03
  67.950	 0.000E+00	-2.065E+03	 1.517E+03
  68.000	 0.000E+00	-1.947E+03	 1.497E+03
  68.050	 0.000E+00	-1.833E+03	 1.480E+03
  68.100	 0.000E+00	-1.727E+03	 1.461E+03
  68.150	 0.000E+00	-1.618E+03	 1.459E+03
  68.200	 0.000E+00	-1.511E+03	 1.462E+03
  68.250	 0.000E+00	-1.413E+03	 1.454E+03
  68.300	 0.000E+00	-1.310E+03	 1.437E+03
  68.350	 0.000E+00	-1.203E+03	 1.424E+03
  68.400	 0.000E+00	-1.097E+03	 1.396E+03
  68.450	 0.000E+00	-9.802E+02	 1.374E+03
  68.500	 0.000E+00	-8.548E+02	 1.347E+03
  68.550	 0.000E+00	-7.273E+02	 1.313E+03
  68.600	 0.000E+00	-5.923E+02	 1.282E+03
  68.650	 0.000E+00	-4.488E+02	 1.257E+03
  68.700	 0.000E+00	-3.059E+02	 1.248E+03
  68.750	 0.000E+00	-1.631E+02	 1.233E+03
  68.800	 0.000E+00	-2.215E+01	 1.237E+03
  68.850	 0.000E+00	 1.251E+02	 1.265E+03
  68.900	 0.000E+00	 2.569E+02	 1.276E+03
  68.950	 0.000E+00	 3.895E+02	 1.285E+03
  69.000	 0.000E+00	 5.145E+02	 1.303E+03
  69.050	 0.000E+00	 6.390E+02	 1.331E+03
  69.100	 0.000E+00	 7.526E+02	 1.367E+03
  69.150	 0.000E+00	 8.669E+02	 1.406E+03
  69.200	 0.000E+00	 9.782E+02	 1.448E+03
  69.250	 0.000E+00	 1.089E+03	 1.505E+03
  69.300	 0.000E+00	 1.203E+03	 1.554E+03
  69.350	 0.000E+00	 1.313E+03	 1.612E+03
  69.400	 0.000E+00	 1.432E+03	 1.674E+03
  69.450	 0.000E+00	 1.553E+03	 1.717E+03
  69.500	 0.000E+00	 1.677E+03	 1.749E+03
  69.550	 0.000E+00	 1.803E+03	 1.773E+03
  69.600	 0.000E+00	 1.932E+03	 1.764E+03
  69.650	 0.000E+00	 2.056E+03	 1.727E+03
  69.700	 0.000E+00	 2.174E+03	 1.670E+03
  69.750	 0.000E+00	 2.293E+03	 1.626E+03
  69.800	 0.000E+00	 2.400E+03	 1.582E+03
  69.850	 0.000E+00	 2.495E+03	 1.549E+03
  69.900	 0.000E+00	 2.588E+03	 1.541E+03
  69.950	 0.000E+00	 2.670E+03	 1.540E+03
  70.000	 0.000E+00	 2.739E+03	 1.525E+03
  70.050	 0.000E+00	 2.804E+03	 1.494E+03
  70.100	 0.000E+00	 2.863E+03	 1.441E+03
  70.150	 0.000E+00	 2.918E+03	 1.378E+03
  70.200	 0.000E+00	 2.972E+03	 1.312E+03
  70.250	 0.000E+00	 3.029E+03	 1.262E+03
  70.300	 0.000E+00	 3.087E+03	 1.227E+03
  70.350	 0.000E+00	 3.144E+03	 1.203E+03
  70.400	 0.000E+00	 3.207E+03	 1.206E+03
  70.450	 0.000E+00	 3.272E+03	 1.239E+03
  70.500	 0.000E+00	 3.334E+03	 1.268E+03
  70.550	 0.000E+00	 3.396E+03	 1.313E+03
  70.600	 0.000E+00	 3.451E+03	 1.350E+03
  70.650	 0.000E+00	 3.501E+03	 1.381E+03
  70.700	 0.000E+00	 3.542E+03	 1.402E+03
  70.750	 0.000E+00	 3.577E+03	 1.465E+03
  70.800	 0.000E+00	 3.603E+03	 1.520E+03
  70.850	 0.000E+00	 3.618E+03	 1.579E+03
  70.900	 0.000E+00	 3.623E+03	 1.649E+03
  70.950	 0.000E+00	 3.622E+03	 1.711E+03
  71.000	 0.000E+00	 3.615E+03	 1.755E+03
  71.050	 0.000E+00	 3.597E+03	 1.771E+03
  71.100	 0.000E+00	 3.576E+03	 1.777E+03
  71.150	 0.000E+00	 3.550E+03	 1.748E+03
  71.200	 0.000E+00	 3.521E+03	 1.708E+03
  71.250	 0.000E+00	 3.492E+03	 1.682E+03
  71.300	 0.000E+00	 3.460E+03	 1.642E+03
  71.350	 0.000E+00	 3.428E+03	 1.630E+03
  71.400	 0.000E+00	 3.396E+03	 1.628E+03
  71.450	 0.000E+00	 3.360E+03	 1.628E+03
  71.500	 0.000E+00	 3.324E+03	 1.635E+03
  71.550	 0.000E+00	 3.283E+03	 1.645E+03
  71.600	 0.000E+00	 3.239E+03	 1.658E+03
  71.650	 0.000E+00	 3.186E+03	 1.665E+03
  71.700	 0.000E+00	 3.126E+03	 1.679E+03
  71.750	 0.000E+00	 3.062E+03	 1.707E+03
  71.800	 0.000E+00	 2.994E+03	 1.737E+03
  71.850	 0.000E+00	 2.917E+03	 1.766E+03
  71.900	 0.000E+00	 2.836E+03	 1.798E+03
  71.950	 0.000E+00	 2.746E+03	 1.812E+03
  72.000	 0.000E+00	 2.655E+03	 1.837E+03
  72.050	 0.000E+00	 2.558E+03	 1.867E+03
  72.100	 0.000E+00	 2.462E+03	 1.911E+03
  72.150	 0.000E+00	 2.360E+03	 1.943E+03
  72.200	 0.000E+00	 2.264E+03	 1.991E+03
  72.250	 0.000E+00	 2.164E+03	 2.018E+03
  72.300	 0.000E+00	 2.065E+03	 2.030E+03
  72.350	 0.000E+00	 1.961E+03	 1.997E+03
  72.400	 0.000E+00	 1.854E+03	 1.939E+03
  72.450	 0.000E+00	 1.743E+03	 1.873E+03
  72.500	 0.000E+00	 1.623E+03	 1.773E+03
  72.550	 0.000E+00	 1.508E+03	 1.703E+03
  72.600	 0.000E+00	 1.383E+03	 1.642E+03
  72.650	 0.000E+00	 1.252E+03	 1.602E+03
  72.700	 0.000E+00	 1.123E+03	 1.580E+03
  72.750	 0.000E+00	 9.895E+02	 1.572E+03
  72.800	 0.000E+00	 8.520E+02	 1.563E+03
  72.850	 0.000E+00	 7.192E+02	 1.536E+03
  72.900	 0.000E+00	 5.845E+02	 1.517E+03
  72.950	 0.000E+00	 4.516E+02	 1.484E+03
  73.000	 0.000E+00	 3.216E+02	 1.454E+03
  73.050	 0.000E+00	 1.994E+02	 1.457E+03
  73.100	 0.000E+00	 8.116E+01	 1.479E+03
  73.150	 0.000E+00	-3.259E+01	 1.500E+03
  73.200	 0.000E+00	-1.424E+02	 1.560E+03
  73.250	 0.000E+00	-2.539E+02	 1.614E+03
  73.300	 0.000E+00	-3.636E+02	 1.651E+03
  73.350	 0.000E+00	-4.774E+02	 1.681E+03
  73.400	 0.000E+00	-5.922E+02	 1.695E+03
  73.450	 0.000E+00	-7.183E+02	 1.689E+03
  73.500	 0.000E+00	-8.402E+02	 1.674E+03
  73.550	 0.000E+00	-9.713E+02	 1.659E+03
  73.600	 0.000E+00	-1.112E+03	 1.651E+03
  73.650	 0.000E+00	-1.243E+03	 1.652E+03
  73.700	 0.000E+00	-1.379E+03	 1.678E+03
  73.750	 0.000E+00	-1.523E+03	 1.688E+03
  73.800	 0.000E+00	-1.653E+03	 1.709E+03
  73.850	 0.000E+00	-1.783E+03	 1.715E+03
  73.900	 0.000E+00	-1.910E+03	 1.701E+03
  73.950	 0.000E+00	-2.029E+03	 1.654E+03
  74.000	 0.000E+00	-2.135E+03	 1.615E+03
  74.050	 0.000E+00	-2.235E+03	 1.575E+03
  74.100	 0.000E+00	-2.328E+03	 1.542E+03
  74.150	 0.000E+00	-2.406E+03	 1.549E+03
  74.200	 0.000E+00	-2.486E+03	 1.547E+03
  74.250	 0.000E+00	-2.561E+03	 1.553E+03
  74.300	 0.000E+00	-2.631E+03	 1.580E+03
  74.350	 0.000E+00	-2.704E+03	 1.585E+03
  74.400	 0.000E+00	-2.776E+03	 1.581E+03
  74.450	 0.000E+00	-2.852E+03	 1.556E+03
  74.500	 0.000E+00	-2.929E+03	 1.532E+03
  74.550	 0.000E+00	-3.009E+03	 1.508E+03
  74.600	 0.000E+00	-3.086E+03	 1.509E+03
  74.650	 0.000E+00	-3.161E+03	 1.518E+03
  74.700	 0.000E+00	-3.232E+03	 1.550E+03
  74.750	 0.000E+00	-3.300E+03	 1.578E+03
  74.800	 0.000E+00	-3.360E+03	 1.605E+03
  74.850	 0.000E+00	-3.409E+03	 1.624E+03
  74.900	 0.000E+00	-3.449E+03	 1.632E+03
  74.950	 0.000E+00	-3.476E+03	 1.642E+03
  75.000	 0.000E+00	-3.500E+03	 1.636E+03
  75.050	 0.000E+00	-3.513E+03	 1.643E+03
  75.100	 0.000E+00	-3.520E+03	 1.661E+03
  75.150	 0.000E+00	-3.521E+03	 1.706E+03
  75.200	 0.000E+00	-3.521E+03	 1.758E+03
  75.250	 0.000E+00	-3.522E+03	 1.802E+03
  75.300	 0.000E+00	-3.519E+03	 1.866E+03
  75.350	 0.000E+00	-3.515E+03	 1.910E+03
  75.400	 0.000E+00	-3.512E+03	 1.956E+03
  75.450	 0.000E+00	-3.503E+03	 1.997E+03
  75.500	 0.000E+00	-3.494E+03	 2.027E+03
  75.550	 0.000E+00	-3.480E+03	 2.069E+03
  75.600	 0.000E+00	-3.463E+03	 2.106E+03
  75.650	 0.000E+00	-3.438E+03	 2.143E+03
  75.700	 0.000E+00	-3.412E+03	 2.146E+03
  75.750	 0.000E+00	-3.374E+03	 2.130E+03
  75.800	 0.000E+00	-3.337E+03	 2.090E+03
  75.850	 0.000E+00	-3.285E+03	 2.024E+03
  75.900	 0.000E+00	-3.230E+03	 1.919E+03
  75.950	 0.000E+00	-3.162E+03	 1.827E+03
  76.000	 0.000E+00	-3.100E+03	 1.723E+03
  76.050	 0.000E+00	-3.024E+03	 1.632E+03
  76.100	 0.000E+00	-2.951E+03	 1.560E+03
  76.150	 0.000E+00	-2.876E+03	 1.504E+03
  76.200	 0.000E+00	-2.798E+03	 1.457E+03
  76.250	 0.000E+00	-2.723E+03	 1.424E+03
  76.300	 0.000E+00	-2.656E+03	 1.391E+03
  76.350	 0.000E+00	-2.577E+03	 1.384E+03
  76.400	 0.000E+00	-2.504E+03	 1.378E+03
  76.450	 0.000E+00	-2.427E+03	 1.379E+03
  76.500	 0.000E+00	-2.343E+03	 1.378E+03
  76.550	 0.000E+00	-2.253E+03	 1.406E+03
  76.600	 0.000E+00	-2.158E+03	 1.451E+03
  76.650	 0.000E+00	-2.049E+03	 1.507E+03
  76.700	 0.000E+00	-1.933E+03	 1.573E+03
  76.750	 0.000E+00	-1.816E+03	 1.626E+03
  76.800	 0.000E+00	-1.691E+03	 1.667E+03
  76.850	 0.000E+00	-1.556E+03	 1.689E+03
  76.900	 0.000E+00	-1.428E+03	 1.690E+03
  76.950	 0.000E+00	-1.296E+03	 1.689E+03
  77.000	 0.000E+00	-1.159E+03	 1.689E+03
  77.050	 0.000E+00	-1.024E+03	 1.720E+03
  77.100	 0.000E+00	-8.976E+02	 1.748E+03
  77.150	 0.000E+00	-7.626E+02	 1.780E+03
  77.200	 0.000E+00	-6.322E+02	 1.790E+03
  77.250	 0.000E+00	-5.116E+02	 1.771E+03
  77.300	 0.000E+00	-3.912E+02	 1.687E+03
  77.350	 0.000E+00	-2.714E+02	 1.581E+03
  77.400	 0.000E+00	-1.625E+02	 1.450E+03
  77.450	 0.000E+00	-4.835E+01	 1.319E+03
  77.500	 0.000E+00	 6.718E+01	 1.183E+03
  77.550	 0.000E+00	 1.824E+02	 1.105E+03
  77.600	 0.000E+00	 2.966E+02	 1.059E+03
  77.650	 0.000E+00	 4.248E+02	 1.055E+03
  77.700	 0.000E+00	 5.542E+02	 1.075E+03
  77.750	 0.000E+00	 6.812E+02	 1.074E+03
  77.800	 0.000E+00	 8.164E+02	 1.074E+03
  77.850	 0.000E+00	 9.528E+02	 1.073E+03
  77.900	 0.000E+00	 1.081E+03	 1.045E+03
  77.950	 0.000E+00	 1.215E+03	 1.053E+03
  78.000	 0.000E+00	 1.347E+03	 1.105E+03
  78.050	 0.000E+00	 1.473E+03	 1.188E+03
  78.100	 0.000E+00	 1.591E+03	 1.311E+03
  78.150	 0.000E+00	 1.713E+03	 1.453E+03
  78.200	 0.000E+00	 1.831E+03	 1.602E+03
  78.250	 0.000E+00	 1.942E+03	 1.735E+03
  78.300	 0.000E+00	 2.051E+03	 1.819E+03
  78.350	 0.000E+00	 2.159E+03	 1.869E+03
  78.400	 0.000E+00	 2.259E+03	 1.873E+03
  78.450	 0.000E+00	 2.360E+03	 1.872E+03
  78.500	 0.000E+00	 2.456E+03	 1.853E+03
  78.550	 0.000E+00	 2.550E+03	 1.838E+03
  78.600	 0.000E+00	 2.640E+03	 1.841E+03
  78.650	 0.000E+00	 2.727E+03	 1.847E+03
  78.700	 0.000E+00	 2.812E+03	 1.845E+03
  78.750	 0.000E+00	 2.889E+03	 1.839E+03
  78.800	 0.000E+00	 2.965E+03	 1.793E+03
  78.850	 0.000E+00	 3.036E+03	 1.748E+03
  78.900	 0.000E+00	 3.103E+03	 1.685E+03
  78.950	 0.000E+00	 3.162E+03	 1.600E+03
  79.000	 0.000E+00	 3.218E+03	 1.522E+03
  79.050	 0.000E+00	 3.273E+03	 1.479E+03
  79.100	 0.000E+00	 3.320E+03	 1.445E+03
  79.150	 0.000E+00	 3.362E+03	 1.443E+03
  79.200	 0.000E+00	 3.396E+03	 1.440E+03
  79.250	 0.000E+00	 3.433E+03	 1.489E+03
  79.300	 0.000E+00	 3.465E+03	 1.535E+03
  79.350	 0.000E+00	 3.494E+03	 1.586E+03
  79.400	 0.000E+00	 3.522E+03	 1.633E+03
  79.450	 0.000E+00	 3.548E+03	 1.695E+03
  79.500	 0.000E+00	 3.570E+03	 1.733E+03
  79.550	 0.000E+00	 3.590E+03	 1.761E+03
  79.600	 0.000E+00	 3.603E+03	 1.770E+03
  79.650	 0.000E+00	 3.614E+03	 1.773E+03
  79.700	 0.000E+00	 3.613E+03	 1.733E+03
  79.750	 0.000E+00	 3.608E+03	 1.716E+03
  79.800	 0.000E+00	 3.593E+03	 1.704E+03
  79.850	 0.000E+00	 3.568E+03	 1.695E+03
  79.900	 0.000E+00	 3.538E+03	 1.704E+03
  79.950	 0.000E+00	 3.502E+03	 1.734E+03
  80.000	 0.000E+00	 3.458E+03	 1.778E+03
  80.050	 0.000E+00	 3.412E+03	 1.806E+03
  80.100	 0.000E+00	 3.360E+03	 1.826E+03
  80.150	 0.000E+00	 3.308E+03	 1.834E+03
  80.200	 0.000E+00	 3.252E+03	 1.824E+03
  80.250	 0.000E+00	 3.194E+03	 1.822E+03
  80.300	 0.000E+00	 3.140E+03	 1.836E+03
  80.350	 0.000E+00	 3.083E+03	 1.862E+03
  80.400	 0.000E+00	 3.029E+03	 1.896E+03
  80.450	 0.000E+00	 2.972E+03	 1.952E+03
  80.500	 0.000E+00	 2.906E+03	 1.967E+03
  80.550	 0.000E+00	 2.848E+03	 1.985E+03
  80.600	 0.000E+00	 2.769E+03	 1.938E+03
  80.650	 0.000E+00	 2.695E+03	 1.899E+03
  80.700	 0.000E+00	 2.605E+03	 1.830E+03
  80.750	 0.000E+00	 2.510E+03	 1.799E+03
  80.800	 0.000E+00	 2.404E+03	 1.766E+03
  80.850	 0.000E+00	 2.298E+03	 1.789E+03
  80.900	 0.000E+00	 2.176E+03	 1.810E+03
  80.950	 0.000E+00	 2.060E+03	 1.853E+03
  81.000	 0.000E+00	 1.931E+03	 1.874E+03
  81.050	 0.000E+00	 1.802E+03	 1.873E+03
  81.100	 0.000E+00	 1.676E+03	 1.866E+03
  81.150	 0.000E+00	 1.548E+03	 1.825E+03
  81.200	 0.000E+00	 1.427E+03	 1.786E+03
  81.250	 0.000E+00	 1.309E+03	 1.768E+03
  81.300	 0.000E+00	 1.188E+03	 1.730E+03
  81.350	 0.000E+00	 1.081E+03	 1.746E+03
  81.400	 0.000E+00	 9.706E+02	 1.779E+03
  81.450	 0.000E+00	 8.551E+02	 1.791E+03
  81.500	 0.000E+00	 7.449E+02	 1.826E+03
  81.550	 0.000E+00	 6.284E+02	 1.852E+03
  81.600	 0.000E+00	 5.071E+02	 1.845E+03
  81.650	 0.000E+00	 3.816E+02	 1.824E+03
  81.700	 0.000E+00	 2.568E+02	 1.807E+03
  81.750	 0.000E+00	 1.213E+02	 1.776E+03
  81.800	 0.000E+00	-1.450E+01	 1.760E+03
  81.850	 0.000E+00	-1.487E+02	 1.766E+03
  81.900	 0.000E+00	-2.818E+02	 1.766E+03
  81.950	 0.000E+00	-4.191E+02	 1.769E+03
  82.000	 0.000E+00	-5.559E+02	 1.770E+03
  82.050	 0.000E+00	-6.847E+02	 1.743E+03
  82.100	 0.000E+00	-8.170E+02	 1.695E+03
  82.150	 0.000E+00	-9.468E+02	 1.650E+03
  82.200	 0.000E+00	-1.065E+03	 1.609E+03
  82.250	 0.000E+00	-1.185E+03	 1.573E+03
  82.300	 0.000E+00	-1.304E+03	 1.551E+03
  82.350	 0.000E+00	-1.417E+03	 1.545E+03
  82.400	 0.000E+00	-1.527E+03	 1.562E+03
  82.450	 0.000E+00	-1.640E+03	 1.571E+03
  82.500	 0.000E+00	-1.752E+03	 1.588E+03
  82.550	 0.000E+00	-1.864E+03	 1.589E+03
  82.600	 0.000E+00	-1.978E+03	 1.578E+03
  82.650	 0.000E+00	-2.095E+03	 1.573E+03
  82.700	 0.000E+00	-2.208E+03	 1.598E+03
  82.750	 0.000E+00	-2.318E+03	 1.625E+03
  82.800	 0.000E+00	-2.429E+03	 1.661E+03
  82.850	 0.000E+00	-2.532E+03	 1.720E+03
  82.900	 0.000E+00	-2.626E+03	 1.781E+03
  82.950	 0.000E+00	-2.718E+03	 1.813E+03
  83.000	 0.000E+00	-2.799E+03	 1.835E+03
  83.050	 0.000E+00	-2.874E+03	 1.830E+03
  83.100	 0.000E+00	-2.944E+03	 1.810E+03
  83.150	 0.000E+00	-3.010E+03	 1.792E+03
  83.200	 0.000E+00	-3.066E+03	 1.789E+03
  83.250	 0.000E+00	-3.116E+03	 1.811E+03
  83.300	 0.000E+00	-3.167E+03	 1.836E+03
  83.350	 0.000E+00	-3.215E+03	 1.863E+03
  83.400	 0.000E+00	-3.262E+03	 1.886E+03
  83.450	 0.000E+00	-3.307E+03	 1.891E+03
  83.500	 0.000E+00	-3.349E+03	 1.890E+03
  83.550	 0.000E+00	-3.390E+03	 1.870E+03
  83.600	 0.000E+00	-3.429E+03	 1.847E+03
  83.650	 0.000E+00	-3.458E+03	 1.857E+03
  83.700	 0.000E+00	-3.490E+03	 1.854E+03
  83.750	 0.000E+00	-3.513E+03	 1.874E+03
  83.800	 0.000E+00	-3.535E+03	 1.895E+03
  83.850	 0.000E+00	-3.549E+03	 1.930E+03
  83.900	 0.000E+00	-3.556E+03	 1.950E+03
  83.950	 0.000E+00	-3.556E+03	 1.974E+03
  84.000	 0.000E+00	-3.550E+03	 1.986E+03
  84.050	 0.000E+00	-3.538E+03	 1.992E+03
  84.100	 0.000E+00	-3.520E+03	 1.997E+03
  84.150	 0.000E+00	-3.496E+03	 2.013E+03
  84.200	 0.000E+00	-3.465E+03	 2.041E+03
  84.250	 0.000E+00	-3.434E+03	 2.056E+03
  84.300	 0.000E+00	-3.398E+03	 2.069E+03
  84.350	 0.000E+00	-3.359E+03	 2.061E+03
  84.400	 0.000E+00	-3.320E+03	 2.012E+03
  84.450	 0.000E+00	-3.280E+03	 1.949E+03
  84.500	 0.000E+00	-3.239E+03	 1.861E+03
  84.550	 0.000E+00	-3.190E+03	 1.748E+03
  84.600	 0.000E+00	-3.140E+03	 1.641E+03
  84.650	 0.000E+00	-3.090E+03	 1.543E+03
  84.700	 0.000E+00	-3.027E+03	 1.468E+03
  84.750	 0.000E+00	-2.964E+03	 1.435E+03
  84.800	 0.000E+00	-2.898E+03	 1.419E+03
  84.850	 0.000E+00	-2.822E+03	 1.433E+03
  84.900	 0.000E+00	-2.744E+03	 1.459E+03
  84.950	 0.000E+00	-2.660E+03	 1.487E+03
  85.000	 0.000E+00	-2.570E+03	 1.499E+03
  85.050	 0.000E+00	-2.477E+03	 1.500E+03
  85.100	 0.000E+00	-2.376E+03	 1.486E+03
  85.150	 0.000E+00	-2.275E+03	 1.489E+03
  85.200	 0.000E+00	-2.158E+03	 1.514E+03
  85.250	 0.000E+00	-2.045E+03	 1.576E+03
  85.300	 0.000E+00	-1.927E+03	 1.648E+03
  85.350	 0.000E+00	-1.797E+03	 1.743E+03
  85.400	 0.000E+00	-1.679E+03	 1.827E+03
  85.450	 0.000E+00	-1.559E+03	 1.906E+03
  85.500	 0.000E+00	-1.433E+03	 1.931E+03
  85.550	 0.000E+00	-1.317E+03	 1.957E+03
  85.600	 0.000E+00	-1.203E+03	 1.955E+03
  85.650	 0.000E+00	-1.077E+03	 1.962E+03
  85.700	 0.000E+00	-9.598E+02	 1.965E+03
  85.750	 0.000E+00	-8.400E+02	 1.997E+03
  85.800	 0.000E+00	-7.159E+02	 2.002E+03
  85.850	 0.000E+00	-5.883E+02	 2.004E+03
  85.900	 0.000E+00	-4.716E+02	 1.968E+03
  85.950	 0.000E+00	-3.420E+02	 1.903E+03
  86.000	 0.000E+00	-2.144E+02	 1.811E+03
  86.050	 0.000E+00	-9.295E+01	 1.693E+03
  86.100	 0.000E+00	 3.973E+01	 1.587E+03
  86.150	 0.000E+00	 1.726E+02	 1.472E+03
  86.200	 0.000E+00	 3.009E+02	 1.364E+03
  86.250	 0.000E+00	 4.270E+02	 1.264E+03
  86.300	 0.000E+00	 5.613E+02	 1.176E+03
  86.350	 0.000E+00	 6.876E+02	 1.114E+03
  86.400	 0.000E+00	 8.109E+02	 1.079E+03
  86.450	 0.000E+00	 9.362E+02	 1.058E+03
  86.500	 0.000E+00	 1.057E+03	 1.058E+03
  86.550	 0.000E+00	 1.171E+03	 1.071E+03
  86.600	 0.000E+00	 1.288E+03	 1.096E+03
  86.650	 0.000E+00	 1.405E+03	 1.160E+03
  86.700	 0.000E+00	 1.524E+03	 1.256E+03
  86.750	 0.000E+00	 1.646E+03	 1.368E+03
  86.800	 0.000E+00	 1.767E+03	 1.483E+03
  86.850	 0.000E+00	 1.891E+03	 1.590E+03
  86.900	 0.000E+00	 2.014E+03	 1.706E+03
  86.950	 0.000E+00	 2.136E+03	 1.792E+03
  87.000	 0.000E+00	 2.260E+03	 1.870E+03
  87.050	 0.000E+00	 2.374E+03	 1.909E+03
  87.100	 0.000E+00	 2.485E+03	 1.934E+03
  87.150	 0.000E+00	 2.590E+03	 1.935E+03
  87.200	 0.000E+00	 2.682E+03	 1.922E+03
  87.250	 0.000E+00	 2.768E+03	 1.917E+03
  87.300	 0.000E+00	 2.849E+03	 1.916E+03
  87.350	 0.000E+00	 2.922E+03	 1.916E+03
  87.400	 0.000E+00	 2.987E+03	 1.904E+03
  87.450	 0.000E+00	 3.043E+03	 1.863E+03
  87.500	 0.000E+00	 3.094E+03	 1.811E+03
  87.550	 0.000E+00	 3.142E+03	 1.736E+03
  87.600	 0.000E+00	 3.184E+03	 1.643E+03
  87.650	 0.000E+00	 3.228E+03	 1.584E+03
  87.700	 0.000E+00	 3.274E+03	 1.555E+03
  87.750	 0.000E+00	 3.317E+03	 1.548E+03
  87.800	 0.000E+00	 3.358E+03	 1.562E+03
  87.850	 0.000E+00	 3.408E+03	 1.645E+03
  87.900	 0.000E+00	 3.449E+03	 1.707E+03
  87.950	 0.000E+00	 3.490E+03	 1.748E+03
  88.000	 0.000E+00	 3.532E+03	 1.793E+03
  88.050	 0.000E+00	 3.564E+03	 1.801E+03
  88.100	 0.000E+00	 3.591E+03	 1.799E+03
  88.150	 0.000E+00	 3.613E+03	 1.813E+03
  88.200	 0.000E+00	 3.624E+03	 1.833E+03
  88.250	 0.000E+00	 3.631E+03	 1.887E+03
  88.300	 0.000E+00	 3.632E+03	 1.939E+03
  88.350	 0.000E+00	 3.620E+03	 2.006E+03
  88.400	 0.000E+00	 3.601E+03	 2.069E+03
  88.450	 0.000E+00	 3.579E+03	 2.138E+03
  88.500	 0.000E+00	 3.547E+03	 2.183E+03
  88.550	 0.000E+00	 3.516E+03	 2.234E+03
  88.600	 0.000E+00	 3.480E+03	 2.281E+03
  88.650	 0.000E+00	 3.443E+03	 2.324E+03
  88.700	 0.000E+00	 3.404E+03	 2.376E+03
  88.750	 0.000E+00	 3.364E+03	 2.446E+03
  88.800	 0.000E+00	 3.322E+03	 2.507E+03
  88.850	 0.000E+00	 3.273E+03	 2.544E+03
  88.900	 0.000E+00	 3.226E+03	 2.561E+03
  88.950	 0.000E+00	 3.174E+03	 2.531E+03
  89.000	 0.000E+00	 3.117E+03	 2.439E+03
  89.050	 0.000E+00	 3.050E+03	 2.302E+03
  89.100	 0.000E+00	 2.978E+03	 2.169E+03
  89.150	 0.000E+00	 2.895E+03	 2.053E+03
  89.200	 0.000E+00	 2.807E+03	 1.971E+03
  89.250	 0.000E+00	 2.708E+03	 1.938E+03
  89.300	 0.000E+00	 2.604E+03	 1.960E+03
  89.350	 0.000E+00	 2.489E+03	 1.991E+03
  89.400	 0.000E+00	 2.381E+03	 2.019E+03
  89.450	 0.000E+00	 2.264E+03	 2.000E+03
  89.500	 0.000E+00	 2.145E+03	 1.962E+03
  89.550	 0.000E+00	 2.027E+03	 1.863E+03
  89.600	 0.000E+00	 1.914E+03	 1.769E+03
  89.650	 0.000E+00	 1.800E+03	 1.683E+03
  89.700	 0.000E+00	 1.689E+03	 1.645E+03
  89.750	 0.000E+00	 1.586E+03	 1.645E+03
  89.800	 0.000E+00	 1.477E+03	 1.680E+03
  89.850	 0.000E+00	 1.367E+03	 1.739E+03
  89.900	 0.000E+00	 1.257E+03	 1.780E+03
  89.950	 0.000E+00	 1.147E+03	 1.788E+03
  90.000	 0.000E+00	 1.022E+03	 1.758E+03
  90.050	 0.000E+00	 8.964E+02	 1.689E+03
  90.100	 0.000E+00	 7.667E+02	 1.630E+03
  90.150	 0.000E+00	 6.323E+02	 1.596E+03
  90.200	 0.000E+00	 4.950E+02	 1.610E+03
  90.250	 0.000E+00	 3.538E+02	 1.684E+03
  90.300	 0.000E+00	 2.196E+02	 1.797E+03
  90.350	 0.000E+00	 7.747E+01	 1.909E+03
  90.400	 0.000E+00	-5.620E+01	 2.031E+03
  90.450	 0.000E+00	-1.884E+02	 2.101E+03
  90.500	 0.000E+00	-3.133E+02	 2.147E+03
  90.550	 0.000E+00	-4.370E+02	 2.138E+03
  90.600	 0.000E+00	-5.524E+02	 2.095E+03
  90.650	 0.000E+00	-6.624E+02	 2.055E+03
  90.700	 0.000E+00	-7.750E+02	 2.013E+03
  90.750	 0.000E+00	-8.795E+02	 2.007E+03
  90.800	 0.000E+00	-9.879E+02	 1.976E+03
  90.850	 0.000E+00	-1.099E+03	 1.979E+03
  90.900	 0.000E+00	-1.215E+03	 1.952E+03
  90.950	 0.000E+00	-1.339E+03	 1.901E+03
  91.000	 0.000E+00	-1.467E+03	 1.851E+03
  91.050	 0.000E+00	-1.598E+03	 1.775E+03
  91.100	 0.000E+00	-1.733E+03	 1.702E+03
  91.150	 0.000E+00	-1.874E+03	 1.632E+03
  91.200	 0.000E+00	-2.005E+03	 1.626E+03
  91.250	 0.000E+00	-2.135E+03	 1.614E+03
  91.300	 0.000E+00	-2.257E+03	 1.628E+03
  91.350	 0.000E+00	-2.370E+03	 1.661E+03
  91.400	 0.000E+00	-2.474E+03	 1.685E+03
  91.450	 0.000E+00	-2.569E+03	 1.693E+03
  91.500	 0.000E+00	-2.654E+03	 1.700E+03
  91.550	 0.000E+00	-2.731E+03	 1.674E+03
  91.600	 0.000E+00	-2.797E+03	 1.681E+03
  91.650	 0.000E+00	-2.863E+03	 1.678E+03
  91.700	 0.000E+00	-2.922E+03	 1.686E+03
  91.750	 0.000E+00	-2.979E+03	 1.712E+03
  91.800	 0.000E+00	-3.033E+03	 1.740E+03
  91.850	 0.000E+00	-3.091E+03	 1.761E+03
  91.900	 0.000E+00	-3.148E+03	 1.789E+03
  91.950	 0.000E+00	-3.207E+03	 1.802E+03
  92.000	 0.000E+00	-3.266E+03	 1.820E+03
  92.050	 0.000E+00	-3.323E+03	 1.835E+03
  92.100	 0.000E+00	-3.380E+03	 1.853E+03
  92.150	 0.000E+00	-3.432E+03	 1.888E+03
  92.200	 0.000E+00	-3.475E+03	 1.933E+03
  92.250	 0.000E+00	-3.510E+03	 1.978E+03
  92.300	 0.000E+00	-3.531E+03	 2.027E+03
  92.350	 0.000E+00	-3.545E+03	 2.039E+03
  92.400	 0.000E+00	-3.548E+03	 2.032E+03
  92.450	 0.000E+00	-3.543E+03	 1.990E+03
  92.500	 0.000E+00	-3.534E+03	 1.932E+03
  92.550	 0.000E+00	-3.518E+03	 1.867E+03
  92.600	 0.000E+00	-3.502E+03	 1.810E+03
  92.650	 0.000E+00	-3.487E+03	 1.774E+03
  92.700	 0.000E+00	-3.472E+03	 1.761E+03
  92.750	 0.000E+00	-3.460E+03	 1.758E+03
  92.800	 0.000E+00	-3.447E+03	 1.752E+03
  92.850	 0.000E+00	-3.432E+03	 1.749E+03
  92.900	 0.000E+00	-3.415E+03	 1.739E+03
  92.950	 0.000E+00	-3.397E+03	 1.695E+03
  93.000	 0.000E+00	-3.374E+03	 1.670E+03
  93.050	 0.000E+00	-3.344E+03	 1.642E+03
  93.100	 0.000E+00	-3.306E+03	 1.630E+03
  93.150	 0.000E+00	-3.258E+03	 1.632E+03
  93.200	 0.000E+00	-3.198E+03	 1.653E+03
  93.250	 0.000E+00	-3.129E+03	 1.688E+03
  93.300	 0.000E+00	-3.052E+03	 1.722E+03
  93.350	 0.000E+00	-2.966E+03	 1.730E+03
  93.400	 0.000E+00	-2.874E+03	 1.729E+03
  93.450	 0.000E+00	-2.778E+03	 1.719E+03
  93.500	 0.000E+00	-2.673E+03	 1.688E+03
  93.550	 0.000E+00	-2.568E+03	 1.666E+03
  93.600	 0.000E+00	-2.473E+03	 1.654E+03
  93.650	 0.000E+00	-2.366E+03	 1.661E+03
  93.700	 0.000E+00	-2.273E+03	 1.691E+03
  93.750	 0.000E+00	-2.188E+03	 1.736E+03
  93.800	 0.000E+00	-2.089E+03	 1.772E+03
  93.850	 0.000E+00	-1.996E+03	 1.780E+03
  93.900	 0.000E+00	-1.913E+03	 1.798E+03
  93.950	 0.000E+00	-1.810E+03	 1.791E+03
  94.000	 0.000E+00	-1.702E+03	 1.784E+03
  94.050	 0.000E+00	-1.610E+03	 1.779E+03
  94.100	 0.000E+00	-1.488E+03	 1.767E+03
  94.150	 0.000E+00	-1.358E+03	 1.741E+03
  94.200	 0.000E+00	-1.236E+03	 1.726E+03
  94.250	 0.000E+00	-1.102E+03	 1.692E+03
  94.300	 0.000E+00	-9.519E+02	 1.660E+03
  94.350	 0.000E+00	-8.131E+02	 1.624E+03
  94.400	 0.000E+00	-6.761E+02	 1.576E+03
  94.450	 0.000E+00	-5.331E+02	 1.530E+03
  94.500	 0.000E+00	-3.968E+02	 1.488E+03
  94.550	 0.000E+00	-2.736E+02	 1.466E+03
  94.600	 0.000E+00	-1.398E+02	 1.458E+03
  94.650	 0.000E+00	-1.153E+01	 1.470E+03
  94.700	 0.000E+00	 1.012E+02	 1.464E+03
  94.750	 0.000E+00	 2.253E+02	 1.467E+03
  94.800	 0.000E+00	 3.468E+02	 1.464E+03
  94.850	 0.000E+00	 4.680E+02	 1.452E+03
  94.900	 0.000E+00	 5.883E+02	 1.429E+03
  94.950	 0.000E+00	 7.192E+02	 1.421E+03
  95.000	 0.000E+00	 8.443E+02	 1.445E+03
  95.050	 0.000E+00	 9.789E+02	 1.508E+03
  95.100	 0.000E+00	 1.117E+03	 1.565E+03
  95.150	 0.000E+00	 1.257E+03	 1.628E+03
  95.200	 0.000E+00	 1.394E+03	 1.670E+03
  95.250	 0.000E+00	 1.534E+03	 1.667E+03
  95.300	 0.000E+00	 1.668E+03	 1.642E+03
  95.350	 0.000E+00	 1.794E+03	 1.593E+03
  95.400	 0.000E+00	 1.920E+03	 1.546E+03
  95.450	 0.000E+00	 2.037E+03	 1.536E+03
  95.500	 0.000E+00	 2.141E+03	 1.534E+03
  95.550	 0.000E+00	 2.241E+03	 1.578E+03
  95.600	 0.000E+00	 2.332E+03	 1.627E+03
  95.650	 0.000E+00	 2.417E+03	 1.687E+03
  95.700	 0.000E+00	 2.497E+03	 1.728E+03
  95.750	 0.000E+00	 2.571E+03	 1.739E+03
  95.800	 0.000E+00	 2.647E+03	 1.762E+03
  95.850	 0.000E+00	 2.724E+03	 1.761E+03
  95.900	 0.000E+00	 2.804E+03	 1.779E+03
  95.950	 0.000E+00	 2.890E+03	 1.828E+03
  96.000	 0.000E+00	 2.979E+03	 1.890E+03
  96.050	 0.000E+00	 3.065E+03	 1.956E+03
  96.100	 0.000E+00	 3.155E+03	 2.048E+03
  96.150	 0.000E+00	 3.241E+03	 2.090E+03
  96.200	 0.000E+00	 3.327E+03	 2.148E+03
  96.250	 0.000E+00	 3.398E+03	 2.134E+03
  96.300	 0.000E+00	 3.459E+03	 2.110E+03
  96.350	 0.000E+00	 3.508E+03	 2.077E+03
  96.400	 0.000E+00	 3.550E+03	 2.074E+03
  96.450	 0.000E+00	 3.578E+03	 2.111E+03
  96.500	 0.000E+00	 3.600E+03	 2.182E+03
  96.550	 0.000E+00	 3.607E+03	 2.253E+03
  96.600	 0.000E+00	 3.609E+03	 2.326E+03
  96.650	 0.000E+00	 3.607E+03	 2.386E+03
  96.700	 0.000E+00	 3.601E+03	 2.421E+03
  96.750	 0.000E+00	 3.591E+03	 2.413E+03
  96.800	 0.000E+00	 3.582E+03	 2.392E+03
  96.850	 0.000E+00	 3.576E+03	 2.350E+03
  96.900	 0.000E+00	 3.572E+03	 2.317E+03
  96.950	 0.000E+00	 3.567E+03	 2.280E+03
  97.000	 0.000E+00	 3.559E+03	 2.247E+03
  97.050	 0.000E+00	 3.554E+03	 2.232E+03
  97.100	 0.000E+00	 3.544E+03	 2.228E+03
  97.150	 0.000E+00	 3.533E+03	 2.253E+03
  97.200	 0.000E+00	 3.510E+03	 2.275E+03
  97.250	 0.000E+00	 3.482E+03	 2.303E+03
  97.300	 0.000E+00	 3.438E+03	 2.309E+03
  97.350	 0.000E+00	 3.387E+03	 2.302E+03
  97.400	 0.000E+00	 3.324E+03	 2.291E+03
  97.450	 0.000E+00	 3.254E+03	 2.260E+03
  97.500	 0.000E+00	 3.176E+03	 2.224E+03
  97.550	 0.000E+00	 3.097E+03	 2.183E+03
  97.600	 0.000E+00	 3.005E+03	 2.133E+03
  97.650	 0.000E+00	 2.922E+03	 2.136E+03
  97.700	 0.000E+00	 2.833E+03	 2.133E+03
  97.750	 0.000E+00	 2.752E+03	 2.188E+03
  97.800	 0.000E+00	 2.668E+03	 2.208E+03
  97.850	 0.000E+00	 2.590E+03	 2.249E+03
  97.900	 0.000E+00	 2.502E+03	 2.237E+03
  97.950	 0.000E+00	 2.418E+03	 2.212E+03
  98.000	 0.000E+00	 2.330E+03	 2.145E+03
  98.050	 0.000E+00	 2.238E+03	 2.088E+03
  98.100	 0.000E+00	 2.135E+03	 2.025E+03
  98.150	 0.000E+00	 2.034E+03	 1.998E+03
  98.200	 0.000E+00	 1.920E+03	 2.005E+03
  98.250	 0.000E+00	 1.807E+03	 2.089E+03
  98.300	 0.000E+00	 1.688E+03	 2.189E+03
  98.350	 0.000E+00	 1.560E+03	 2.265E+03
  98.400	 0.000E+00	 1.428E+03	 2.343E+03
  98.450	 0.000E+00	 1.296E+03	 2.361E+03
  98.500	 0.000E+00	 1.161E+03	 2.334E+03
  98.550	 0.000E+00	 1.030E+03	 2.294E+03
  98.600	 0.000E+00	 8.956E+02	 2.246E+03
  98.650	 0.000E+00	 7.714E+02	 2.204E+03
  98.700	 0.000E+00	 6.502E+02	 2.211E+03
  98.750	 0.000E+00	 5.299E+02	 2.215E+03
  98.800	 0.000E+00	 4.179E+02	 2.245E+03
  98.850	 0.000E+00	 3.051E+02	 2.289E+03
  98.900	 0.000E+00	 1.841E+02	 2.293E+03
  98.950	 0.000E+00	 6.687E+01	 2.284E+03
  99.000	 0.000E+00	-5.855E+01	 2.250E+03
  99.050	 0.000E+00	-1.945E+02	 2.181E+03
  99.100	 0.000E+00	-3.282E+02	 2.124E+03
  99.150	 0.000E+00	-4.683E+02	 2.076E+03
  99.200	 0.000E+00	-6.167E+02	 2.031E+03
  99.250	 0.000E+00	-7.620E+02	 2.012E+03
  99.300	 0.000E+00	-9.061E+02	 2.021E+03
  99.350	 0.000E+00	-1.050E+03	 2.047E+03
  99.400	 0.000E+00	-1.189E+03	 2.065E+03
  99.450	 0.000E+00	-1.318E+03	 2.058E+03
  99.500	 0.000E+00	-1.451E+03	 2.018E+03
  99.550	 0.000E+00	-1.575E+03	 1.957E+03
  99.600	 0.000E+00	-1.680E+03	 1.922E+03
  99.650	 0.000E+00	-1.787E+03	 1.885E+03
  99.700	 0.000E+00	-1.889E+03	 1.875E+03
  99.750	 0.000E+00	-1.982E+03	 1.890E+03
  99.800	 0.000E+00	-2.074E+03	 1.916E+03
  99.850	 0.000E+00	-2.164E+03	 1.950E+03
  99.900	 0.000E+00	-2.256E+03	 1.953E+03
  99.950	 0.000E+00	-2.351E+03	 1.938E+03
 100.000	 0.000E+00	-2.444E+03	 1.929E+03
 100.050	 0.000E+00	-2.534E+03	 1.908E+03
 100.100	 0.000E+00	-2.629E+03	 1.863E+03
 100.150	 0.000E+00	-2.725E+03	 1.828E+03
 100.200	 0.000E+00	-2.816E+03	 1.813E+03
 100.250	 0.000E+00	-2.906E+03	 1.801E+03
 100.300	 0.000E+00	-2.990E+03	 1.835E+03
 100.350	 0.000E+00	-3.065E+03	 1.898E+03
 100.400	 0.000E+00	-3.136E+03	 1.961E+03
 100.450	 0.000E+00	-3.195E+03	 2.045E+03
 100.500	 0.000E+00	-3.248E+03	 2.095E+03
 100.550	 0.000E+00	-3.294E+03	 2.105E+03
 100.600	 0.000E+00	-3.329E+03	 2.094E+03
 100.650	 0.000E+00	-3.364E+03	 2.037E+03
 100.700	 0.000E+00	-3.391E+03	 1.970E+03
 100.750	 0.000E+00	-3.417E+03	 1.905E+03
 100.800	 0.000E+00	-3.437E+03	 1.871E+03
 100.850	 0.000E+00	-3.456E+03	 1.862E+03
 100.900	 0.000E+00	-3.477E+03	 1.867E+03
 100.950	 0.000E+00	-3.491E+03	 1.918E+03
 101.000	 0.000E+00	-3.507E+03	 1.951E+03
 101.050	 0.000E+00	-3.520E+03	 1.997E+03
 101.100	 0.000E+00	-3.532E+03	 2.005E+03
 101.150	 0.000E+00	-3.540E+03	 2.013E+03
 101.200	 0.000E+00	-3.540E+03	 1.997E+03
 101.250	 0.000E+00	-3.538E+03	 1.967E+03
 101.300	 0.000E+00	-3.527E+03	 1.948E+03
 101.350	 0.000E+00	-3.505E+03	 1.927E+03
 101.400	 0.000E+00	-3.476E+03	 1.924E+03
 101.450	 0.000E+00	-3.436E+03	 1.911E+03
 101.500	 0.000E+00	-3.393E+03	 1.898E+03
 101.550	 0.000E+00	-3.343E+03	 1.858E+03
 101.600	 0.000E+00	-3.288E+03	 1.789E+03
 101.650	 0.000E+00	-3.234E+03	 1.699E+03
 101.700	 0.000E+00	-3.177E+03	 1.586E+03
 101.750	 0.000E+00	-3.116E+03	 1.490E+03
 101.800	 0.000E+00	-3.057E+03	 1.403E+03
 101.850	 0.000E+00	-2.998E+03	 1.334E+03
 101.900	 0.000E+00	-2.930E+03	 1.297E+03
 101.950	 0.000E+00	-2.866E+03	 1.296E+03
 102.000	 0.000E+00	-2.793E+03	 1.298E+03
 102.050	 0.000E+00	-2.714E+03	 1.291E+03
 102.100	 0.000E+00	-2.636E+03	 1.292E+03
 102.150	 0.000E+00	-2.549E+03	 1.285E+03
 102.200	 0.000E+00	-2.458E+03	 1.260E+03
 102.250	 0.000E+00	-2.357E+03	 1.258E+03
 102.300	 0.000E+00	-2.243E+03	 1.266E+03
 102.350	 0.000E+00	-2.135E+03	 1.269E+03
 102.400	 0.000E+00	-2.012E+03	 1.318E+03
 102.450	 0.000E+00	-1.886E+03	 1.382E+03
 102.500	 0.000E+00	-1.760E+03	 1.471E+03
 102.550	 0.000E+00	-1.624E+03	 1.579E+03
 102.600	 0.000E+00	-1.492E+03	 1.686E+03
 102.650	 0.000E+00	-1.363E+03	 1.777E+03
 102.700	 0.000E+00	-1.230E+03	 1.842E+03
 102.750	 0.000E+00	-1.102E+03	 1.893E+03
 102.800	 0.000E+00	-9.770E+02	 1.918E+03
 102.850	 0.000E+00	-8.549E+02	 1.905E+03
 102.900	 0.000E+00	-7.359E+02	 1.874E+03
 102.950	 0.000E+00	-6.198E+02	 1.832E+03
 103.000	 0.000E+00	-4.984E+02	 1.787E+03
 103.050	 0.000E+00	-3.775E+02	 1.761E+03
 103.100	 0.000E+00	-2.532E+02	 1.742E+03
 103.150	 0.000E+00	-1.243E+02	 1.739E+03
 103.200	 0.000E+00	 6.460E+00	 1.743E+03
 103.250	 0.000E+00	 1.413E+02	 1.752E+03
 103.300	 0.000E+00	 2.823E+02	 1.752E+03
 103.350	 0.000E+00	 4.183E+02	 1.717E+03
 103.400	 0.000E+00	 5.575E+02	 1.671E+03
 103.450	 0.000E+00	 6.960E+02	 1.631E+03
 103.500	 0.000E+00	 8.271E+02	 1.576E+03
 103.550	 0.000E+00	 9.633E+02	 1.549E+03
 103.600	 0.000E+00	 1.095E+03	 1.527E+03
 103.650	 0.000E+00	 1.218E+03	 1.555E+03
 103.700	 0.000E+00	 1.342E+03	 1.600E+03
 103.750	 0.000E+00	 1.464E+03	 1.659E+03
 103.800	 0.000E+00	 1.579E+03	 1.710E+03
 103.850	 0.000E+00	 1.688E+03	 1.759E+03
 103.900	 0.000E+00	 1.804E+03	 1.802E+03
 103.950	 0.000E+00	 1.910E+03	 1.820E+03
 104.000	 0.000E+00	 2.018E+03	 1.849E+03
 104.050	 0.000E+00	 2.127E+03	 1.873E+03
 104.100	 0.000E+00	 2.232E+03	 1.898E+03
 104.150	 0.000E+00	 2.340E+03	 1.944E+03
 104.200	 0.000E+00	 2.452E+03	 2.012E+03
 104.250	 0.000E+00	 2.556E+03	 2.050E+03
 104.300	 0.000E+00	 2.659E+03	 2.098E+03
 104.350	 0.000E+00	 2.758E+03	 2.103E+03
 104.400	 0.000E+00	 2.853E+03	 2.094E+03
 104.450	 0.000E+00	 2.940E+03	 2.045E+03
 104.500	 0.000E+00	 3.021E+03	 1.976E+03
 104.550	 0.000E+00	 3.093E+03	 1.886E+03
 104.600	 0.000E+00	 3.158E+03	 1.797E+03
 104.650	 0.000E+00	 3.217E+03	 1.715E+03
 104.700	 0.000E+00	 3.271E+03	 1.669E+03
 104.750	 0.000E+00	 3.315E+03	 1.640E+03
 104.800	 0.000E+00	 3.360E+03	 1.652E+03
 104.850	 0.000E+00	 3.401E+03	 1.685E+03
 104.900	 0.000E+00	 3.439E+03	 1.721E+03
 104.950	 0.000E+00	 3.469E+03	 1.742E+03
 105.000	 0.000E+00	 3.501E+03	 1.761E+03
 105.050	 0.000E+00	 3.531E+03	 1.768E+03
 105.100	 0.000E+00	 3.556E+03	 1.766E+03
 105.150	 0.000E+00	 3.581E+03	 1.790E+03
 105.200	 0.000E+00	 3.603E+03	 1.842E+03
 105.250	 0.000E+00	 3.622E+03	 1.903E+03
 105.300	 0.000E+00	 3.637E+03	 1.980E+03
 105.350	 0.000E+00	 3.650E+03	 2.046E+03
 105.400	 0.000E+00	 3.654E+03	 2.101E+03
 105.450	 0.000E+00	 3.647E+03	 2.115E+03
 105.500	 0.000E+00	 3.636E+03	 2.120E+03
 105.550	 0.000E+00	 3.614E+03	 2.120E+03
 105.600	 0.000E+00	 3.584E+03	 2.132E+03
 105.650	 0.000E+00	 3.545E+03	 2.169E+03
 105.700	 0.000E+00	 3.498E+03	 2.207E+03
 105.750	 0.000E+00	 3.447E+03	 2.266E+03
 105.800	 0.000E+00	 3.389E+03	 2.317E+03
 105.850	 0.000E+00	 3.336E+03	 2.370E+03
 105.900	 0.000E+00	 3.277E+03	 2.409E+03
 105.950	 0.000E+00	 3.222E+03	 2.426E+03
 106.000	 0.000E+00	 3.165E+03	 2.431E+03
 106.050	 0.000E+00	 3.108E+03	 2.415E+03
 106.100	 0.000E+00	 3.052E+03	 2.376E+03
 106.150	 0.000E+00	 2.997E+03	 2.340E+03
 106.200	 0.000E+00	 2.932E+03	 2.292E+03
 106.250	 0.000E+00	 2.864E+03	 2.268E+03
 106.300	 0.000E+00	 2.790E+03	 2.234E+03
 106.350	 0.000E+00	 2.703E+03	 2.219E+03
 106.400	 0.000E+00	 2.614E+03	 2.215E+03
 106.450	 0.000E+00	 2.510E+03	 2.188E+03
 106.500	 0.000E+00	 2.402E+03	 2.163E+03
 106.550	 0.000E+00	 2.285E+03	 2.137E+03
 106.600	 0.000E+00	 2.156E+03	 2.083E+03
 106.650	 0.000E+00	 2.030E+03	 2.043E+03
 106.700	 0.000E+00	 1.901E+03	 2.024E+03
 106.750	 0.000E+00	 1.769E+03	 1.987E+03
 106.800	 0.000E+00	 1.646E+03	 2.022E+03
 106.850	 0.000E+00	 1.519E+03	 2.051E+03
 106.900	 0.000E+00	 1.403E+03	 2.117E+03
 106.950	 0.000E+00	 1.290E+03	 2.198E+03
 107.000	 0.000E+00	 1.175E+03	 2.282E+03
 107.050	 0.000E+00	 1.067E+03	 2.383E+03
 107.100	 0.000E+00	 9.607E+02	 2.463E+03
 107.150	 0.000E+00	 8.502E+02	 2.530E+03
 107.200	 0.000E+00	 7.473E+02	 2.603E+03
 107.250	 0.000E+00	 6.367E+02	 2.652E+03
 107.300	 0.000E+00	 5.194E+02	 2.649E+03
 107.350	 0.000E+00	 3.996E+02	 2.670E+03
 107.400	 0.000E+00	 2.732E+02	 2.664E+03
 107.450	 0.000E+00	 1.387E+02	 2.659E+03
 107.500	 0.000E+00	-3.368E+00	 2.611E+03
 107.550	 0.000E+00	-1.484E+02	 2.581E+03
 107.600	 0.000E+00	-3.035E+02	 2.548E+03
 107.650	 0.000E+00	-4.464E+02	 2.509E+03
 107.700	 0.000E+00	-5.845E+02	 2.476E+03
 107.750	 0.000E+00	-7.304E+02	 2.422E+03
 107.800	 0.000E+00	-8.679E+02	 2.345E+03
 107.850	 0.000E+00	-9.893E+02	 2.291E+03
 107.900	 0.000E+00	-1.112E+03	 2.213E+03
 107.950	 0.000E+00	-1.229E+03	 2.135E+03
 108.000	 0.000E+00	-1.338E+03	 2.109E+03
 108.050	 0.000E+00	-1.446E+03	 2.124E+03
 108.100	 0.000E+00	-1.549E+03	 2.159E+03
 108.150	 0.000E+00	-1.655E+03	 2.199E+03
 108.200	 0.000E+00	-1.762E+03	 2.253E+03
 108.250	 0.000E+00	-1.874E+03	 2.258E+03
 108.300	 0.000E+00	-1.988E+03	 2.239E+03
 108.350	 0.000E+00	-2.105E+03	 2.191E+03
 108.400	 0.000E+00	-2.221E+03	 2.142E+03
 108.450	 0.000E+00	-2.337E+03	 2.081E+03
 108.500	 0.000E+00	-2.451E+03	 2.028E+03
 108.550	 0.000E+00	-2.563E+03	 2.000E+03
 108.600	 0.000E+00	-2.670E+03	 1.969E+03
 108.650	 0.000E+00	-2.765E+03	 1.968E+03
 108.700	 0.000E+00	-2.859E+03	 1.947E+03
 108.750	 0.000E+00	-2.942E+03	 1.905E+03
 108.800	 0.000E+00	-3.016E+03	 1.859E+03
 108.850	 0.000E+00	-3.080E+03	 1.806E+03
 108.900	 0.000E+00	-3.136E+03	 1.754E+03
 108.950	 0.000E+00	-3.183E+03	 1.717E+03
 109.000	 0.000E+00	-3.223E+03	 1.712E+03
 109.050	 0.000E+00	-3.259E+03	 1.729E+03
 109.100	 0.000E+00	-3.290E+03	 1.779E+03
 109.150	 0.000E+00	-3.315E+03	 1.850E+03
 109.200	 0.000E+00	-3.343E+03	 1.907E+03
 109.250	 0.000E+00	-3.369E+03	 1.952E+03
 109.300	 0.000E+00	-3.399E+03	 1.965E+03
 109.350	 0.000E+00	-3.427E+03	 1.970E+03
 109.400	 0.000E+00	-3.457E+03	 1.946E+03
 109.450	 0.000E+00	-3.481E+03	 1.944E+03
 109.500	 0.000E+00	-3.505E+03	 1.951E+03
 109.550	 0.000E+00	-3.519E+03	 1.974E+03
 109.600	 0.000E+00	-3.531E+03	 2.028E+03
 109.650	 0.000E+00	-3.533E+03	 2.095E+03
 109.700	 0.000E+00	-3.531E+03	 2.128E+03
 109.750	 0.000E+00	-3.527E+03	 2.097E+03
 109.800	 0.000E+00	-3.511E+03	 2.047E+03
 109.850	 0.000E+00	-3.493E+03	 1.963E+03
 109.900	 0.000E+00	-3.463E+03	 1.861E+03
 109.950	 0.000E+00	-3.433E+03	 1.765E+03
 110.000	 0.000E+00	-3.398E+03	 1.684E+03
 110.050	 0.000E+00	-3.355E+03	 1.629E+03
 110.100	 0.000E+00	-3.306E+03	 1.612E+03
 110.150	 0.000E+00	-3.261E+03	 1.581E+03
 110.200	 0.000E+00	-3.203E+03	 1.565E+03
 110.250	 0.000E+00	-3.144E+03	 1.523E+03
 110.300	 0.000E+00	-3.092E+03	 1.472E+03
 110.350	 0.000E+00	-3.026E+03	 1.396E+03
 110.400	 0.000E+00	-2.969E+03	 1.338E+03
 110.450	 0.000E+00	-2.895E+03	 1.315E+03
 110.500	 0.000E+00	-2.816E+03	 1.320E+03
 110.550	 0.000E+00	-2.726E+03	 1.352E+03
 110.600	 0.000E+00	-2.628E+03	 1.451E+03
 110.650	 0.000E+00	-2.526E+03	 1.512E+03
 110.700	 0.000E+00	-2.410E+03	 1.589E+03
 110.750	 0.000E+00	-2.297E+03	 1.638E+03
 110.800	 0.000E+00	-2.181E+03	 1.649E+03
 110.850	 0.000E+00	-2.068E+03	 1.593E+03
 110.900	 0.000E+00	-1.952E+03	 1.548E+03
 110.950	 0.000E+00	-1.840E+03	 1.507E+03
 111.000	 0.000E+00	-1.729E+03	 1.510E+03
 111.050	 0.000E+00	-1.615E+03	 1.564E+03
 111.100	 0.000E+00	-1.506E+03	 1.663E+03
 111.150	 0.000E+00	-1.389E+03	 1.779E+03
 111.200	 0.000E+00	-1.274E+03	 1.907E+03
 111.250	 0.000E+00	-1.163E+03	 1.976E+03
 111.300	 0.000E+00	-1.035E+03	 2.012E+03
 111.350	 0.000E+00	-9.158E+02	 1.960E+03
 111.400	 0.000E+00	-7.957E+02	 1.863E+03
 111.450	 0.000E+00	-6.668E+02	 1.733E+03
 111.500	 0.000E+00	-5.337E+02	 1.599E+03
 111.550	 0.000E+00	-4.059E+02	 1.506E+03
 111.600	 0.000E+00	-2.694E+02	 1.444E+03
 111.650	 0.000E+00	-1.241E+02	 1.421E+03
 111.700	 0.000E+00	 9.074E+00	 1.417E+03
 111.750	 0.000E+00	 1.450E+02	 1.439E+03
 111.800	 0.000E+00	 2.840E+02	 1.424E+03
 111.850	 0.000E+00	 4.179E+02	 1.409E+03
 111.900	 0.000E+00	 5.478E+02	 1.359E+03
 111.950	 0.000E+00	 6.726E+02	 1.303E+03
 112.000	 0.000E+00	 7.987E+02	 1.249E+03
 112.050	 0.000E+00	 9.159E+02	 1.241E+03
 112.100	 0.000E+00	 1.039E+03	 1.276E+03
 112.150	 0.000E+00	 1.161E+03	 1.355E+03
 112.200	 0.000E+00	 1.284E+03	 1.454E+03
 112.250	 0.000E+00	 1.410E+03	 1.548E+03
 112.300	 0.000E+00	 1.536E+03	 1.623E+03
 112.350	 0.000E+00	 1.660E+03	 1.677E+03
 112.400	 0.000E+00	 1.786E+03	 1.706E+03
 112.450	 0.000E+00	 1.914E+03	 1.718E+03
 112.500	 0.000E+00	 2.033E+03	 1.743E+03
 112.550	 0.000E+00	 2.154E+03	 1.796E+03
 112.600	 0.000E+00	 2.278E+03	 1.899E+03
 112.650	 0.000E+00	 2.390E+03	 2.013E+03
 112.700	 0.000E+00	 2.498E+03	 2.138E+03
 112.750	 0.000E+00	 2.601E+03	 2.239E+03
 112.800	 0.000E+00	 2.689E+03	 2.280E+03
 112.850	 0.000E+00	 2.770E+03	 2.284E+03
 112.900	 0.000E+00	 2.849E+03	 2.235E+03
 112.950	 0.000E+00	 2.918E+03	 2.162E+03
 113.000	 0.000E+00	 2.984E+03	 2.098E+03
 113.050	 0.000E+00	 3.047E+03	 2.035E+03
 113.100	 0.000E+00	 3.109E+03	 2.015E+03
 113.150	 0.000E+00	 3.172E+03	 2.009E+03
 113.200	 0.000E+00	 3.230E+03	 1.981E+03
 113.250	 0.000E+00	 3.278E+03	 1.921E+03
 113.300	 0.000E+00	 3.331E+03	 1.890E+03
 113.350	 0.000E+00	 3.382E+03	 1.840E+03
 113.400	 0.000E+00	 3.427E+03	 1.773E+03
 113.450	 0.000E+00	 3.467E+03	 1.708E+03
 113.500	 0.000E+00	 3.505E+03	 1.652E+03
 113.550	 0.000E+00	 3.534E+03	 1.618E+03
 113.600	 0.000E+00	 3.562E+03	 1.617E+03
 113.650	 0.000E+00	 3.586E+03	 1.647E+03
 113.700	 0.000E+00	 3.601E+03	 1.706E+03
 113.750	 0.000E+00	 3.610E+03	 1.744E+03
 113.800	 0.000E+00	 3.613E+03	 1.800E+03
 113.850	 0.000E+00	 3.614E+03	 1.867E+03
 113.900	 0.000E+00	 3.608E+03	 1.888E+03
 113.950	 0.000E+00	 3.595E+03	 1.884E+03
 114.000	 0.000E+00	 3.578E+03	 1.909E+03
 114.050	 0.000E+00	 3.558E+03	 1.930E+03
 114.100	 0.000E+00	 3.536E+03	 1.980E+03
 114.150	 0.000E+00	 3.514E+03	 2.067E+03
 114.200	 0.000E+00	 3.488E+03	 2.156E+03
 114.250	 0.000E+00	 3.463E+03	 2.239E+03
 114.300	 0.000E+00	 3.423E+03	 2.287E+03
 114.350	 0.000E+00	 3.382E+03	 2.309E+03
 114.400	 0.000E+00	 3.337E+03	 2.300E+03
 114.450	 0.000E+00	 3.280E+03	 2.266E+03
 114.500	 0.000E+00	 3.218E+03	 2.206E+03
 114.550	 0.000E+00	 3.153E+03	 2.153E+03
 114.600	 0.000E+00	 3.078E+03	 2.076E+03
 114.650	 0.000E+00	 2.997E+03	 2.020E+03
 114.700	 0.000E+00	 2.914E+03	 1.974E+03
 114.750	 0.000E+00	 2.824E+03	 1.950E+03
 114.800	 0.000E+00	 2.729E+03	 1.913E+03
 114.850	 0.000E+00	 2.636E+03	 1.891E+03
 114.900	 0.000E+00	 2.540E+03	 1.862E+03
 114.950	 0.000E+00	 2.438E+03	 1.839E+03
 115.000	 0.000E+00	 2.337E+03	 1.815E+03
 115.050	 0.000E+00	 2.236E+03	 1.802E+03
 115.100	 0.000E+00	 2.137E+03	 1.816E+03
 115.150	 0.000E+00	 2.028E+03	 1.813E+03
 115.200	 0.000E+00	 1.927E+03	 1.830E+03
 115.250	 0.000E+00	 1.821E+03	 1.883E+03
 115.300	 0.000E+00	 1.712E+03	 1.936E+03
 115.350	 0.000E+00	 1.608E+03	 2.013E+03
 115.400	 0.000E+00	 1.489E+03	 2.079E+03
 115.450	 0.000E+00	 1.372E+03	 2.185E+03
 115.500	 0.000E+00	 1.251E+03	 2.250E+03
 115.550	 0.000E+00	 1.130E+03	 2.333E+03
 115.600	 0.000E+00	 9.943E+02	 2.364E+03
 115.650	 0.000E+00	 8.665E+02	 2.396E+03
 115.700	 0.000E+00	 7.363E+02	 2.396E+03
 115.750	 0.000E+00	 5.961E+02	 2.365E+03
 115.800	 0.000E+00	 4.563E+02	 2.326E+03
 115.850	 0.000E+00	 3.267E+02	 2.286E+03
 115.900	 0.000E+00	 1.860E+02	 2.252E+03
 115.950	 0.000E+00	 5.104E+01	 2.246E+03
 116.000	 0.000E+00	-7.610E+01	 2.246E+03
 116.050	 0.000E+00	-2.040E+02	 2.261E+03
 116.100	 0.000E+00	-3.297E+02	 2.297E+03
 116.150	 0.000E+00	-4.536E+02	 2.332E+03
 116.200	 0.000E+00	-5.753E+02	 2.354E+03
 116.250	 0.000E+00	-6.973E+02	 2.359E+03
 116.300	 0.000E+00	-8.144E+02	 2.378E+03
 116.350	 0.000E+00	-9.324E+02	 2.391E+03
 116.400	 0.000E+00	-1.051E+03	 2.400E+03
 116.450	 0.000E+00	-1.168E+03	 2.434E+03
 116.500	 0.000E+00	-1.287E+03	 2.466E+03
 116.550	 0.000E+00	-1.405E+03	 2.477E+03
 116.600	 0.000E+00	-1.529E+03	 2.446E+03
 116.650	 0.000E+00	-1.653E+03	 2.398E+03
 116.700	 0.000E+00	-1.778E+03	 2.339E+03
 116.750	 0.000E+00	-1.902E+03	 2.243E+03
 116.800	 0.000E+00	-2.027E+03	 2.176E+03
 116.850	 0.000E+00	-2.147E+03	 2.111E+03
 116.900	 0.000E+00	-2.267E+03	 2.057E+03
 116.950	 0.000E+00	-2.375E+03	 2.044E+03
 117.000	 0.000E+00	-2.480E+03	 2.022E+03
 117.050	 0.000E+00	-2.578E+03	 2.001E+03
 117.100	 0.000E+00	-2.666E+03	 2.014E+03
 117.150	 0.000E+00	-2.750E+03	 2.009E+03
 117.200	 0.000E+00	-2.824E+03	 2.018E+03
 117.250	 0.000E+00	-2.894E+03	 2.024E+03
 117.300	 0.000E+00	-2.957E+03	 2.043E+03
 117.350	 0.000E+00	-3.017E+03	 2.059E+03
 117.400	 0.000E+00	-3.074E+03	 2.073E+03
 117.450	 0.000E+00	-3.131E+03	 2.089E+03
 117.500	 0.000E+00	-3.182E+03	 2.092E+03
 117.550	 0.000E+00	-3.229E+03	 2.105E+03
 117.600	 0.000E+00	-3.279E+03	 2.082E+03
 117.650	 0.000E+00	-3.322E+03	 2.073E+03
 117.700	 0.000E+00	-3.364E+03	 2.039E+03
 117.750	 0.000E+00	-3.405E+03	 1.979E+03
 117.800	 0.000E+00	-3.441E+03	 1.916E+03
 117.850	 0.000E+00	-3.473E+03	 1.858E+03
 117.900	 0.000E+00	-3.503E+03	 1.778E+03
 117.950	 0.000E+00	-3.525E+03	 1.710E+03
 118.000	 0.000E+00	-3.543E+03	 1.672E+03
 118.050	 0.000E+00	-3.550E+03	 1.668E+03
 118.100	 0.000E+00	-3.553E+03	 1.690E+03
 118.150	 0.000E+00	-3.545E+03	 1.731E+03
 118.200	 0.000E+00	-3.533E+03	 1.782E+03
 118.250	 0.000E+00	-3.518E+03	 1.816E+03
 118.300	 0.000E+00	-3.496E+03	 1.829E+03
 118.350	 0.000E+00	-3.472E+03	 1.840E+03
 118.400	 0.000E+00	-3.443E+03	 1.819E+03
 118.450	 0.000E+00	-3.413E+03	 1.793E+03
 118.500	 0.000E+00	-3.379E+03	 1.759E+03
 118.550	 0.000E+00	-3.344E+03	 1.736E+03
 118.600	 0.000E+00	-3.297E+03	 1.718E+03
 118.650	 0.000E+00	-3.254E+03	 1.715E+03
 118.700	 0.000E+00	-3.205E+03	 1.694E+03
 118.750	 0.000E+00	-3.143E+03	 1.692E+03
 118.800	 0.000E+00	-3.089E+03	 1.675E+03
 118.850	 0.000E+00	-3.017E+03	 1.659E+03
 118.900	 0.000E+00	-2.946E+03	 1.625E+03
 118.950	 0.000E+00	-2.862E+03	 1.598E+03
 119.000	 0.000E+00	-2.777E+03	 1.566E+03
 119.050	 0.000E+00	-2.684E+03	 1.546E+03
 119.100	 0.000E+00	-2.595E+03	 1.529E+03
 119.150	 0.000E+00	-2.491E+03	 1.544E+03
 119.200	 0.000E+00	-2.383E+03	 1.563E+03
 119.250	 0.000E+00	-2.283E+03	 1.572E+03
 119.300	 0.000E+00	-2.177E+03	 1.583E+03
 119.350	 0.000E+00	-2.066E+03	 1.564E+03
 119.400	 0.000E+00	-1.960E+03	 1.563E+03
 119.450	 0.000E+00	-1.859E+03	 1.551E+03
 119.500	 0.000E+00	-1.745E+03	 1.575E+03
 119.550	 0.000E+00	-1.645E+03	 1.590E+03
 119.600	 0.000E+00	-1.538E+03	 1.643E+03
 119.650	 0.000E+00	-1.417E+03	 1.720E+03
 119.700	 0.000E+00	-1.300E+03	 1.779E+03
 119.750	 0.000E+00	-1.183E+03	 1.828E+03
 119.800	 0.000E+00	-1.054E+03	 1.879E+03
 119.850	 0.000E+00	-9.179E+02	 1.894E+03
 119.900	 0.000E+00	-7.881E+02	 1.882E+03
 119.950	 0.000E+00	-6.538E+02	 1.848E+03
 120.000	 0.000E+00	-5.109E+02	 1.798E+03
 120.050	 0.000E+00	-3.784E+02	 1.734E+03
 120.100	 0.000E+00	-2.399E+02	 1.701E+03
 120.150	 0.000E+00	-1.017E+02	 1.701E+03
 120.200	 0.000E+00	 3.605E+01	 1.750E+03
 120.250	 0.000E+00	 1.720E+02	 1.809E+03
 120.300	 0.000E+00	 3.057E+02	 1.845E+03
 120.350	 0.000E+00	 4.367E+02	 1.861E+03
 120.400	 0.000E+00	 5.582E+02	 1.833E+03
 120.450	 0.000E+00	 6.865E+02	 1.786E+03
 120.500	 0.000E+00	 8.051E+02	 1.676E+03
 120.550	 0.000E+00	 9.251E+02	 1.590E+03
 120.600	 0.000E+00	 1.045E+03	 1.501E+03
 120.650	 0.000E+00	 1.171E+03	 1.470E+03
 120.700	 0.000E+00	 1.293E+03	 1.469E+03
 120.750	 0.000E+00	 1.417E+03	 1.481E+03
 120.800	 0.000E+00	 1.543E+03	 1.518E+03
 120.850	 0.000E+00	 1.662E+03	 1.545E+03
 120.900	 0.000E+00	 1.787E+03	 1.572E+03
 120.950	 0.000E+00	 1.904E+03	 1.561E+03
 121.000	 0.000E+00	 2.013E+03	 1.529E+03
 121.050	 0.000E+00	 2.126E+03	 1.528E+03
 121.100	 0.000E+00	 2.234E+03	 1.528E+03
 121.150	 0.000E+00	 2.339E+03	 1.583E+03
 121.200	 0.000E+00	 2.439E+03	 1.658E+03
 121.250	 0.000E+00	 2.539E+03	 1.757E+03
 121.300	 0.000E+00	 2.628E+03	 1.845E+03
 121.350	 0.000E+00	 2.715E+03	 1.921E+03
 121.400	 0.000E+00	 2.803E+03	 1.957E+03
 121.450	 0.000E+00	 2.882E+03	 1.960E+03
 121.500	 0.000E+00	 2.953E+03	 1.923E+03
 121.550	 0.000E+00	 3.027E+03	 1.872E+03
 121.600	 0.000E+00	 3.102E+03	 1.849E+03
 121.650	 0.000E+00	 3.168E+03	 1.811E+03
 121.700	 0.000E+00	 3.233E+03	 1.783E+03
 121.750	 0.000E+00	 3.296E+03	 1.778E+03
 121.800	 0.000E+00	 3.345E+03	 1.741E+03
 121.850	 0.000E+00	 3.397E+03	 1.750E+03
 121.900	 0.000E+00	 3.443E+03	 1.724E+03
 121.950	 0.000E+00	 3.477E+03	 1.677E+03
 122.000	 0.000E+00	 3.508E+03	 1.637E+03
 122.050	 0.000E+00	 3.533E+03	 1.589E+03
 122.100	 0.000E+00	 3.552E+03	 1.569E+03
 122.150	 0.000E+00	 3.564E+03	 1.546E+03
 122.200	 0.000E+00	 3.575E+03	 1.555E+03
 122.250	 0.000E+00	 3.580E+03	 1.595E+03
 122.300	 0.000E+00	 3.586E+03	 1.655E+03
 122.350	 0.000E+00	 3.589E+03	 1.733E+03
 122.400	 0.000E+00	 3.585E+03	 1.805E+03
 122.450	 0.000E+00	 3.582E+03	 1.880E+03
 122.500	 0.000E+00	 3.573E+03	 1.936E+03
 122.550	 0.000E+00	 3.559E+03	 2.010E+03
 122.600	 0.000E+00	 3.546E+03	 2.069E+03
 122.650	 0.000E+00	 3.527E+03	 2.132E+03
 122.700	 0.000E+00	 3.502E+03	 2.194E+03
 122.750	 0.000E+00	 3.468E+03	 2.230E+03
 122.800	 0.000E+00	 3.433E+03	 2.249E+03
 122.850	 0.000E+00	 3.384E+03	 2.220E+03
 122.900	 0.000E+00	 3.332E+03	 2.170E+03
 122.950	 0.000E+00	 3.268E+03	 2.087E+03
 123.000	 0.000E+00	 3.200E+03	 2.010E+03
 123.050	 0.000E+00	 3.124E+03	 1.935E+03
 123.100	 0.000E+00	 3.037E+03	 1.884E+03
 123.150	 0.000E+00	 2.956E+03	 1.877E+03
 123.200	 0.000E+00	 2.863E+03	 1.874E+03
 123.250	 0.000E+00	 2.771E+03	 1.868E+03
 123.300	 0.000E+00	 2.679E+03	 1.854E+03
 123.350	 0.000E+00	 2.592E+03	 1.849E+03
 123.400	 0.000E+00	 2.501E+03	 1.829E+03
 123.450	 0.000E+00	 2.415E+03	 1.804E+03
 123.500	 0.000E+00	 2.326E+03	 1.773E+03
 123.550	 0.000E+00	 2.240E+03	 1.766E+03
 123.600	 0.000E+00	 2.149E+03	 1.757E+03
 123.650	 0.000E+00	 2.055E+03	 1.785E+03
 123.700	 0.000E+00	 1.961E+03	 1.861E+03
 123.750	 0.000E+00	 1.858E+03	 1.951E+03
 123.800	 0.000E+00	 1.753E+03	 2.096E+03
 123.850	 0.000E+00	 1.639E+03	 2.236E+03
 123.900	 0.000E+00	 1.522E+03	 2.384E+03
 123.950	 0.000E+00	 1.396E+03	 2.490E+03
 124.000	 0.000E+00	 1.268E+03	 2.570E+03
 124.050	 0.000E+00	 1.132E+03	 2.625E+03
 124.100	 0.000E+00	 9.992E+02	 2.676E+03
 124.150	 0.000E+00	 8.615E+02	 2.710E+03
 124.200	 0.000E+00	 7.313E+02	 2.751E+03
 124.250	 0.000E+00	 6.003E+02	 2.778E+03
 124.300	 0.000E+00	 4.729E+02	 2.782E+03
 124.350	 0.000E+00	 3.480E+02	 2.785E+03
 124.400	 0.000E+00	 2.189E+02	 2.730E+03
 124.450	 0.000E+00	 1.007E+02	 2.681E+03
 124.500	 0.000E+00	-2.054E+01	 2.588E+03
 124.550	 0.000E+00	-1.472E+02	 2.496E+03
 124.600	 0.000E+00	-2.677E+02	 2.421E+03
 124.650	 0.000E+00	-3.923E+02	 2.350E+03
 124.700	 0.000E+00	-5.190E+02	 2.295E+03
 124.750	 0.000E+00	-6.500E+02	 2.281E+03
 124.800	 0.000E+00	-7.816E+02	 2.254E+03
 124.850	 0.000E+00	-9.149E+02	 2.242E+03
 124.900	 0.000E+00	-1.055E+03	 2.213E+03
 124.950	 0.000E+00	-1.187E+03	 2.202E+03
 125.000	 0.000E+00	-1.324E+03	 2.179E+03
 125.050	 0.000E+00	-1.461E+03	 2.183E+03
 125.100	 0.000E+00	-1.590E+03	 2.181E+03
 125.150	 0.000E+00	-1.708E+03	 2.200E+03
 125.200	 0.000E+00	-1.832E+03	 2.187E+03
 125.250	 0.000E+00	-1.948E+03	 2.191E+03
 125.300	 0.000E+00	-2.048E+03	 2.179E+03
 125.350	 0.000E+00	-2.150E+03	 2.163E+03
 125.400	 0.000E+00	-2.252E+03	 2.133E+03
 125.450	 0.000E+00	-2.348E+03	 2.123E+03
 125.500	 0.000E+00	-2.437E+03	 2.132E+03
 125.550	 0.000E+00	-2.530E+03	 2.144E+03
 125.600	 0.000E+00	-2.618E+03	 2.179E+03
 125.650	 0.000E+00	-2.701E+03	 2.224E+03
 125.700	 0.000E+00	-2.789E+03	 2.253E+03
 125.750	 0.000E+00	-2.869E+03	 2.281E+03
 125.800	 0.000E+00	-2.943E+03	 2.310E+03
 125.850	 0.000E+00	-3.015E+03	 2.317E+03
 125.900	 0.000E+00	-3.081E+03	 2.298E+03
 125.950	 0.000E+00	-3.138E+03	 2.287E+03
 126.000	 0.000E+00	-3.193E+03	 2.246E+03
 126.050	 0.000E+00	-3.243E+03	 2.185E+03
 126.100	 0.000E+00	-3.285E+03	 2.130E+03
 126.150	 0.000E+00	-3.322E+03	 2.082E+03
 126.200	 0.000E+00	-3.353E+03	 2.025E+03
 126.250	 0.000E+00	-3.380E+03	 1.976E+03
 126.300	 0.000E+00	-3.406E+03	 1.923E+03
 126.350	 0.000E+00	-3.427E+03	 1.872E+03
 126.400	 0.000E+00	-3.452E+03	 1.821E+03
 126.450	 0.000E+00	-3.469E+03	 1.786E+03
 126.500	 0.000E+00	-3.486E+03	 1.756E+03
 126.550	 0.000E+00	-3.501E+03	 1.766E+03
 126.600	 0.000E+00	-3.511E+03	 1.797E+03
 126.650	 0.000E+00	-3.517E+03	 1.837E+03
 126.700	 0.000E+00	-3.526E+03	 1.864E+03
 126.750	 0.000E+00	-3.525E+03	 1.890E+03
 126.800	 0.000E+00	-3.522E+03	 1.888E+03
 126.850	 0.000E+00	-3.508E+03	 1.860E+03
 126.900	 0.000E+00	-3.490E+03	 1.815E+03
 126.950	 0.000E+00	-3.462E+03	 1.780E+03
 127.000	 0.000E+00	-3.428E+03	 1.749E+03
 127.050	 0.000E+00	-3.381E+03	 1.741E+03
 127.100	 0.000E+00	-3.331E+03	 1.756E+03
 127.150	 0.000E+00	-3.267E+03	 1.799E+03
 127.200	 0.000E+00	-3.200E+03	 1.816E+03
 127.250	 0.000E+00	-3.128E+03	 1.852E+03
 127.300	 0.000E+00	-3.055E+03	 1.845E+03
 127.350	 0.000E+00	-2.978E+03	 1.818E+03
 127.400	 0.000E+00	-2.896E+03	 1.783E+03
 127.450	 0.000E+00	-2.821E+03	 1.744E+03
 127.500	 0.000E+00	-2.739E+03	 1.709E+03
 127.550	 0.000E+00	-2.652E+03	 1.719E+03
 127.600	 0.000E+00	-2.561E+03	 1.758E+03
 127.650	 0.000E+00	-2.472E+03	 1.778E+03
 127.700	 0.000E+00	-2.376E+03	 1.794E+03
 127.750	 0.000E+00	-2.282E+03	 1.782E+03
 127.800	 0.000E+00	-2.188E+03	 1.737E+03
 127.850	 0.000E+00	-2.077E+03	 1.701E+03
 127.900	 0.000E+00	-1.976E+03	 1.646E+03
 127.950	 0.000E+00	-1.869E+03	 1.604E+03
 128.000	 0.000E+00	-1.743E+03	 1.610E+03
 128.050	 0.000E+00	-1.632E+03	 1.631E+03
 128.100	 0.000E+00	-1.511E+03	 1.704E+03
 128.150	 0.000E+00	-1.374E+03	 1.802E+03
 128.200	 0.000E+00	-1.245E+03	 1.891E+03
 128.250	 0.000E+00	-1.117E+03	 1.953E+03
 128.300	 0.000E+00	-9.825E+02	 1.984E+03
 128.350	 0.000E+00	-8.512E+02	 1.992E+03
 128.400	 0.000E+00	-7.214E+02	 1.948E+03
 128.450	 0.000E+00	-5.948E+02	 1.867E+03
 128.500	 0.000E+00	-4.679E+02	 1.776E+03
 128.550	 0.000E+00	-3.473E+02	 1.693E+03
 128.600	 0.000E+00	-2.243E+02	 1.630E+03
 128.650	 0.000E+00	-1.009E+02	 1.581E+03
 128.700	 0.000E+00	 1.445E+01	 1.561E+03
 128.750	 0.000E+00	 1.375E+02	 1.557E+03
 128.800	 0.000E+00	 2.665E+02	 1.543E+03
 128.850	 0.000E+00	 3.849E+02	 1.506E+03
 128.900	 0.000E+00	 5.141E+02	 1.465E+03
 128.950	 0.000E+00	 6.495E+02	 1.446E+03
 129.000	 0.000E+00	 7.815E+02	 1.416E+03
 129.050	 0.000E+00	 9.153E+02	 1.411E+03
 129.100	 0.000E+00	 1.053E+03	 1.441E+03
 129.150	 0.000E+00	 1.193E+03	 1.482E+03
 129.200	 0.000E+00	 1.326E+03	 1.539E+03
 129.250	 0.000E+00	 1.457E+03	 1.580E+03
 129.300	 0.000E+00	 1.592E+03	 1.632E+03
 129.350	 0.000E+00	 1.711E+03	 1.661E+03
 129.400	 0.000E+00	 1.828E+03	 1.707E+03
 129.450	 0.000E+00	 1.944E+03	 1.743E+03
 129.500	 0.000E+00	 2.048E+03	 1.796E+03
 129.550	 0.000E+00	 2.149E+03	 1.858E+03
 129.600	 0.000E+00	 2.252E+03	 1.927E+03
 129.650	 0.000E+00	 2.345E+03	 1.989E+03
 129.700	 0.000E+00	 2.432E+03	 2.016E+03
 129.750	 0.000E+00	 2.524E+03	 2.036E+03
 129.800	 0.000E+00	 2.613E+03	 2.031E+03
 129.850	 0.000E+00	 2.702E+03	 2.018E+03
 129.900	 0.000E+00	 2.787E+03	 1.969E+03
 129.950	 0.000E+00	 2.875E+03	 1.936E+03
 130.000	 0.000E+00	 2.956E+03	 1.896E+03
 130.050	 0.000E+00	 3.036E+03	 1.862E+03
 130.100	 0.000E+00	 3.111E+03	 1.838E+03
 130.150	 0.000E+00	 3.180E+03	 1.811E+03
 130.200	 0.000E+00	 3.242E+03	 1.777E+03
 130.250	 0.000E+00	 3.300E+03	 1.748E+03
 130.300	 0.000E+00	 3.347E+03	 1.711E+03
 130.350	 0.000E+00	 3.394E+03	 1.714E+03
 130.400	 0.000E+00	 3.432E+03	 1.709E+03
 130.450	 0.000E+00	 3.468E+03	 1.729E+03
 130.500	 0.000E+00	 3.495E+03	 1.747E+03
 130.550	 0.000E+00	 3.521E+03	 1.741E+03
 130.600	 0.000E+00	 3.546E+03	 1.719E+03
 130.650	 0.000E+00	 3.563E+03	 1.672E+03
 130.700	 0.000E+00	 3.575E+03	 1.625E+03
 130.750	 0.000E+00	 3.581E+03	 1.563E+03
 130.800	 0.000E+00	 3.593E+03	 1.547E+03
 130.850	 0.000E+00	 3.593E+03	 1.544E+03
 130.900	 0.000E+00	 3.593E+03	 1.565E+03
 130.950	 0.000E+00	 3.588E+03	 1.607E+03
 131.000	 0.000E+00	 3.579E+03	 1.679E+03
 131.050	 0.000E+00	 3.564E+03	 1.751E+03
 131.100	 0.000E+00	 3.548E+03	 1.815E+03
 131.150	 0.000E+00	 3.527E+03	 1.869E+03
 131.200	 0.000E+00	 3.489E+03	 1.881E+03
 131.250	 0.000E+00	 3.454E+03	 1.880E+03
 131.300	 0.000E+00	 3.408E+03	 1.877E+03
 131.350	 0.000E+00	 3.355E+03	 1.895E+03
 131.400	 0.000E+00	 3.300E+03	 1.894E+03
 131.450	 0.000E+00	 3.235E+03	 1.908E+03
 131.500	 0.000E+00	 3.169E+03	 1.957E+03
 131.550	 0.000E+00	 3.101E+03	 2.004E+03
 131.600	 0.000E+00	 3.033E+03	 2.049E+03
 131.650	 0.000E+00	 2.962E+03	 2.097E+03
 131.700	 0.000E+00	 2.884E+03	 2.117E+03
 131.750	 0.000E+00	 2.813E+03	 2.147E+03
 131.800	 0.000E+00	 2.730E+03	 2.154E+03
 131.850	 0.000E+00	 2.651E+03	 2.180E+03
 131.900	 0.000E+00	 2.566E+03	 2.173E+03
 131.950	 0.000E+00	 2.477E+03	 2.162E+03
 132.000	 0.000E+00	 2.385E+03	 2.171E+03
 132.050	 0.000E+00	 2.284E+03	 2.129E+03
 132.100	 0.000E+00	 2.179E+03	 2.093E+03
 132.150	 0.000E+00	 2.064E+03	 2.059E+03
 132.200	 0.000E+00	 1.945E+03	 2.030E+03
 132.250	 0.000E+00	 1.830E+03	 2.010E+03
 132.300	 0.000E+00	 1.701E+03	 2.012E+03
 132.350	 0.000E+00	 1.575E+03	 2.016E+03
 132.400	 0.000E+00	 1.446E+03	 2.019E+03
 132.450	 0.000E+00	 1.315E+03	 2.031E+03
 132.500	 0.000E+00	 1.183E+03	 2.057E+03
 132.550	 0.000E+00	 1.053E+03	 2.051E+03
 132.600	 0.000E+00	 9.252E+02	 2.093E+03
 132.650	 0.000E+00	 8.013E+02	 2.166E+03
 132.700	 0.000E+00	 6.840E+02	 2.248E+03
 132.750	 0.000E+00	 5.689E+02	 2.367E+03
 132.800	 0.000E+00	 4.579E+02	 2.474E+03
 132.850	 0.000E+00	 3.444E+02	 2.541E+03
 132.900	 0.000E+00	 2.321E+02	 2.592E+03
 132.950	 0.000E+00	 1.146E+02	 2.574E+03
 133.000	 0.000E+00	-4.555E+00	 2.518E+03
 133.050	 0.000E+00	-1.346E+02	 2.428E+03
 133.100	 0.000E+00	-2.665E+02	 2.344E+03
 133.150	 0.000E+00	-4.090E+02	 2.270E+03
 133.200	 0.000E+00	-5.527E+02	 2.208E+03
 133.250	 0.000E+00	-6.934E+02	 2.163E+03
 133.300	 0.000E+00	-8.448E+02	 2.135E+03
 133.350	 0.000E+00	-9.883E+02	 2.117E+03
 133.400	 0.000E+00	-1.123E+03	 2.115E+03
 133.450	 0.000E+00	-1.260E+03	 2.081E+03
 133.500	 0.000E+00	-1.386E+03	 2.056E+03
 133.550	 0.000E+00	-1.509E+03	 2.006E+03
 133.600	 0.000E+00	-1.624E+03	 1.965E+03
 133.650	 0.000E+00	-1.735E+03	 1.894E+03
 133.700	 0.000E+00	-1.839E+03	 1.856E+03
 133.750	 0.000E+00	-1.939E+03	 1.848E+03
 133.800	 0.000E+00	-2.035E+03	 1.855E+03
 133.850	 0.000E+00	-2.131E+03	 1.880E+03
 133.900	 0.000E+00	-2.223E+03	 1.923E+03
 133.950	 0.000E+00	-2.318E+03	 1.941E+03
 134.000	 0.000E+00	-2.410E+03	 1.990E+03
 134.050	 0.000E+00	-2.505E+03	 2.017E+03
 134.100	 0.000E+00	-2.601E+03	 2.037E+03
 134.150	 0.000E+00	-2.698E+03	 2.054E+03
 134.200	 0.000E+00	-2.792E+03	 2.069E+03
 134.250	 0.000E+00	-2.885E+03	 2.077E+03
 134.300	 0.000E+00	-2.975E+03	 2.061E+03
 134.350	 0.000E+00	-3.056E+03	 2.056E+03
 134.400	 0.000E+00	-3.131E+03	 2.037E+03
 134.450	 0.000E+00	-3.198E+03	 1.992E+03
 134.500	 0.000E+00	-3.255E+03	 1.952E+03
 134.550	 0.000E+00	-3.305E+03	 1.902E+03
 134.600	 0.000E+00	-3.344E+03	 1.847E+03
 134.650	 0.000E+00	-3.379E+03	 1.790E+03
 134.700	 0.000E+00	-3.410E+03	 1.755E+03
 134.750	 0.000E+00	-3.431E+03	 1.756E+03
 134.800	 0.000E+00	-3.455E+03	 1.768E+03
 134.850	 0.000E+00	-3.475E+03	 1.802E+03
 134.900	 0.000E+00	-3.487E+03	 1.854E+03
 134.950	 0.000E+00	-3.501E+03	 1.891E+03
 135.000	 0.000E+00	-3.513E+03	 1.935E+03
 135.050	 0.000E+00	-3.518E+03	 1.961E+03
 135.100	 0.000E+00	-3.521E+03	 1.991E+03
 135.150	 0.000E+00	-3.520E+03	 2.019E+03
 135.200	 0.000E+00	-3.519E+03	 2.013E+03
 135.250	 0.000E+00	-3.508E+03	 2.017E+03
 135.300	 0.000E+00	-3.493E+03	 1.984E+03
 135.350	 0.000E+00	-3.480E+03	 1.948E+03
 135.400	 0.000E+00	-3.451E+03	 1.921E+03
 135.450	 0.000E+00	-3.421E+03	 1.893E+03
 135.500	 0.000E+00	-3.382E+03	 1.900E+03
 135.550	 0.000E+00	-3.338E+03	 1.925E+03
 135.600	 0.000E+00	-3.285E+03	 1.969E+03
 135.650	 0.000E+00	-3.228E+03	 2.008E+03
 135.700	 0.000E+00	-3.163E+03	 2.068E+03
 135.750	 0.000E+00	-3.093E+03	 2.072E+03
 135.800	 0.000E+00	-3.026E+03	 2.082E+03
 135.850	 0.000E+00	-2.951E+03	 2.066E+03
 135.900	 0.000E+00	-2.881E+03	 2.014E+03
 135.950	 0.000E+00	-2.803E+03	 1.986E+03
 136.000	 0.000E+00	-2.725E+03	 1.965E+03
 136.050	 0.000E+00	-2.638E+03	 1.958E+03
 136.100	 0.000E+00	-2.558E+03	 1.957E+03
 136.150	 0.000E+00	-2.474E+03	 1.963E+03
 136.200	 0.000E+00	-2.375E+03	 1.957E+03
 136.250	 0.000E+00	-2.283E+03	 1.938E+03
 136.300	 0.000E+00	-2.190E+03	 1.880E+03
 136.350	 0.000E+00	-2.081E+03	 1.804E+03
 136.400	 0.000E+00	-1.979E+03	 1.737E+03
 136.450	 0.000E+00	-1.873E+03	 1.691E+03
 136.500	 0.000E+00	-1.756E+03	 1.665E+03
 136.550	 0.000E+00	-1.638E+03	 1.687E+03
 136.600	 0.000E+00	-1.522E+03	 1.736E+03
 136.650	 0.000E+00	-1.398E+03	 1.778E+03
 136.700	 0.000E+00	-1.271E+03	 1.813E+03
 136.750	 0.000E+00	-1.154E+03	 1.815E+03
 136.800	 0.000E+00	-1.030E+03	 1.776E+03
 136.850	 0.000E+00	-9.004E+02	 1.729E+03
 136.900	 0.000E+00	-7.789E+02	 1.680E+03
 136.950	 0.000E+00	-6.504E+02	 1.649E+03
 137.000	 0.000E+00	-5.189E+02	 1.660E+03
 137.050	 0.000E+00	-3.854E+02	 1.724E+03
 137.100	 0.000E+00	-2.571E+02	 1.779E+03
 137.150	 0.000E+00	-1.210E+02	 1.840E+03
 137.200	 0.000E+00	 1.159E+01	 1.885E+03
 137.250	 0.000E+00	 1.461E+02	 1.855E+03
 137.300	 0.000E+00	 2.810E+02	 1.802E+03
 137.350	 0.000E+00	 4.127E+02	 1.696E+03
 137.400	 0.000E+00	 5.491E+02	 1.600E+03
 137.450	 0.000E+00	 6.816E+02	 1.535E+03
 137.500	 0.000E+00	 8.138E+02	 1.495E+03
 137.550	 0.000E+00	 9.456E+02	 1.500E+03
 137.600	 0.000E+00	 1.077E+03	 1.541E+03
 137.650	 0.000E+00	 1.201E+03	 1.601E+03
 137.700	 0.000E+00	 1.323E+03	 1.622E+03
 137.750	 0.000E+00	 1.432E+03	 1.611E+03
 137.800	 0.000E+00	 1.546E+03	 1.577E+03
 137.850	 0.000E+00	 1.658E+03	 1.526E+03
 137.900	 0.000E+00	 1.764E+03	 1.459E+03
 137.950	 0.000E+00	 1.870E+03	 1.424E+03
 138.000	 0.000E+00	 1.982E+03	 1.418E+03
 138.050	 0.000E+00	 2.090E+03	 1.449E+03
 138.100	 0.000E+00	 2.194E+03	 1.475E+03
 138.150	 0.000E+00	 2.305E+03	 1.534E+03
 138.200	 0.000E+00	 2.409E+03	 1.577E+03
 138.250	 0.000E+00	 2.508E+03	 1.614E+03
 138.300	 0.000E+00	 2.607E+03	 1.627E+03
 138.350	 0.000E+00	 2.700E+03	 1.636E+03
 138.400	 0.000E+00	 2.789E+03	 1.641E+03
 138.450	 0.000E+00	 2.877E+03	 1.667E+03
 138.500	 0.000E+00	 2.962E+03	 1.720E+03
 138.550	 0.000E+00	 3.038E+03	 1.779E+03
 138.600	 0.000E+00	 3.116E+03	 1.866E+03
 138.650	 0.000E+00	 3.183E+03	 1.935E+03
 138.700	 0.000E+00	 3.240E+03	 1.983E+03
 138.750	 0.000E+00	 3.294E+03	 2.009E+03
 138.800	 0.000E+00	 3.343E+03	 2.018E+03
 138.850	 0.000E+00	 3.385E+03	 1.992E+03
 138.900	 0.000E+00	 3.427E+03	 1.984E+03
 138.950	 0.000E+00	 3.456E+03	 1.934E+03
 139.000	 0.000E+00	 3.490E+03	 1.926E+03
 139.050	 0.000E+00	 3.520E+03	 1.928E+03
 139.100	 0.000E+00	 3.548E+03	 1.946E+03
 139.150	 0.000E+00	 3.572E+03	 1.958E+03
 139.200	 0.000E+00	 3.597E+03	 2.006E+03
 139.250	 0.000E+00	 3.607E+03	 2.006E+03
 139.300	 0.000E+00	 3.619E+03	 2.008E+03
 139.350	 0.000E+00	 3.622E+03	 1.992E+03
 139.400	 0.000E+00	 3.617E+03	 1.974E+03
 139.450	 0.000E+00	 3.608E+03	 1.955E+03
 139.500	 0.000E+00	 3.598E+03	 1.976E+03
 139.550	 0.000E+00	 3.581E+03	 2.019E+03
 139.600	 0.000E+00	 3.565E+03	 2.093E+03
 139.650	 0.000E+00	 3.540E+03	 2.155E+03
 139.700	 0.000E+00	 3.505E+03	 2.217E+03
 139.750	 0.000E+00	 3.468E+03	 2.232E+03
 139.800	 0.000E+00	 3.427E+03	 2.200E+03
 139.850	 0.000E+00	 3.379E+03	 2.142E+03
 139.900	 0.000E+00	 3.329E+03	 2.094E+03
 139.950	 0.000E+00	 3.274E+03	 2.050E+03
 140.000	 0.000E+00	 3.205E+03	 2.035E+03
 140.050	 0.000E+00	 3.144E+03	 2.077E+03
 140.100	 0.000E+00	 3.075E+03	 2.127E+03
 140.150	 0.000E+00	 3.008E+03	 2.191E+03
 140.200	 0.000E+00	 2.928E+03	 2.227E+03
 140.250	 0.000E+00	 2.850E+03	 2.228E+03
 140.300	 0.000E+00	 2.761E+03	 2.181E+03
 140.350	 0.000E+00	 2.667E+03	 2.127E+03
 140.400	 0.000E+00	 2.565E+03	 2.052E+03
 140.450	 0.000E+00	 2.471E+03	 2.035E+03
 140.500	 0.000E+00	 2.366E+03	 2.015E+03
 140.550	 0.000E+00	 2.264E+03	 2.048E+03
 140.600	 0.000E+00	 2.156E+03	 2.060E+03
 140.650	 0.000E+00	 2.047E+03	 2.090E+03
 140.700	 0.000E+00	 1.930E+03	 2.093E+03
 140.750	 0.000E+00	 1.814E+03	 2.065E+03
 140.800	 0.000E+00	 1.700E+03	 2.032E+03
 140.850	 0.000E+00	 1.571E+03	 1.963E+03
 140.900	 0.000E+00	 1.453E+03	 1.922E+03
 140.950	 0.000E+00	 1.331E+03	 1.914E+03
 141.000	 0.000E+00	 1.203E+03	 1.932E+03
 141.050	 0.000E+00	 1.088E+03	 2.004E+03
 141.100	 0.000E+00	 9.678E+02	 2.096E+03
 141.150	 0.000E+00	 8.441E+02	 2.177E+03
 141.200	 0.000E+00	 7.213E+02	 2.240E+03
 141.250	 0.000E+00	 6.001E+02	 2.257E+03
 141.300	 0.000E+00	 4.712E+02	 2.254E+03
 141.350	 0.000E+00	 3.414E+02	 2.214E+03
 141.400	 0.000E+00	 2.105E+02	 2.182E+03
 141.450	 0.000E+00	 7.848E+01	 2.120E+03
 141.500	 0.000E+00	-6.129E+01	 2.112E+03
 141.550	 0.000E+00	-1.987E+02	 2.104E+03
 141.600	 0.000E+00	-3.280E+02	 2.122E+03
 141.650	 0.000E+00	-4.701E+02	 2.115E+03
 141.700	 0.000E+00	-6.074E+02	 2.116E+03
 141.750	 0.000E+00	-7.402E+02	 2.080E+03
 141.800	 0.000E+00	-8.723E+02	 2.047E+03
 141.850	 0.000E+00	-1.006E+03	 1.973E+03
 141.900	 0.000E+00	-1.132E+03	 1.913E+03
 141.950	 0.000E+00	-1.252E+03	 1.858E+03
 142.000	 0.000E+00	-1.375E+03	 1.825E+03
 142.050	 0.000E+00	-1.492E+03	 1.815E+03
 142.100	 0.000E+00	-1.599E+03	 1.838E+03
 142.150	 0.000E+00	-1.703E+03	 1.874E+03
 142.200	 0.000E+00	-1.812E+03	 1.886E+03
 142.250	 0.000E+00	-1.916E+03	 1.906E+03
 142.300	 0.000E+00	-2.017E+03	 1.892E+03
 142.350	 0.000E+00	-2.125E+03	 1.838E+03
 142.400	 0.000E+00	-2.231E+03	 1.779E+03
 142.450	 0.000E+00	-2.333E+03	 1.728E+03
 142.500	 0.000E+00	-2.440E+03	 1.690E+03
 142.550	 0.000E+00	-2.542E+03	 1.694E+03
 142.600	 0.000E+00	-2.636E+03	 1.754E+03
 142.650	 0.000E+00	-2.731E+03	 1.811E+03
 142.700	 0.000E+00	-2.822E+03	 1.888E+03
 142.750	 0.000E+00	-2.905E+03	 1.946E+03
 142.800	 0.000E+00	-2.982E+03	 1.999E+03
 142.850	 0.000E+00	-3.055E+03	 2.023E+03
 142.900	 0.000E+00	-3.118E+03	 2.057E+03
 142.950	 0.000E+00	-3.175E+03	 2.084E+03
 143.000	 0.000E+00	-3.226E+03	 2.121E+03
 143.050	 0.000E+00	-3.271E+03	 2.151E+03
 143.100	 0.000E+00	-3.311E+03	 2.178E+03
 143.150	 0.000E+00	-3.343E+03	 2.211E+03
 143.200	 0.000E+00	-3.376E+03	 2.219E+03
 143.250	 0.000E+00	-3.403E+03	 2.223E+03
 143.300	 0.000E+00	-3.434E+03	 2.217E+03
 143.350	 0.000E+00	-3.455E+03	 2.208E+03
 143.400	 0.000E+00	-3.477E+03	 2.190E+03
 143.450	 0.000E+00	-3.495E+03	 2.176E+03
 143.500	 0.000E+00	-3.507E+03	 2.179E+03
 143.550	 0.000E+00	-3.517E+03	 2.177E+03
 143.600	 0.000E+00	-3.522E+03	 2.193E+03
 143.650	 0.000E+00	-3.517E+03	 2.226E+03
 143.700	 0.000E+00	-3.509E+03	 2.247E+03
 143.750	 0.000E+00	-3.493E+03	 2.267E+03
 143.800	 0.000E+00	-3.474E+03	 2.260E+03
 143.850	 0.000E+00	-3.440E+03	 2.265E+03
 143.900	 0.000E+00	-3.410E+03	 2.230E+03
 143.950	 0.000E+00	-3.370E+03	 2.214E+03
 144.000	 0.000E+00	-3.324E+03	 2.190E+03
 144.050	 0.000E+00	-3.280E+03	 2.168E+03
 144.100	 0.000E+00	-3.227E+03	 2.155E+03
 144.150	 0.000E+00	-3.168E+03	 2.163E+03
 144.200	 0.000E+00	-3.107E+03	 2.184E+03
 144.250	 0.000E+00	-3.045E+03	 2.202E+03
 144.300	 0.000E+00	-2.980E+03	 2.229E+03
 144.350	 0.000E+00	-2.913E+03	 2.253E+03
 144.400	 0.000E+00	-2.849E+03	 2.252E+03
 144.450	 0.000E+00	-2.792E+03	 2.212E+03
 144.500	 0.000E+00	-2.721E+03	 2.158E+03
 144.550	 0.000E+00	-2.656E+03	 2.097E+03
 144.600	 0.000E+00	-2.575E+03	 2.061E+03
 144.650	 0.000E+00	-2.497E+03	 2.016E+03
 144.700	 0.000E+00	-2.408E+03	 1.990E+03
 144.750	 0.000E+00	-2.314E+03	 2.013E+03
 144.800	 0.000E+00	-2.212E+03	 2.032E+03
 144.850	 0.000E+00	-2.098E+03	 2.054E+03
 144.900	 0.000E+00	-1.983E+03	 2.073E+03
 144.950	 0.000E+00	-1.857E+03	 2.093E+03
 145.000	 0.000E+00	-1.731E+03	 2.086E+03
 145.050	 0.000E+00	-1.604E+03	 2.080E+03
 145.100	 0.000E+00	-1.481E+03	 2.062E+03
 145.150	 0.000E+00	-1.350E+03	 2.052E+03
 145.200	 0.000E+00	-1.222E+03	 2.057E+03
 145.250	 0.000E+00	-1.100E+03	 2.057E+03
 145.300	 0.000E+00	-9.750E+02	 2.076E+03
 145.350	 0.000E+00	-8.498E+02	 2.060E+03
 145.400	 0.000E+00	-7.337E+02	 2.032E+03
 145.450	 0.000E+00	-6.130E+02	 1.995E+03
 145.500	 0.000E+00	-4.938E+02	 1.923E+03
 145.550	 0.000E+00	-3.679E+02	 1.868E+03
 145.600	 0.000E+00	-2.506E+02	 1.803E+03
 145.650	 0.000E+00	-1.246E+02	 1.787E+03
 145.700	 0.000E+00	 6.876E+00	 1.803E+03
 145.750	 0.000E+00	 1.337E+02	 1.831E+03
 145.800	 0.000E+00	 2.724E+02	 1.875E+03
 145.850	 0.000E+00	 4.044E+02	 1.888E+03
 145.900	 0.000E+00	 5.437E+02	 1.895E+03
 145.950	 0.000E+00	 6.795E+02	 1.860E+03
 146.000	 0.000E+00	 8.156E+02	 1.803E+03
 146.050	 0.000E+00	 9.566E+02	 1.740E+03
 146.100	 0.000E+00	 1.087E+03	 1.649E+03
 146.150	 0.000E+00	 1.210E+03	 1.578E+03
 146.200	 0.000E+00	 1.339E+03	 1.520E+03
 146.250	 0.000E+00	 1.457E+03	 1.489E+03
 146.300	 0.000E+00	 1.570E+03	 1.483E+03
 146.350	 0.000E+00	 1.681E+03	 1.491E+03
 146.400	 0.000E+00	 1.792E+03	 1.505E+03
 146.450	 0.000E+00	 1.896E+03	 1.501E+03
 146.500	 0.000E+00	 1.995E+03	 1.471E+03
 146.550	 0.000E+00	 2.103E+03	 1.447E+03
 146.600	 0.000E+00	 2.203E+03	 1.399E+03
 146.650	 0.000E+00	 2.304E+03	 1.372E+03
 146.700	 0.000E+00	 2.405E+03	 1.349E+03
 146.750	 0.000E+00	 2.512E+03	 1.384E+03
 146.800	 0.000E+00	 2.614E+03	 1.424E+03
 146.850	 0.000E+00	 2.715E+03	 1.487E+03
 146.900	 0.000E+00	 2.816E+03	 1.555E+03
 146.950	 0.000E+00	 2.907E+03	 1.609E+03
 147.000	 0.000E+00	 2.993E+03	 1.650E+03
 147.050	 0.000E+00	 3.078E+03	 1.686E+03
 147.100	 0.000E+00	 3.150E+03	 1.702E+03
 147.150	 0.000E+00	 3.211E+03	 1.694E+03
 147.200	 0.000E+00	 3.268E+03	 1.706E+03
 147.250	 0.000E+00	 3.320E+03	 1.752E+03
 147.300	 0.000E+00	 3.363E+03	 1.808E+03
 147.350	 0.000E+00	 3.400E+03	 1.876E+03
 147.400	 0.000E+00	 3.434E+03	 1.949E+03
 147.450	 0.000E+00	 3.465E+03	 2.010E+03
 147.500	 0.000E+00	 3.498E+03	 2.067E+03
 147.550	 0.000E+00	 3.522E+03	 2.082E+03
 147.600	 0.000E+00	 3.547E+03	 2.110E+03
 147.650	 0.000E+00	 3.566E+03	 2.116E+03
 147.700	 0.000E+00	 3.588E+03	 2.138E+03
 147.750	 0.000E+00	 3.605E+03	 2.154E+03
 147.800	 0.000E+00	 3.621E+03	 2.196E+03
 147.850	 0.000E+00	 3.630E+03	 2.240E+03
 147.900	 0.000E+00	 3.632E+03	 2.294E+03
 147.950	 0.000E+00	 3.630E+03	 2.338E+03
 148.000	 0.000E+00	 3.628E+03	 2.386E+03
 148.050	 0.000E+00	 3.610E+03	 2.399E+03
 148.100	 0.000E+00	 3.588E+03	 2.395E+03
 148.150	 0.000E+00	 3.557E+03	 2.391E+03
 148.200	 0.000E+00	 3.523E+03	 2.412E+03
 148.250	 0.000E+00	 3.478E+03	 2.436E+03
 148.300	 0.000E+00	 3.433E+03	 2.486E+03
 148.350	 0.000E+00	 3.377E+03	 2.532E+03
 148.400	 0.000E+00	 3.319E+03	 2.581E+03
 148.450	 0.000E+00	 3.266E+03	 2.646E+03
 148.500	 0.000E+00	 3.198E+03	 2.669E+03
 148.550	 0.000E+00	 3.136E+03	 2.691E+03
 148.600	 0.000E+00	 3.070E+03	 2.695E+03
 148.650	 0.000E+00	 2.997E+03	 2.695E+03
 148.700	 0.000E+00	 2.924E+03	 2.706E+03
 148.750	 0.000E+00	 2.846E+03	 2.706E+03
 148.800	 0.000E+00	 2.765E+03	 2.716E+03
 148.850	 0.000E+00	 2.680E+03	 2.721E+03
 148.900	 0.000E+00	 2.589E+03	 2.696E+03
 148.950	 0.000E+00	 2.493E+03	 2.658E+03
 149.000	 0.000E+00	 2.391E+03	 2.611E+03
 149.050	 0.000E+00	 2.285E+03	 2.542E+03
 149.100	 0.000E+00	 2.173E+03	 2.468E+03
 149.150	 0.000E+00	 2.051E+03	 2.391E+03
 149.200	 0.000E+00	 1.926E+03	 2.317E+03
 149.250	 0.000E+00	 1.799E+03	 2.235E+03
 149.300	 0.000E+00	 1.671E+03	 2.192E+03
 149.350	 0.000E+00	 1.536E+03	 2.123E+03
 149.400	 0.000E+00	 1.417E+03	 2.088E+03
 149.450	 0.000E+00	 1.285E+03	 2.026E+03
 149.500	 0.000E+00	 1.158E+03	 1.986E+03
 149.550	 0.000E+00	 1.036E+03	 1.958E+03
 149.600	 0.000E+00	 9.117E+02	 1.930E+03
 149.650	 0.000E+00	 7.874E+02	 1.946E+03
 149.700	 0.000E+00	 6.639E+02	 1.982E+03
 149.750	 0.000E+00	 5.373E+02	 2.018E+03
 149.800	 0.000E+00	 4.152E+02	 2.074E+03
 149.850	 0.000E+00	 2.871E+02	 2.140E+03
 149.900	 0.000E+00	 1.557E+02	 2.175E+03
 149.950	 0.000E+00	 2.636E+01	 2.240E+03
 150.000	 0.000E+00	-1.015E+02	 2.263E+03
 150.050	 0.000E+00	-2.410E+02	 2.271E+03
 150.100	 0.000E+00	-3.745E+02	 2.294E+03
 150.150	 0.000E+00	-5.016E+02	 2.303E+03
 150.200	 0.000E+00	-6.409E+02	 2.297E+03
 150.250	 0.000E+00	-7.749E+02	 2.285E+03
 150.300	 0.000E+00	-8.999E+02	 2.260E+03
 150.350	 0.000E+00	-1.030E+03	 2.241E+03
 150.400	 0.000E+00	-1.162E+03	 2.200E+03
 150.450	 0.000E+00	-1.283E+03	 2.155E+03
 150.500	 0.000E+00	-1.413E+03	 2.095E+03
 150.550	 0.000E+00	-1.540E+03	 2.018E+03
 150.600	 0.000E+00	-1.658E+03	 1.944E+03
 150.650	 0.000E+00	-1.778E+03	 1.868E+03
 150.700	 0.000E+00	-1.901E+03	 1.771E+03
 150.750	 0.000E+00	-2.013E+03	 1.709E+03
 150.800	 0.000E+00	-2.125E+03	 1.659E+03
 150.850	 0.000E+00	-2.232E+03	 1.635E+03
 150.900	 0.000E+00	-2.336E+03	 1.644E+03
 150.950	 0.000E+00	-2.433E+03	 1.696E+03
 151.000	 0.000E+00	-2.533E+03	 1.748E+03
 151.050	 0.000E+00	-2.620E+03	 1.833E+03
 151.100	 0.000E+00	-2.708E+03	 1.892E+03
 151.150	 0.000E+00	-2.792E+03	 1.946E+03
 151.200	 0.000E+00	-2.867E+03	 1.992E+03
 151.250	 0.000E+00	-2.937E+03	 2.029E+03
 151.300	 0.000E+00	-3.002E+03	 2.063E+03
 151.350	 0.000E+00	-3.059E+03	 2.105E+03
 151.400	 0.000E+00	-3.114E+03	 2.150E+03
 151.450	 0.000E+00	-3.162E+03	 2.199E+03
 151.500	 0.000E+00	-3.206E+03	 2.238E+03
 151.550	 0.000E+00	-3.250E+03	 2.253E+03
 151.600	 0.000E+00	-3.290E+03	 2.269E+03
 151.650	 0.000E+00	-3.330E+03	 2.262E+03
 151.700	 0.000E+00	-3.367E+03	 2.261E+03
 151.750	 0.000E+00	-3.397E+03	 2.280E+03
 151.800	 0.000E+00	-3.426E+03	 2.297E+03
 151.850	 0.000E+00	-3.453E+03	 2.322E+03
 151.900	 0.000E+00	-3.476E+03	 2.357E+03
 151.950	 0.000E+00	-3.491E+03	 2.398E+03
 152.000	 0.000E+00	-3.501E+03	 2.440E+03
 152.050	 0.000E+00	-3.506E+03	 2.471E+03
 152.100	 0.000E+00	-3.501E+03	 2.484E+03
 152.150	 0.000E+00	-3.496E+03	 2.479E+03
 152.200	 0.000E+00	-3.480E+03	 2.453E+03
 152.250	 0.000E+00	-3.460E+03	 2.416E+03
 152.300	 0.000E+00	-3.431E+03	 2.386E+03
 152.350	 0.000E+00	-3.403E+03	 2.327E+03
 152.400	 0.000E+00	-3.361E+03	 2.308E+03
 152.450	 0.000E+00	-3.324E+03	 2.285E+03
 152.500	 0.000E+00	-3.281E+03	 2.264E+03
 152.550	 0.000E+00	-3.234E+03	 2.247E+03
 152.600	 0.000E+00	-3.187E+03	 2.230E+03
 152.650	 0.000E+00	-3.135E+03	 2.208E+03
 152.700	 0.000E+00	-3.089E+03	 2.149E+03
 152.750	 0.000E+00	-3.031E+03	 2.127E+03
 152.800	 0.000E+00	-2.974E+03	 2.090E+03
 152.850	 0.000E+00	-2.907E+03	 2.070E+03
 152.900	 0.000E+00	-2.837E+03	 2.074E+03
 152.950	 0.000E+00	-2.762E+03	 2.093E+03
 153.000	 0.000E+00	-2.672E+03	 2.142E+03
 153.050	 0.000E+00	-2.581E+03	 2.172E+03
 153.100	 0.000E+00	-2.488E+03	 2.192E+03
 153.150	 0.000E+00	-2.381E+03	 2.184E+03
 153.200	 0.000E+00	-2.276E+03	 2.164E+03
 153.250	 0.000E+00	-2.171E+03	 2.134E+03
 153.300	 0.000E+00	-2.057E+03	 2.125E+03
 153.350	 0.000E+00	-1.935E+03	 2.149E+03
 153.400	 0.000E+00	-1.819E+03	 2.176E+03
 153.450	 0.000E+00	-1.695E+03	 2.243E+03
 153.500	 0.000E+00	-1.571E+03	 2.305E+03
 153.550	 0.000E+00	-1.454E+03	 2.359E+03
 153.600	 0.000E+00	-1.330E+03	 2.408E+03
 153.650	 0.000E+00	-1.214E+03	 2.427E+03
 153.700	 0.000E+00	-1.098E+03	 2.417E+03
 153.750	 0.000E+00	-9.788E+02	 2.393E+03
 153.800	 0.000E+00	-8.625E+02	 2.354E+03
 153.850	 0.000E+00	-7.463E+02	 2.292E+03
 153.900	 0.000E+00	-6.202E+02	 2.239E+03
 153.950	 0.000E+00	-4.965E+02	 2.158E+03
 154.000	 0.000E+00	-3.777E+02	 2.094E+03
 154.050	 0.000E+00	-2.504E+02	 2.009E+03
 154.100	 0.000E+00	-1.199E+02	 1.934E+03
 154.150	 0.000E+00	 2.903E+00	 1.850E+03
 154.200	 0.000E+00	 1.289E+02	 1.761E+03
 154.250	 0.000E+00	 2.590E+02	 1.704E+03
 154.300	 0.000E+00	 3.878E+02	 1.676E+03
 154.350	 0.000E+00	 5.126E+02	 1.673E+03
 154.400	 0.000E+00	 6.534E+02	 1.725E+03
 154.450	 0.000E+00	 7.817E+02	 1.765E+03
 154.500	 0.000E+00	 9.103E+02	 1.824E+03
 154.550	 0.000E+00	 1.048E+03	 1.853E+03
 154.600	 0.000E+00	 1.178E+03	 1.868E+03
 154.650	 0.000E+00	 1.298E+03	 1.847E+03
 154.700	 0.000E+00	 1.429E+03	 1.842E+03
 154.750	 0.000E+00	 1.551E+03	 1.851E+03
 154.800	 0.000E+00	 1.674E+03	 1.867E+03
 154.850	 0.000E+00	 1.800E+03	 1.916E+03
 154.900	 0.000E+00	 1.923E+03	 1.973E+03
 154.950	 0.000E+00	 2.039E+03	 2.003E+03
 155.000	 0.000E+00	 2.152E+03	 2.017E+03
 155.050	 0.000E+00	 2.267E+03	 2.013E+03
 155.100	 0.000E+00	 2.377E+03	 1.989E+03
 155.150	 0.000E+00	 2.477E+03	 1.939E+03
 155.200	 0.000E+00	 2.578E+03	 1.911E+03
 155.250	 0.000E+00	 2.673E+03	 1.885E+03
 155.300	 0.000E+00	 2.763E+03	 1.857E+03
 155.350	 0.000E+00	 2.847E+03	 1.830E+03
 155.400	 0.000E+00	 2.933E+03	 1.831E+03
 155.450	 0.000E+00	 3.010E+03	 1.793E+03
 155.500	 0.000E+00	 3.081E+03	 1.764E+03
 155.550	 0.000E+00	 3.147E+03	 1.706E+03
 155.600	 0.000E+00	 3.207E+03	 1.645E+03
 155.650	 0.000E+00	 3.262E+03	 1.578E+03
 155.700	 0.000E+00	 3.316E+03	 1.555E+03
 155.750	 0.000E+00	 3.365E+03	 1.547E+03
 155.800	 0.000E+00	 3.413E+03	 1.573E+03
 155.850	 0.000E+00	 3.458E+03	 1.628E+03
 155.900	 0.000E+00	 3.498E+03	 1.700E+03
 155.950	 0.000E+00	 3.540E+03	 1.806E+03
 156.000	 0.000E+00	 3.580E+03	 1.929E+03
 156.050	 0.000E+00	 3.615E+03	 2.034E+03
 156.100	 0.000E+00	 3.640E+03	 2.123E+03
 156.150	 0.000E+00	 3.666E+03	 2.222E+03
 156.200	 0.000E+00	 3.678E+03	 2.279E+03
 156.250	 0.000E+00	 3.687E+03	 2.328E+03
 156.300	 0.000E+00	 3.689E+03	 2.372E+03
 156.350	 0.000E+00	 3.685E+03	 2.409E+03
 156.400	 0.000E+00	 3.676E+03	 2.451E+03
 156.450	 0.000E+00	 3.663E+03	 2.509E+03
 156.500	 0.000E+00	 3.637E+03	 2.541E+03
 156.550	 0.000E+00	 3.610E+03	 2.573E+03
 156.600	 0.000E+00	 3.573E+03	 2.588E+03
 156.650	 0.000E+00	 3.533E+03	 2.597E+03
 156.700	 0.000E+00	 3.487E+03	 2.599E+03
 156.750	 0.000E+00	 3.436E+03	 2.598E+03
 156.800	 0.000E+00	 3.381E+03	 2.627E+03
 156.850	 0.000E+00	 3.327E+03	 2.687E+03
 156.900	 0.000E+00	 3.269E+03	 2.786E+03
 156.950	 0.000E+00	 3.210E+03	 2.907E+03
 157.000	 0.000E+00	 3.152E+03	 3.038E+03
 157.050	 0.000E+00	 3.087E+03	 3.145E+03
 157.100	 0.000E+00	 3.020E+03	 3.213E+03
 157.150	 0.000E+00	 2.942E+03	 3.248E+03
 157.200	 0.000E+00	 2.863E+03	 3.259E+03
 157.250	 0.000E+00	 2.777E+03	 3.239E+03
 157.300	 0.000E+00	 2.683E+03	 3.202E+03
 157.350	 0.000E+00	 2.584E+03	 3.150E+03
 157.400	 0.000E+00	 2.479E+03	 3.103E+03
 157.450	 0.000E+00	 2.370E+03	 3.048E+03
 157.500	 0.000E+00	 2.258E+03	 2.998E+03
 157.550	 0.000E+00	 2.136E+03	 2.925E+03
 157.600	 0.000E+00	 2.012E+03	 2.844E+03
 157.650	 0.000E+00	 1.879E+03	 2.719E+03
 157.700	 0.000E+00	 1.750E+03	 2.596E+03
 157.750	 0.000E+00	 1.615E+03	 2.440E+03
 157.800	 0.000E+00	 1.487E+03	 2.311E+03
 157.850	 0.000E+00	 1.359E+03	 2.198E+03
 157.900	 0.000E+00	 1.223E+03	 2.094E+03
 157.950	 0.000E+00	 1.096E+03	 2.052E+03
 158.000	 0.000E+00	 9.659E+02	 2.020E+03
 158.050	 0.000E+00	 8.335E+02	 2.007E+03
 158.100	 0.000E+00	 7.029E+02	 2.019E+03
 158.150	 0.000E+00	 5.692E+02	 2.036E+03
 158.200	 0.000E+00	 4.361E+02	 2.059E+03
 158.250	 0.000E+00	 3.015E+02	 2.090E+03
 158.300	 0.000E+00	 1.659E+02	 2.124E+03
 158.350	 0.000E+00	 2.952E+01	 2.139E+03
 158.400	 0.000E+00	-1.031E+02	 2.181E+03
 158.450	 0.000E+00	-2.331E+02	 2.224E+03
 158.500	 0.000E+00	-3.605E+02	 2.266E+03
 158.550	 0.000E+00	-4.880E+02	 2.302E+03
 158.600	 0.000E+00	-6.086E+02	 2.339E+03
 158.650	 0.000E+00	-7.263E+02	 2.363E+03
 158.700	 0.000E+00	-8.453E+02	 2.362E+03
 158.750	 0.000E+00	-9.632E+02	 2.343E+03
 158.800	 0.000E+00	-1.085E+03	 2.305E+03
 158.850	 0.000E+00	-1.203E+03	 2.258E+03
 158.900	 0.000E+00	-1.327E+03	 2.210E+03
 158.950	 0.000E+00	-1.452E+03	 2.199E+03
 159.000	 0.000E+00	-1.572E+03	 2.200E+03
 159.050	 0.000E+00	-1.697E+03	 2.210E+03
 159.100	 0.000E+00	-1.822E+03	 2.225E+03
 159.150	 0.000E+00	-1.947E+03	 2.231E+03
 159.200	 0.000E+00	-2.072E+03	 2.206E+03
 159.250	 0.000E+00	-2.194E+03	 2.152E+03
 159.300	 0.000E+00	-2.312E+03	 2.072E+03
 159.350	 0.000E+00	-2.425E+03	 1.989E+03
 159.400	 0.000E+00	-2.535E+03	 1.936E+03
 159.450	 0.000E+00	-2.634E+03	 1.915E+03
 159.500	 0.000E+00	-2.725E+03	 1.922E+03
 159.550	 0.000E+00	-2.808E+03	 1.944E+03
 159.600	 0.000E+00	-2.883E+03	 1.986E+03
 159.650	 0.000E+00	-2.952E+03	 2.011E+03
 159.700	 0.000E+00	-3.014E+03	 2.028E+03
 159.750	 0.000E+00	-3.068E+03	 2.048E+03
 159.800	 0.000E+00	-3.117E+03	 2.073E+03
 159.850	 0.000E+00	-3.165E+03	 2.085E+03
 159.900	 0.000E+00	-3.210E+03	 2.095E+03
 159.950	 0.000E+00	-3.253E+03	 2.114E+03
 160.000	 0.000E+00	-3.294E+03	 2.128E+03
 160.050	 0.000E+00	-3.338E+03	 2.136E+03
 160.100	 0.000E+00	-3.375E+03	 2.148E+03
 160.150	 0.000E+00	-3.412E+03	 2.171E+03
 160.200	 0.000E+00	-3.441E+03	 2.205E+03
 160.250	 0.000E+00	-3.466E+03	 2.223E+03
 160.300	 0.000E+00	-3.481E+03	 2.275E+03
 160.350	 0.000E+00	-3.491E+03	 2.322E+03
 160.400	 0.000E+00	-3.492E+03	 2.375E+03
 160.450	 0.000E+00	-3.488E+03	 2.428E+03
 160.500	 0.000E+00	-3.476E+03	 2.485E+03
 160.550	 0.000E+00	-3.455E+03	 2.535E+03
 160.600	 0.000E+00	-3.429E+03	 2.576E+03
 160.650	 0.000E+00	-3.400E+03	 2.611E+03
 160.700	 0.000E+00	-3.368E+03	 2.642E+03
 160.750	 0.000E+00	-3.329E+03	 2.669E+03
 160.800	 0.000E+00	-3.291E+03	 2.693E+03
 160.850	 0.000E+00	-3.248E+03	 2.716E+03
 160.900	 0.000E+00	-3.203E+03	 2.745E+03
 160.950	 0.000E+00	-3.156E+03	 2.753E+03
 161.000	 0.000E+00	-3.106E+03	 2.765E+03
 161.050	 0.000E+00	-3.055E+03	 2.802E+03
 161.100	 0.000E+00	-3.002E+03	 2.855E+03
 161.150	 0.000E+00	-2.944E+03	 2.913E+03
 161.200	 0.000E+00	-2.884E+03	 2.959E+03
 161.250	 0.000E+00	-2.819E+03	 2.965E+03
 161.300	 0.000E+00	-2.753E+03	 2.915E+03
 161.350	 0.000E+00	-2.672E+03	 2.855E+03
 161.400	 0.000E+00	-2.600E+03	 2.750E+03
 161.450	 0.000E+00	-2.513E+03	 2.619E+03
 161.500	 0.000E+00	-2.421E+03	 2.510E+03
 161.550	 0.000E+00	-2.330E+03	 2.376E+03
 161.600	 0.000E+00	-2.228E+03	 2.267E+03
 161.650	 0.000E+00	-2.129E+03	 2.163E+03
 161.700	 0.000E+00	-2.021E+03	 2.062E+03
 161.750	 0.000E+00	-1.921E+03	 1.981E+03
 161.800	 0.000E+00	-1.813E+03	 1.928E+03
 161.850	 0.000E+00	-1.704E+03	 1.865E+03
 161.900	 0.000E+00	-1.596E+03	 1.850E+03
 161.950	 0.000E+00	-1.487E+03	 1.855E+03
 162.000	 0.000E+00	-1.369E+03	 1.866E+03
 162.050	 0.000E+00	-1.254E+03	 1.893E+03
 162.100	 0.000E+00	-1.136E+03	 1.944E+03
 162.150	 0.000E+00	-1.007E+03	 2.011E+03
 162.200	 0.000E+00	-8.776E+02	 2.047E+03
 162.250	 0.000E+00	-7.458E+02	 2.093E+03
 162.300	 0.000E+00	-6.118E+02	 2.123E+03
 162.350	 0.000E+00	-4.690E+02	 2.150E+03
 162.400	 0.000E+00	-3.275E+02	 2.175E+03
 162.450	 0.000E+00	-1.857E+02	 2.175E+03
 162.500	 0.000E+00	-3.862E+01	 2.174E+03
 162.550	 0.000E+00	 1.042E+02	 2.171E+03
 162.600	 0.000E+00	 2.402E+02	 2.147E+03
 162.650	 0.000E+00	 3.782E+02	 2.130E+03
 162.700	 0.000E+00	 5.144E+02	 2.128E+03
 162.750	 0.000E+00	 6.420E+02	 2.119E+03
 162.800	 0.000E+00	 7.726E+02	 2.132E+03
 162.850	 0.000E+00	 9.008E+02	 2.122E+03
 162.900	 0.000E+00	 1.020E+03	 2.092E+03
 162.950	 0.000E+00	 1.142E+03	 2.034E+03
 163.000	 0.000E+00	 1.258E+03	 1.964E+03
 163.050	 0.000E+00	 1.376E+03	 1.911E+03
 163.100	 0.000E+00	 1.496E+03	 1.885E+03
 163.150	 0.000E+00	 1.617E+03	 1.891E+03
 163.200	 0.000E+00	 1.737E+03	 1.945E+03
 163.250	 0.000E+00	 1.858E+03	 2.016E+03
 163.300	 0.000E+00	 1.980E+03	 2.112E+03
 163.350	 0.000E+00	 2.100E+03	 2.195E+03
 163.400	 0.000E+00	 2.218E+03	 2.251E+03
 163.450	 0.000E+00	 2.334E+03	 2.275E+03
 163.500	 0.000E+00	 2.443E+03	 2.264E+03
 163.550	 0.000E+00	 2.547E+03	 2.230E+03
 163.600	 0.000E+00	 2.645E+03	 2.218E+03
 163.650	 0.000E+00	 2.740E+03	 2.228E+03
 163.700	 0.000E+00	 2.825E+03	 2.227E+03
 163.750	 0.000E+00	 2.904E+03	 2.248E+03
 163.800	 0.000E+00	 2.975E+03	 2.273E+03
 163.850	 0.000E+00	 3.044E+03	 2.299E+03
 163.900	 0.000E+00	 3.104E+03	 2.281E+03
 163.950	 0.000E+00	 3.158E+03	 2.228E+03
 164.000	 0.000E+00	 3.211E+03	 2.141E+03
 164.050	 0.000E+00	 3.258E+03	 2.036E+03
 164.100	 0.000E+00	 3.306E+03	 1.932E+03
 164.150	 0.000E+00	 3.356E+03	 1.848E+03
 164.200	 0.000E+00	 3.408E+03	 1.803E+03
 164.250	 0.000E+00	 3.457E+03	 1.816E+03
 164.300	 0.000E+00	 3.507E+03	 1.869E+03
 164.350	 0.000E+00	 3.553E+03	 1.937E+03
 164.400	 0.000E+00	 3.595E+03	 2.006E+03
 164.450	 0.000E+00	 3.630E+03	 2.045E+03
 164.500	 0.000E+00	 3.659E+03	 2.083E+03
 164.550	 0.000E+00	 3.684E+03	 2.142E+03
 164.600	 0.000E+00	 3.696E+03	 2.179E+03
 164.650	 0.000E+00	 3.707E+03	 2.239E+03
 164.700	 0.000E+00	 3.707E+03	 2.330E+03
 164.750	 0.000E+00	 3.698E+03	 2.433E+03
 164.800	 0.000E+00	 3.687E+03	 2.566E+03
 164.850	 0.000E+00	 3.670E+03	 2.701E+03
 164.900	 0.000E+00	 3.648E+03	 2.815E+03
 164.950	 0.000E+00	 3.625E+03	 2.893E+03
 165.000	 0.000E+00	 3.588E+03	 2.923E+03
 165.050	 0.000E+00	 3.549E+03	 2.926E+03
 165.100	 0.000E+00	 3.504E+03	 2.896E+03
 165.150	 0.000E+00	 3.457E+03	 2.866E+03
 165.200	 0.000E+00	 3.402E+03	 2.838E+03
 165.250	 0.000E+00	 3.345E+03	 2.825E+03
 165.300	 0.000E+00	 3.279E+03	 2.786E+03
 165.350	 0.000E+00	 3.210E+03	 2.768E+03
 165.400	 0.000E+00	 3.131E+03	 2.742E+03
 165.450	 0.000E+00	 3.055E+03	 2.704E+03
 165.500	 0.000E+00	 2.971E+03	 2.674E+03
 165.550	 0.000E+00	 2.882E+03	 2.655E+03
 165.600	 0.000E+00	 2.795E+03	 2.659E+03
 165.650	 0.000E+00	 2.699E+03	 2.672E+03
 165.700	 0.000E+00	 2.595E+03	 2.680E+03
 165.750	 0.000E+00	 2.492E+03	 2.668E+03
 165.800	 0.000E+00	 2.379E+03	 2.618E+03
 165.850	 0.000E+00	 2.268E+03	 2.588E+03
 165.900	 0.000E+00	 2.147E+03	 2.509E+03
 165.950	 0.000E+00	 2.026E+03	 2.435E+03
 166.000	 0.000E+00	 1.900E+03	 2.380E+03
 166.050	 0.000E+00	 1.773E+03	 2.319E+03
 166.100	 0.000E+00	 1.650E+03	 2.298E+03
 166.150	 0.000E+00	 1.519E+03	 2.261E+03
 166.200	 0.000E+00	 1.384E+03	 2.233E+03
 166.250	 0.000E+00	 1.255E+03	 2.225E+03
 166.300	 0.000E+00	 1.117E+03	 2.202E+03
 166.350	 0.000E+00	 9.757E+02	 2.190E+03
 166.400	 0.000E+00	 8.351E+02	 2.170E+03
 166.450	 0.000E+00	 6.979E+02	 2.167E+03
 166.500	 0.000E+00	 5.624E+02	 2.195E+03
 166.550	 0.000E+00	 4.255E+02	 2.210E+03
 166.600	 0.000E+00	 2.953E+02	 2.270E+03
 166.650	 0.000E+00	 1.700E+02	 2.335E+03
 166.700	 0.000E+00	 4.997E+01	 2.394E+03
 166.750	 0.000E+00	-7.830E+01	 2.421E+03
 166.800	 0.000E+00	-1.979E+02	 2.437E+03
 166.850	 0.000E+00	-3.180E+02	 2.450E+03
 166.900	 0.000E+00	-4.395E+02	 2.441E+03
 166.950	 0.000E+00	-5.618E+02	 2.433E+03
 167.000	 0.000E+00	-6.857E+02	 2.460E+03
 167.050	 0.000E+00	-8.054E+02	 2.489E+03
 167.100	 0.000E+00	-9.301E+02	 2.507E+03
 167.150	 0.000E+00	-1.057E+03	 2.547E+03
 167.200	 0.000E+00	-1.190E+03	 2.555E+03
 167.250	 0.000E+00	-1.312E+03	 2.555E+03
 167.300	 0.000E+00	-1.440E+03	 2.542E+03
 167.350	 0.000E+00	-1.577E+03	 2.491E+03
 167.400	 0.000E+00	-1.711E+03	 2.422E+03
 167.450	 0.000E+00	-1.837E+03	 2.392E+03
 167.500	 0.000E+00	-1.963E+03	 2.351E+03
 167.550	 0.000E+00	-2.082E+03	 2.318E+03
 167.600	 0.000E+00	-2.198E+03	 2.297E+03
 167.650	 0.000E+00	-2.312E+03	 2.286E+03
 167.700	 0.000E+00	-2.414E+03	 2.274E+03
 167.750	 0.000E+00	-2.507E+03	 2.262E+03
 167.800	 0.000E+00	-2.597E+03	 2.244E+03
 167.850	 0.000E+00	-2.684E+03	 2.208E+03
 167.900	 0.000E+00	-2.767E+03	 2.149E+03
 167.950	 0.000E+00	-2.845E+03	 2.091E+03
 168.000	 0.000E+00	-2.920E+03	 2.033E+03
 168.050	 0.000E+00	-2.989E+03	 1.981E+03
 168.100	 0.000E+00	-3.054E+03	 1.958E+03
 168.150	 0.000E+00	-3.118E+03	 1.944E+03
 168.200	 0.000E+00	-3.173E+03	 1.939E+03
 168.250	 0.000E+00	-3.223E+03	 1.960E+03
 168.300	 0.000E+00	-3.271E+03	 1.952E+03
 168.350	 0.000E+00	-3.318E+03	 1.933E+03
 168.400	 0.000E+00	-3.357E+03	 1.936E+03
 168.450	 0.000E+00	-3.394E+03	 1.924E+03
 168.500	 0.000E+00	-3.423E+03	 1.929E+03
 168.550	 0.000E+00	-3.445E+03	 1.988E+03
 168.600	 0.000E+00	-3.468E+03	 2.066E+03
 168.650	 0.000E+00	-3.478E+03	 2.189E+03
 168.700	 0.000E+00	-3.487E+03	 2.309E+03
 168.750	 0.000E+00	-3.488E+03	 2.413E+03
 168.800	 0.000E+00	-3.484E+03	 2.490E+03
 168.850	 0.000E+00	-3.467E+03	 2.563E+03
 168.900	 0.000E+00	-3.453E+03	 2.601E+03
 168.950	 0.000E+00	-3.433E+03	 2.635E+03
 169.000	 0.000E+00	-3.404E+03	 2.677E+03
 169.050	 0.000E+00	-3.374E+03	 2.747E+03
 169.100	 0.000E+00	-3.335E+03	 2.818E+03
 169.150	 0.000E+00	-3.291E+03	 2.908E+03
 169.200	 0.000E+00	-3.242E+03	 3.023E+03
 169.250	 0.000E+00	-3.189E+03	 3.127E+03
 169.300	 0.000E+00	-3.130E+03	 3.178E+03
 169.350	 0.000E+00	-3.071E+03	 3.220E+03
 169.400	 0.000E+00	-3.006E+03	 3.187E+03
 169.450	 0.000E+00	-2.940E+03	 3.104E+03
 169.500	 0.000E+00	-2.867E+03	 3.011E+03
 169.550	 0.000E+00	-2.793E+03	 2.927E+03
 169.600	 0.000E+00	-2.712E+03	 2.844E+03
 169.650	 0.000E+00	-2.639E+03	 2.802E+03
 169.700	 0.000E+00	-2.564E+03	 2.797E+03
 169.750	 0.000E+00	-2.486E+03	 2.805E+03
 169.800	 0.000E+00	-2.406E+03	 2.838E+03
 169.850	 0.000E+00	-2.326E+03	 2.838E+03
 169.900	 0.000E+00	-2.241E+03	 2.805E+03
 169.950	 0.000E+00	-2.152E+03	 2.739E+03
 170.000	 0.000E+00	-2.058E+03	 2.655E+03
 170.050	 0.000E+00	-1.962E+03	 2.581E+03
 170.100	 0.000E+00	-1.862E+03	 2.528E+03
 170.150	 0.000E+00	-1.757E+03	 2.503E+03
 170.200	 0.000E+00	-1.648E+03	 2.528E+03
 170.250	 0.000E+00	-1.528E+03	 2.560E+03
 170.300	 0.000E+00	-1.415E+03	 2.573E+03
 170.350	 0.000E+00	-1.292E+03	 2.577E+03
 170.400	 0.000E+00	-1.174E+03	 2.526E+03
 170.450	 0.000E+00	-1.052E+03	 2.429E+03
 170.500	 0.000E+00	-9.252E+02	 2.315E+03
 170.550	 0.000E+00	-7.998E+02	 2.157E+03
 170.600	 0.000E+00	-6.674E+02	 2.033E+03
 170.650	 0.000E+00	-5.438E+02	 1.888E+03
 170.700	 0.000E+00	-4.110E+02	 1.811E+03
 170.750	 0.000E+00	-2.807E+02	 1.742E+03
 170.800	 0.000E+00	-1.481E+02	 1.722E+03
 170.850	 0.000E+00	-2.642E+01	 1.666E+03
 170.900	 0.000E+00	 1.087E+02	 1.638E+03
 170.950	 0.000E+00	 2.348E+02	 1.561E+03
 171.000	 0.000E+00	 3.649E+02	 1.527E+03
 171.050	 0.000E+00	 4.983E+02	 1.476E+03
 171.100	 0.000E+00	 6.286E+02	 1.466E+03
 171.150	 0.000E+00	 7.688E+02	 1.509E+03
 171.200	 0.000E+00	 9.076E+02	 1.583E+03
 171.250	 0.000E+00	 1.054E+03	 1.702E+03
 171.300	 0.000E+00	 1.198E+03	 1.852E+03
 171.350	 0.000E+00	 1.342E+03	 2.001E+03
 171.400	 0.000E+00	 1.489E+03	 2.155E+03
 171.450	 0.000E+00	 1.630E+03	 2.252E+03
 171.500	 0.000E+00	 1.763E+03	 2.309E+03
 171.550	 0.000E+00	 1.895E+03	 2.335E+03
 171.600	 0.000E+00	 2.022E+03	 2.340E+03
 171.650	 0.000E+00	 2.144E+03	 2.344E+03
 171.700	 0.000E+00	 2.262E+03	 2.363E+03
 171.750	 0.000E+00	 2.363E+03	 2.351E+03
 171.800	 0.000E+00	 2.465E+03	 2.374E+03
 171.850	 0.000E+00	 2.553E+03	 2.363E+03
 171.900	 0.000E+00	 2.634E+03	 2.339E+03
 171.950	 0.000E+00	 2.709E+03	 2.287E+03
 172.000	 0.000E+00	 2.776E+03	 2.207E+03
 172.050	 0.000E+00	 2.843E+03	 2.137E+03
 172.100	 0.000E+00	 2.908E+03	 2.059E+03
 172.150	 0.000E+00	 2.971E+03	 1.985E+03
 172.200	 0.000E+00	 3.036E+03	 1.957E+03
 172.250	 0.000E+00	 3.102E+03	 1.945E+03
 172.300	 0.000E+00	 3.168E+03	 1.946E+03
 172.350	 0.000E+00	 3.231E+03	 1.946E+03
 172.400	 0.000E+00	 3.297E+03	 1.973E+03
 172.450	 0.000E+00	 3.356E+03	 2.001E+03
 172.500	 0.000E+00	 3.412E+03	 2.023E+03
 172.550	 0.000E+00	 3.470E+03	 2.086E+03
 172.600	 0.000E+00	 3.515E+03	 2.164E+03
 172.650	 0.000E+00	 3.554E+03	 2.263E+03
 172.700	 0.000E+00	 3.590E+03	 2.412E+03
 172.750	 0.000E+00	 3.621E+03	 2.579E+03
 172.800	 0.000E+00	 3.644E+03	 2.743E+03
 172.850	 0.000E+00	 3.664E+03	 2.888E+03
 172.900	 0.000E+00	 3.672E+03	 3.010E+03
 172.950	 0.000E+00	 3.683E+03	 3.115E+03
 173.000	 0.000E+00	 3.681E+03	 3.174E+03
 173.050	 0.000E+00	 3.680E+03	 3.206E+03
 173.100	 0.000E+00	 3.667E+03	 3.188E+03
 173.150	 0.000E+00	 3.662E+03	 3.174E+03
 173.200	 0.000E+00	 3.648E+03	 3.164E+03
 173.250	 0.000E+00	 3.627E+03	 3.131E+03
 173.300	 0.000E+00	 3.603E+03	 3.086E+03
 173.350	 0.000E+00	 3.570E+03	 3.005E+03
 173.400	 0.000E+00	 3.530E+03	 2.938E+03
 173.450	 0.000E+00	 3.477E+03	 2.852E+03
 173.500	 0.000E+00	 3.428E+03	 2.804E+03
 173.550	 0.000E+00	 3.359E+03	 2.762E+03
 173.600	 0.000E+00	 3.285E+03	 2.746E+03
 173.650	 0.000E+00	 3.212E+03	 2.754E+03
 173.700	 0.000E+00	 3.126E+03	 2.748E+03
 173.750	 0.000E+00	 3.040E+03	 2.728E+03
 173.800	 0.000E+00	 2.954E+03	 2.687E+03
 173.850	 0.000E+00	 2.867E+03	 2.628E+03
 173.900	 0.000E+00	 2.776E+03	 2.556E+03
 173.950	 0.000E+00	 2.691E+03	 2.496E+03
 174.000	 0.000E+00	 2.597E+03	 2.442E+03
 174.050	 0.000E+00	 2.503E+03	 2.419E+03
 174.100	 0.000E+00	 2.414E+03	 2.419E+03
 174.150	 0.000E+00	 2.314E+03	 2.428E+03
 174.200	 0.000E+00	 2.214E+03	 2.434E+03
 174.250	 0.000E+00	 2.106E+03	 2.412E+03
 174.300	 0.000E+00	 1.990E+03	 2.356E+03
 174.350	 0.000E+00	 1.868E+03	 2.272E+03
 174.400	 0.000E+00	 1.743E+03	 2.175E+03
 174.450	 0.000E+00	 1.612E+03	 2.104E+03
 174.500	 0.000E+00	 1.479E+03	 2.080E+03
 174.550	 0.000E+00	 1.343E+03	 2.077E+03
 174.600	 0.000E+00	 1.202E+03	 2.135E+03
 174.650	 0.000E+00	 1.061E+03	 2.207E+03
 174.700	 0.000E+00	 9.150E+02	 2.281E+03
 174.750	 0.000E+00	 7.758E+02	 2.347E+03
 174.800	 0.000E+00	 6.346E+02	 2.358E+03
 174.850	 0.000E+00	 5.001E+02	 2.348E+03
 174.900	 0.000E+00	 3.617E+02	 2.296E+03
 174.950	 0.000E+00	 2.321E+02	 2.236E+03
 175.000	 0.000E+00	 1.043E+02	 2.190E+03
 175.050	 0.000E+00	-2.358E+01	 2.157E+03
 175.100	 0.000E+00	-1.428E+02	 2.153E+03
 175.150	 0.000E+00	-2.711E+02	 2.189E+03
 175.200	 0.000E+00	-4.028E+02	 2.232E+03
 175.250	 0.000E+00	-5.265E+02	 2.267E+03
 175.300	 0.000E+00	-6.580E+02	 2.310E+03
 175.350	 0.000E+00	-7.888E+02	 2.348E+03
 175.400	 0.000E+00	-9.211E+02	 2.356E+03
 175.450	 0.000E+00	-1.052E+03	 2.358E+03
 175.500	 0.000E+00	-1.189E+03	 2.352E+03
 175.550	 0.000E+00	-1.316E+03	 2.360E+03
 175.600	 0.000E+00	-1.442E+03	 2.391E+03
 175.650	 0.000E+00	-1.563E+03	 2.454E+03
 175.700	 0.000E+00	-1.680E+03	 2.533E+03
 175.750	 0.000E+00	-1.792E+03	 2.591E+03
 175.800	 0.000E+00	-1.900E+03	 2.647E+03
 175.850	 0.000E+00	-2.003E+03	 2.664E+03
 175.900	 0.000E+00	-2.103E+03	 2.660E+03
 175.950	 0.000E+00	-2.196E+03	 2.652E+03
 176.000	 0.000E+00	-2.286E+03	 2.619E+03
 176.050	 0.000E+00	-2.374E+03	 2.603E+03
 176.100	 0.000E+00	-2.461E+03	 2.604E+03
 176.150	 0.000E+00	-2.546E+03	 2.623E+03
 176.200	 0.000E+00	-2.633E+03	 2.637E+03
 176.250	 0.000E+00	-2.722E+03	 2.645E+03
 176.300	 0.000E+00	-2.807E+03	 2.635E+03
 176.350	 0.000E+00	-2.893E+03	 2.596E+03
 176.400	 0.000E+00	-2.984E+03	 2.518E+03
 176.450	 0.000E+00	-3.063E+03	 2.459E+03
 176.500	 0.000E+00	-3.135E+03	 2.388E+03
 176.550	 0.000E+00	-3.202E+03	 2.317E+03
 176.600	 0.000E+00	-3.262E+03	 2.270E+03
 176.650	 0.000E+00	-3.309E+03	 2.242E+03
 176.700	 0.000E+00	-3.351E+03	 2.219E+03
 176.750	 0.000E+00	-3.382E+03	 2.197E+03
 176.800	 0.000E+00	-3.409E+03	 2.178E+03
 176.850	 0.000E+00	-3.429E+03	 2.171E+03
 176.900	 0.000E+00	-3.444E+03	 2.166E+03
 176.950	 0.000E+00	-3.457E+03	 2.152E+03
 177.000	 0.000E+00	-3.468E+03	 2.164E+03
 177.050	 0.000E+00	-3.475E+03	 2.199E+03
 177.100	 0.000E+00	-3.479E+03	 2.237E+03
 177.150	 0.000E+00	-3.482E+03	 2.297E+03
 177.200	 0.000E+00	-3.475E+03	 2.376E+03
 177.250	 0.000E+00	-3.469E+03	 2.432E+03
 177.300	 0.000E+00	-3.461E+03	 2.477E+03
 177.350	 0.000E+00	-3.443E+03	 2.529E+03
 177.400	 0.000E+00	-3.422E+03	 2.558E+03
 177.450	 0.000E+00	-3.386E+03	 2.624E+03
 177.500	 0.000E+00	-3.342E+03	 2.705E+03
 177.550	 0.000E+00	-3.292E+03	 2.789E+03
 177.600	 0.000E+00	-3.230E+03	 2.869E+03
 177.650	 0.000E+00	-3.167E+03	 2.959E+03
 177.700	 0.000E+00	-3.094E+03	 3.014E+03
 177.750	 0.000E+00	-3.018E+03	 3.017E+03
 177.800	 0.000E+00	-2.941E+03	 2.981E+03
 177.850	 0.000E+00	-2.858E+03	 2.896E+03
 177.900	 0.000E+00	-2.776E+03	 2.783E+03
 177.950	 0.000E+00	-2.694E+03	 2.630E+03
 178.000	 0.000E+00	-2.617E+03	 2.474E+03
 178.050	 0.000E+00	-2.539E+03	 2.305E+03
 178.100	 0.000E+00	-2.465E+03	 2.156E+03
 178.150	 0.000E+00	-2.397E+03	 2.028E+03
 178.200	 0.000E+00	-2.315E+03	 1.949E+03
 178.250	 0.000E+00	-2.234E+03	 1.888E+03
 178.300	 0.000E+00	-2.146E+03	 1.848E+03
 178.350	 0.000E+00	-2.052E+03	 1.845E+03
 178.400	 0.000E+00	-1.951E+03	 1.844E+03
 178.450	 0.000E+00	-1.834E+03	 1.864E+03
 178.500	 0.000E+00	-1.718E+03	 1.898E+03
 178.550	 0.000E+00	-1.586E+03	 1.944E+03
 178.600	 0.000E+00	-1.456E+03	 1.996E+03
 178.650	 0.000E+00	-1.319E+03	 2.077E+03
 178.700	 0.000E+00	-1.175E+03	 2.176E+03
 178.750	 0.000E+00	-1.032E+03	 2.295E+03
 178.800	 0.000E+00	-8.888E+02	 2.419E+03
 178.850	 0.000E+00	-7.480E+02	 2.512E+03
 178.900	 0.000E+00	-6.115E+02	 2.578E+03
 178.950	 0.000E+00	-4.749E+02	 2.592E+03
 179.000	 0.000E+00	-3.417E+02	 2.571E+03
 179.050	 0.000E+00	-2.164E+02	 2.500E+03
 179.100	 0.000E+00	-9.262E+01	 2.394E+03
 179.150	 0.000E+00	 3.101E+01	 2.272E+03
 179.200	 0.000E+00	 1.523E+02	 2.166E+03
 179.250	 0.000E+00	 2.749E+02	 2.081E+03
 179.300	 0.000E+00	 3.996E+02	 1.994E+03
 179.350	 0.000E+00	 5.223E+02	 1.922E+03
 179.400	 0.000E+00	 6.470E+02	 1.862E+03
 179.450	 0.000E+00	 7.764E+02	 1.790E+03
 179.500	 0.000E+00	 9.046E+02	 1.719E+03
 179.550	 0.000E+00	 1.034E+03	 1.641E+03
 179.600	 0.000E+00	 1.167E+03	 1.579E+03
 179.650	 0.000E+00	 1.301E+03	 1.570E+03
 179.700	 0.000E+00	 1.438E+03	 1.605E+03
 179.750	 0.000E+00	 1.571E+03	 1.679E+03
 179.800	 0.000E+00	 1.703E+03	 1.778E+03
 179.850	 0.000E+00	 1.839E+03	 1.911E+03
 179.900	 0.000E+00	 1.966E+03	 2.017E+03
 179.950	 0.000E+00	 2.091E+03	 2.109E+03
 180.000	 0.000E+00	 2.212E+03	 2.164E+03
 180.050	 0.000E+00	 2.324E+03	 2.207E+03
 180.100	 0.000E+00	 2.432E+03	 2.231E+03
 180.150	 0.000E+00	 2.541E+03	 2.307E+03
 180.200	 0.000E+00	 2.644E+03	 2.379E+03
 180.250	 0.000E+00	 2.741E+03	 2.465E+03
 180.300	 0.000E+00	 2.834E+03	 2.540E+03
 180.350	 0.000E+00	 2.922E+03	 2.579E+03
 180.400	 0.000E+00	 3.004E+03	 2.598E+03
 180.450	 0.000E+00	 3.077E+03	 2.548E+03
 180.500	 0.000E+00	 3.146E+03	 2.471E+03
 180.550	 0.000E+00	 3.212E+03	 2.368E+03
 180.600	 0.000E+00	 3.268E+03	 2.239E+03
 180.650	 0.000E+00	 3.327E+03	 2.143E+03
 180.700	 0.000E+00	 3.381E+03	 2.065E+03
 180.750	 0.000E+00	 3.426E+03	 2.004E+03
 180.800	 0.000E+00	 3.471E+03	 1.984E+03
 180.850	 0.000E+00	 3.508E+03	 1.969E+03
 180.900	 0.000E+00	 3.548E+03	 1.981E+03
 180.950	 0.000E+00	 3.576E+03	 1.970E+03
 181.000	 0.000E+00	 3.595E+03	 1.942E+03
 181.050	 0.000E+00	 3.615E+03	 1.949E+03
 181.100	 0.000E+00	 3.628E+03	 1.965E+03
 181.150	 0.000E+00	 3.639E+03	 2.011E+03
 181.200	 0.000E+00	 3.645E+03	 2.101E+03
 181.250	 0.000E+00	 3.647E+03	 2.221E+03
 181.300	 0.000E+00	 3.647E+03	 2.366E+03
 181.350	 0.000E+00	 3.641E+03	 2.511E+03
 181.400	 0.000E+00	 3.629E+03	 2.606E+03
 181.450	 0.000E+00	 3.618E+03	 2.656E+03
 181.500	 0.000E+00	 3.604E+03	 2.678E+03
 181.550	 0.000E+00	 3.584E+03	 2.681E+03
 181.600	 0.000E+00	 3.554E+03	 2.641E+03
 181.650	 0.000E+00	 3.521E+03	 2.598E+03
 181.700	 0.000E+00	 3.483E+03	 2.596E+03
 181.750	 0.000E+00	 3.431E+03	 2.605E+03
 181.800	 0.000E+00	 3.376E+03	 2.625E+03
 181.850	 0.000E+00	 3.316E+03	 2.681E+03
 181.900	 0.000E+00	 3.246E+03	 2.707E+03
 181.950	 0.000E+00	 3.173E+03	 2.712E+03
 182.000	 0.000E+00	 3.095E+03	 2.691E+03
 182.050	 0.000E+00	 3.010E+03	 2.651E+03
 182.100	 0.000E+00	 2.929E+03	 2.601E+03
 182.150	 0.000E+00	 2.843E+03	 2.532E+03
 182.200	 0.000E+00	 2.760E+03	 2.507E+03
 182.250	 0.000E+00	 2.673E+03	 2.484E+03
 182.300	 0.000E+00	 2.592E+03	 2.484E+03
 182.350	 0.000E+00	 2.505E+03	 2.536E+03
 182.400	 0.000E+00	 2.414E+03	 2.568E+03
 182.450	 0.000E+00	 2.323E+03	 2.599E+03
 182.500	 0.000E+00	 2.219E+03	 2.596E+03
 182.550	 0.000E+00	 2.112E+03	 2.575E+03
 182.600	 0.000E+00	 1.994E+03	 2.490E+03
 182.650	 0.000E+00	 1.871E+03	 2.393E+03
 182.700	 0.000E+00	 1.739E+03	 2.283E+03
 182.750	 0.000E+00	 1.604E+03	 2.192E+03
 182.800	 0.000E+00	 1.473E+03	 2.173E+03
 182.850	 0.000E+00	 1.330E+03	 2.180E+03
 182.900	 0.000E+00	 1.197E+03	 2.250E+03
 182.950	 0.000E+00	 1.060E+03	 2.327E+03
 183.000	 0.000E+00	 9.195E+02	 2.391E+03
 183.050	 0.000E+00	 7.855E+02	 2.457E+03
 183.100	 0.000E+00	 6.527E+02	 2.463E+03
 183.150	 0.000E+00	 5.247E+02	 2.457E+03
 183.200	 0.000E+00	 3.944E+02	 2.420E+03
 183.250	 0.000E+00	 2.674E+02	 2.385E+03
 183.300	 0.000E+00	 1.466E+02	 2.369E+03
 183.350	 0.000E+00	 2.705E+01	 2.389E+03
 183.400	 0.000E+00	-1.003E+02	 2.394E+03
 183.450	 0.000E+00	-2.217E+02	 2.428E+03
 183.500	 0.000E+00	-3.489E+02	 2.436E+03
 183.550	 0.000E+00	-4.828E+02	 2.414E+03
 183.600	 0.000E+00	-6.186E+02	 2.380E+03
 183.650	 0.000E+00	-7.494E+02	 2.329E+03
 183.700	 0.000E+00	-8.858E+02	 2.286E+03
 183.750	 0.000E+00	-1.023E+03	 2.261E+03
 183.800	 0.000E+00	-1.152E+03	 2.258E+03
 183.850	 0.000E+00	-1.284E+03	 2.266E+03
 183.900	 0.000E+00	-1.411E+03	 2.308E+03
 183.950	 0.000E+00	-1.532E+03	 2.354E+03
 184.000	 0.000E+00	-1.652E+03	 2.374E+03
 184.050	 0.000E+00	-1.769E+03	 2.370E+03
 184.100	 0.000E+00	-1.879E+03	 2.336E+03
 184.150	 0.000E+00	-1.986E+03	 2.267E+03
 184.200	 0.000E+00	-2.094E+03	 2.180E+03
 184.250	 0.000E+00	-2.197E+03	 2.088E+03
 184.300	 0.000E+00	-2.294E+03	 2.039E+03
 184.350	 0.000E+00	-2.393E+03	 2.027E+03
 184.400	 0.000E+00	-2.487E+03	 2.063E+03
 184.450	 0.000E+00	-2.571E+03	 2.130E+03
 184.500	 0.000E+00	-2.659E+03	 2.196E+03
 184.550	 0.000E+00	-2.746E+03	 2.247E+03
 184.600	 0.000E+00	-2.829E+03	 2.259E+03
 184.650	 0.000E+00	-2.910E+03	 2.250E+03
 184.700	 0.000E+00	-2.988E+03	 2.207E+03
 184.750	 0.000E+00	-3.060E+03	 2.164E+03
 184.800	 0.000E+00	-3.124E+03	 2.143E+03
 184.850	 0.000E+00	-3.179E+03	 2.144E+03
 184.900	 0.000E+00	-3.232E+03	 2.173E+03
 184.950	 0.000E+00	-3.276E+03	 2.223E+03
 185.000	 0.000E+00	-3.314E+03	 2.271E+03
 185.050	 0.000E+00	-3.348E+03	 2.288E+03
 185.100	 0.000E+00	-3.378E+03	 2.273E+03
 185.150	 0.000E+00	-3.402E+03	 2.219E+03
 185.200	 0.000E+00	-3.428E+03	 2.139E+03
 185.250	 0.000E+00	-3.447E+03	 2.077E+03
 185.300	 0.000E+00	-3.470E+03	 2.029E+03
 185.350	 0.000E+00	-3.483E+03	 2.031E+03
 185.400	 0.000E+00	-3.494E+03	 2.070E+03
 185.450	 0.000E+00	-3.499E+03	 2.143E+03
 185.500	 0.000E+00	-3.502E+03	 2.209E+03
 185.550	 0.000E+00	-3.496E+03	 2.297E+03
 185.600	 0.000E+00	-3.488E+03	 2.347E+03
 185.650	 0.000E+00	-3.472E+03	 2.360E+03
 185.700	 0.000E+00	-3.447E+03	 2.366E+03
 185.750	 0.000E+00	-3.415E+03	 2.358E+03
 185.800	 0.000E+00	-3.376E+03	 2.371E+03
 185.850	 0.000E+00	-3.325E+03	 2.402E+03
 185.900	 0.000E+00	-3.271E+03	 2.458E+03
 185.950	 0.000E+00	-3.213E+03	 2.500E+03
 186.000	 0.000E+00	-3.153E+03	 2.536E+03
 186.050	 0.000E+00	-3.093E+03	 2.516E+03
 186.100	 0.000E+00	-3.021E+03	 2.473E+03
 186.150	 0.000E+00	-2.952E+03	 2.385E+03
 186.200	 0.000E+00	-2.888E+03	 2.277E+03
 186.250	 0.000E+00	-2.812E+03	 2.179E+03
 186.300	 0.000E+00	-2.744E+03	 2.101E+03
 186.350	 0.000E+00	-2.670E+03	 2.060E+03
 186.400	 0.000E+00	-2.584E+03	 2.046E+03
 186.450	 0.000E+00	-2.501E+03	 2.042E+03
 186.500	 0.000E+00	-2.415E+03	 2.032E+03
 186.550	 0.000E+00	-2.319E+03	 1.991E+03
 186.600	 0.000E+00	-2.216E+03	 1.929E+03
 186.650	 0.000E+00	-2.114E+03	 1.849E+03
 186.700	 0.000E+00	-2.001E+03	 1.783E+03
 186.750	 0.000E+00	-1.879E+03	 1.737E+03
 186.800	 0.000E+00	-1.756E+03	 1.740E+03
 186.850	 0.000E+00	-1.632E+03	 1.784E+03
 186.900	 0.000E+00	-1.491E+03	 1.872E+03
 186.950	 0.000E+00	-1.362E+03	 1.947E+03
 187.000	 0.000E+00	-1.228E+03	 2.026E+03
 187.050	 0.000E+00	-1.096E+03	 2.050E+03
 187.100	 0.000E+00	-9.640E+02	 2.039E+03
 187.150	 0.000E+00	-8.397E+02	 1.999E+03
 187.200	 0.000E+00	-7.103E+02	 1.966E+03
 187.250	 0.000E+00	-5.851E+02	 1.908E+03
 187.300	 0.000E+00	-4.667E+02	 1.892E+03
 187.350	 0.000E+00	-3.351E+02	 1.898E+03
 187.400	 0.000E+00	-2.114E+02	 1.902E+03
 187.450	 0.000E+00	-8.291E+01	 1.917E+03
 187.500	 0.000E+00	 4.784E+01	 1.906E+03
 187.550	 0.000E+00	 1.777E+02	 1.876E+03
 187.600	 0.000E+00	 3.115E+02	 1.816E+03
 187.650	 0.000E+00	 4.378E+02	 1.740E+03
 187.700	 0.000E+00	 5.685E+02	 1.668E+03
 187.750	 0.000E+00	 6.971E+02	 1.636E+03
 187.800	 0.000E+00	 8.255E+02	 1.634E+03
 187.850	 0.000E+00	 9.560E+02	 1.675E+03
 187.900	 0.000E+00	 1.089E+03	 1.740E+03
 187.950	 0.000E+00	 1.217E+03	 1.823E+03
 188.000	 0.000E+00	 1.348E+03	 1.913E+03
 188.050	 0.000E+00	 1.477E+03	 1.993E+03
 188.100	 0.000E+00	 1.604E+03	 2.078E+03
 188.150	 0.000E+00	 1.736E+03	 2.148E+03
 188.200	 0.000E+00	 1.867E+03	 2.200E+03
 188.250	 0.000E+00	 1.993E+03	 2.237E+03
 188.300	 0.000E+00	 2.117E+03	 2.252E+03
 188.350	 0.000E+00	 2.238E+03	 2.253E+03
 188.400	 0.000E+00	 2.354E+03	 2.248E+03
 188.450	 0.000E+00	 2.462E+03	 2.252E+03
 188.500	 0.000E+00	 2.569E+03	 2.279E+03
 188.550	 0.000E+00	 2.669E+03	 2.340E+03
 188.600	 0.000E+00	 2.762E+03	 2.400E+03
 188.650	 0.000E+00	 2.848E+03	 2.465E+03
 188.700	 0.000E+00	 2.929E+03	 2.527E+03
 188.750	 0.000E+00	 3.005E+03	 2.563E+03
 188.800	 0.000E+00	 3.086E+03	 2.598E+03
 188.850	 0.000E+00	 3.159E+03	 2.576E+03
 188.900	 0.000E+00	 3.223E+03	 2.507E+03
 188.950	 0.000E+00	 3.289E+03	 2.456E+03
 189.000	 0.000E+00	 3.352E+03	 2.424E+03
 189.050	 0.000E+00	 3.402E+03	 2.380E+03
 189.100	 0.000E+00	 3.455E+03	 2.388E+03
 189.150	 0.000E+00	 3.505E+03	 2.403E+03
 189.200	 0.000E+00	 3.537E+03	 2.346E+03
 189.250	 0.000E+00	 3.571E+03	 2.297E+03
 189.300	 0.000E+00	 3.591E+03	 2.189E+03
 189.350	 0.000E+00	 3.613E+03	 2.106E+03
 189.400	 0.000E+00	 3.628E+03	 2.039E+03
 189.450	 0.000E+00	 3.637E+03	 1.991E+03
 189.500	 0.000E+00	 3.636E+03	 1.958E+03
 189.550	 0.000E+00	 3.634E+03	 1.959E+03
 189.600	 0.000E+00	 3.629E+03	 1.984E+03
 189.650	 0.000E+00	 3.617E+03	 2.005E+03
 189.700	 0.000E+00	 3.605E+03	 2.043E+03
 189.750	 0.000E+00	 3.599E+03	 2.093E+03
 189.800	 0.000E+00	 3.587E+03	 2.129E+03
 189.850	 0.000E+00	 3.573E+03	 2.179E+03
 189.900	 0.000E+00	 3.552E+03	 2.228E+03
 189.950	 0.000E+00	 3.535E+03	 2.307E+03
 190.000	 0.000E+00	 3.511E+03	 2.387E+03
 190.050	 0.000E+00	 3.479E+03	 2.454E+03
 190.100	 0.000E+00	 3.434E+03	 2.525E+03
 190.150	 0.000E+00	 3.385E+03	 2.600E+03
 190.200	 0.000E+00	 3.329E+03	 2.652E+03
 190.250	 0.000E+00	 3.265E+03	 2.703E+03
 190.300	 0.000E+00	 3.197E+03	 2.737E+03
 190.350	 0.000E+00	 3.115E+03	 2.754E+03
 190.400	 0.000E+00	 3.038E+03	 2.763E+03
 190.450	 0.000E+00	 2.956E+03	 2.747E+03
 190.500	 0.000E+00	 2.872E+03	 2.722E+03
 190.550	 0.000E+00	 2.783E+03	 2.671E+03
 190.600	 0.000E+00	 2.697E+03	 2.624E+03
 190.650	 0.000E+00	 2.605E+03	 2.557E+03
 190.700	 0.000E+00	 2.514E+03	 2.499E+03
 190.750	 0.000E+00	 2.415E+03	 2.456E+03
 190.800	 0.000E+00	 2.315E+03	 2.407E+03
 190.850	 0.000E+00	 2.209E+03	 2.373E+03
 190.900	 0.000E+00	 2.093E+03	 2.328E+03
 190.950	 0.000E+00	 1.977E+03	 2.263E+03
 191.000	 0.000E+00	 1.854E+03	 2.196E+03
 191.050	 0.000E+00	 1.722E+03	 2.117E+03
 191.100	 0.000E+00	 1.586E+03	 2.018E+03
 191.150	 0.000E+00	 1.450E+03	 1.957E+03
 191.200	 0.000E+00	 1.313E+03	 1.940E+03
 191.250	 0.000E+00	 1.170E+03	 1.928E+03
 191.300	 0.000E+00	 1.034E+03	 1.972E+03
 191.350	 0.000E+00	 9.006E+02	 2.065E+03
 191.400	 0.000E+00	 7.660E+02	 2.149E+03
 191.450	 0.000E+00	 6.354E+02	 2.263E+03
 191.500	 0.000E+00	 5.098E+02	 2.347E+03
 191.550	 0.000E+00	 3.846E+02	 2.426E+03
 191.600	 0.000E+00	 2.666E+02	 2.518E+03
 191.650	 0.000E+00	 1.449E+02	 2.576E+03
 191.700	 0.000E+00	 3.094E+01	 2.651E+03
 191.750	 0.000E+00	-9.099E+01	 2.702E+03
 191.800	 0.000E+00	-2.126E+02	 2.746E+03
 191.850	 0.000E+00	-3.371E+02	 2.775E+03
 191.900	 0.000E+00	-4.647E+02	 2.779E+03
 191.950	 0.000E+00	-5.959E+02	 2.764E+03
 192.000	 0.000E+00	-7.267E+02	 2.720E+03
 192.050	 0.000E+00	-8.654E+02	 2.619E+03
 192.100	 0.000E+00	-1.003E+03	 2.511E+03
 192.150	 0.000E+00	-1.140E+03	 2.377E+03
 192.200	 0.000E+00	-1.279E+03	 2.233E+03
 192.250	 0.000E+00	-1.415E+03	 2.120E+03
 192.300	 0.000E+00	-1.541E+03	 2.052E+03
 192.350	 0.000E+00	-1.668E+03	 1.992E+03
 192.400	 0.000E+00	-1.788E+03	 1.958E+03
 192.450	 0.000E+00	-1.902E+03	 1.927E+03
 192.500	 0.000E+00	-2.011E+03	 1.901E+03
 192.550	 0.000E+00	-2.119E+03	 1.847E+03
 192.600	 0.000E+00	-2.218E+03	 1.806E+03
 192.650	 0.000E+00	-2.315E+03	 1.742E+03
 192.700	 0.000E+00	-2.407E+03	 1.705E+03
 192.750	 0.000E+00	-2.494E+03	 1.702E+03
 192.800	 0.000E+00	-2.580E+03	 1.730E+03
 192.850	 0.000E+00	-2.661E+03	 1.804E+03
 192.900	 0.000E+00	-2.740E+03	 1.917E+03
 192.950	 0.000E+00	-2.812E+03	 2.030E+03
 193.000	 0.000E+00	-2.888E+03	 2.121E+03
 193.050	 0.000E+00	-2.959E+03	 2.183E+03
 193.100	 0.000E+00	-3.029E+03	 2.194E+03
 193.150	 0.000E+00	-3.097E+03	 2.153E+03
 193.200	 0.000E+00	-3.158E+03	 2.093E+03
 193.250	 0.000E+00	-3.218E+03	 2.025E+03
 193.300	 0.000E+00	-3.272E+03	 1.973E+03
 193.350	 0.000E+00	-3.325E+03	 1.928E+03
 193.400	 0.000E+00	-3.369E+03	 1.916E+03
 193.450	 0.000E+00	-3.407E+03	 1.918E+03
 193.500	 0.000E+00	-3.439E+03	 1.924E+03
 193.550	 0.000E+00	-3.466E+03	 1.909E+03
 193.600	 0.000E+00	-3.490E+03	 1.883E+03
 193.650	 0.000E+00	-3.511E+03	 1.833E+03
 193.700	 0.000E+00	-3.524E+03	 1.779E+03
 193.750	 0.000E+00	-3.531E+03	 1.742E+03
 193.800	 0.000E+00	-3.536E+03	 1.719E+03
 193.850	 0.000E+00	-3.532E+03	 1.727E+03
 193.900	 0.000E+00	-3.522E+03	 1.760E+03
 193.950	 0.000E+00	-3.505E+03	 1.830E+03
 194.000	 0.000E+00	-3.485E+03	 1.900E+03
 194.050	 0.000E+00	-3.455E+03	 1.981E+03
 194.100	 0.000E+00	-3.431E+03	 2.030E+03
 194.150	 0.000E+00	-3.396E+03	 2.061E+03
 194.200	 0.000E+00	-3.352E+03	 2.088E+03
 194.250	 0.000E+00	-3.317E+03	 2.083E+03
 194.300	 0.000E+00	-3.266E+03	 2.085E+03
 194.350	 0.000E+00	-3.221E+03	 2.102E+03
 194.400	 0.000E+00	-3.164E+03	 2.138E+03
 194.450	 0.000E+00	-3.103E+03	 2.166E+03
 194.500	 0.000E+00	-3.034E+03	 2.217E+03
 194.550	 0.000E+00	-2.965E+03	 2.256E+03
 194.600	 0.000E+00	-2.889E+03	 2.274E+03
 194.650	 0.000E+00	-2.802E+03	 2.289E+03
 194.700	 0.000E+00	-2.721E+03	 2.273E+03
 194.750	 0.000E+00	-2.632E+03	 2.222E+03
 194.800	 0.000E+00	-2.532E+03	 2.174E+03
 194.850	 0.000E+00	-2.443E+03	 2.108E+03
 194.900	 0.000E+00	-2.334E+03	 2.061E+03
 194.950	 0.000E+00	-2.223E+03	 2.029E+03
 195.000	 0.000E+00	-2.122E+03	 2.012E+03
 195.050	 0.000E+00	-2.005E+03	 2.014E+03
 195.100	 0.000E+00	-1.894E+03	 2.002E+03
 195.150	 0.000E+00	-1.782E+03	 2.000E+03
 195.200	 0.000E+00	-1.663E+03	 1.971E+03
 195.250	 0.000E+00	-1.548E+03	 1.922E+03
 195.300	 0.000E+00	-1.436E+03	 1.859E+03
 195.350	 0.000E+00	-1.315E+03	 1.798E+03
 195.400	 0.000E+00	-1.197E+03	 1.761E+03
 195.450	 0.000E+00	-1.080E+03	 1.721E+03
 195.500	 0.000E+00	-9.525E+02	 1.693E+03
 195.550	 0.000E+00	-8.217E+02	 1.694E+03
 195.600	 0.000E+00	-6.976E+02	 1.684E+03
 195.650	 0.000E+00	-5.641E+02	 1.685E+03
 195.700	 0.000E+00	-4.322E+02	 1.664E+03
 195.750	 0.000E+00	-3.031E+02	 1.644E+03
 195.800	 0.000E+00	-1.699E+02	 1.621E+03
 195.850	 0.000E+00	-3.821E+01	 1.592E+03
 195.900	 0.000E+00	 9.015E+01	 1.560E+03
 195.950	 0.000E+00	 2.177E+02	 1.547E+03
 196.000	 0.000E+00	 3.536E+02	 1.579E+03
 196.050	 0.000E+00	 4.890E+02	 1.628E+03
 196.100	 0.000E+00	 6.184E+02	 1.696E+03
 196.150	 0.000E+00	 7.591E+02	 1.793E+03
 196.200	 0.000E+00	 8.923E+02	 1.850E+03
 196.250	 0.000E+00	 1.028E+03	 1.899E+03
 196.300	 0.000E+00	 1.161E+03	 1.921E+03
 196.350	 0.000E+00	 1.290E+03	 1.915E+03
 196.400	 0.000E+00	 1.416E+03	 1.895E+03
 196.450	 0.000E+00	 1.544E+03	 1.919E+03
 196.500	 0.000E+00	 1.675E+03	 1.969E+03
 196.550	 0.000E+00	 1.801E+03	 2.062E+03
 196.600	 0.000E+00	 1.934E+03	 2.196E+03
 196.650	 0.000E+00	 2.061E+03	 2.309E+03
 196.700	 0.000E+00	 2.183E+03	 2.400E+03
 196.750	 0.000E+00	 2.299E+03	 2.445E+03
 196.800	 0.000E+00	 2.413E+03	 2.450E+03
 196.850	 0.000E+00	 2.521E+03	 2.416E+03
 196.900	 0.000E+00	 2.614E+03	 2.350E+03
 196.950	 0.000E+00	 2.707E+03	 2.314E+03
 197.000	 0.000E+00	 2.796E+03	 2.307E+03
 197.050	 0.000E+00	 2.876E+03	 2.339E+03
 197.100	 0.000E+00	 2.953E+03	 2.400E+03
 197.150	 0.000E+00	 3.034E+03	 2.498E+03
 197.200	 0.000E+00	 3.111E+03	 2.578E+03
 197.250	 0.000E+00	 3.176E+03	 2.573E+03
 197.300	 0.000E+00	 3.241E+03	 2.534E+03
 197.350	 0.000E+00	 3.301E+03	 2.435E+03
 197.400	 0.000E+00	 3.354E+03	 2.296E+03
 197.450	 0.000E+00	 3.405E+03	 2.187E+03
 197.500	 0.000E+00	 3.455E+03	 2.122E+03
 197.550	 0.000E+00	 3.495E+03	 2.097E+03
 197.600	 0.000E+00	 3.528E+03	 2.119E+03
 197.650	 0.000E+00	 3.558E+03	 2.184E+03
 197.700	 0.000E+00	 3.585E+03	 2.291E+03
 197.750	 0.000E+00	 3.607E+03	 2.368E+03
 197.800	 0.000E+00	 3.625E+03	 2.391E+03
 197.850	 0.000E+00	 3.637E+03	 2.354E+03
 197.900	 0.000E+00	 3.645E+03	 2.300E+03
 197.950	 0.000E+00	 3.643E+03	 2.234E+03
 198.000	 0.000E+00	 3.641E+03	 2.206E+03
 198.050	 0.000E+00	 3.638E+03	 2.245E+03
 198.100	 0.000E+00	 3.630E+03	 2.335E+03
 198.150	 0.000E+00	 3.623E+03	 2.448E+03
 198.200	 0.000E+00	 3.611E+03	 2.569E+03
 198.250	 0.000E+00	 3.592E+03	 2.657E+03
 198.300	 0.000E+00	 3.572E+03	 2.689E+03
 198.350	 0.000E+00	 3.537E+03	 2.654E+03
 198.400	 0.000E+00	 3.504E+03	 2.597E+03
 198.450	 0.000E+00	 3.463E+03	 2.544E+03
 198.500	 0.000E+00	 3.417E+03	 2.497E+03
 198.550	 0.000E+00	 3.364E+03	 2.473E+03
 198.600	 0.000E+00	 3.304E+03	 2.499E+03
 198.650	 0.000E+00	 3.235E+03	 2.551E+03
 198.700	 0.000E+00	 3.166E+03	 2.578E+03
 198.750	 0.000E+00	 3.091E+03	 2.589E+03
 198.800	 0.000E+00	 3.005E+03	 2.524E+03
 198.850	 0.000E+00	 2.922E+03	 2.418E+03
 198.900	 0.000E+00	 2.834E+03	 2.263E+03
 198.950	 0.000E+00	 2.740E+03	 2.127E+03
 199.000	 0.000E+00	 2.645E+03	 2.021E+03
 199.050	 0.000E+00	 2.550E+03	 1.970E+03
 199.100	 0.000E+00	 2.453E+03	 1.994E+03
 199.150	 0.000E+00	 2.355E+03	 2.071E+03
 199.200	 0.000E+00	 2.258E+03	 2.172E+03
 199.250	 0.000E+00	 2.155E+03	 2.262E+03
 199.300	 0.000E+00	 2.046E+03	 2.302E+03
 199.350	 0.000E+00	 1.934E+03	 2.270E+03
 199.400	 0.000E+00	 1.816E+03	 2.191E+03
 199.450	 0.000E+00	 1.695E+03	 2.071E+03
 199.500	 0.000E+00	 1.568E+03	 1.949E+03
 199.550	 0.000E+00	 1.445E+03	 1.877E+03
 199.600	 0.000E+00	 1.319E+03	 1.858E+03
 199.650	 0.000E+00	 1.194E+03	 1.944E+03
 199.700	 0.000E+00	 1.069E+03	 2.043E+03
 199.750	 0.000E+00	 9.426E+02	 2.166E+03
 199.800	 0.000E+00	 8.173E+02	 2.281E+03
 199.850	 0.000E+00	 6.888E+02	 2.313E+03
 199.900	 0.000E+00	 5.652E+02	 2.311E+03
 199.950	 0.000E+00	 4.293E+02	 2.255E+03
 200.000	 0.000E+00	 2.994E+02	 2.199E+03
 200.050	 0.000E+00	 1.703E+02	 2.171E+03
 200.100	 0.000E+00	 3.869E+01	 2.177E+03
 200.150	 0.000E+00	-9.276E+01	 2.234E+03
 200.200	 0.000E+00	-2.207E+02	 2.323E+03
 200.250	 0.000E+00	-3.491E+02	 2.404E+03
 200.300	 0.000E+00	-4.845E+02	 2.453E+03
 200.350	 0.000E+00	-6.234E+02	 2.458E+03
 200.400	 0.000E+00	-7.532E+02	 2.415E+03
 200.450	 0.000E+00	-8.948E+02	 2.305E+03
 200.500	 0.000E+00	-1.034E+03	 2.173E+03
 200.550	 0.000E+00	-1.165E+03	 2.052E+03
 200.600	 0.000E+00	-1.300E+03	 1.950E+03
 200.650	 0.000E+00	-1.433E+03	 1.870E+03
 200.700	 0.000E+00	-1.554E+03	 1.842E+03
 200.750	 0.000E+00	-1.673E+03	 1.850E+03
 200.800	 0.000E+00	-1.791E+03	 1.841E+03
 200.850	 0.000E+00	-1.904E+03	 1.814E+03
 200.900	 0.000E+00	-2.013E+03	 1.771E+03
 200.950	 0.000E+00	-2.123E+03	 1.725E+03
 201.000	 0.000E+00	-2.227E+03	 1.692E+03
 201.050	 0.000E+00	-2.326E+03	 1.677E+03
 201.100	 0.000E+00	-2.419E+03	 1.713E+03
 201.150	 0.000E+00	-2.508E+03	 1.792E+03
 201.200	 0.000E+00	-2.594E+03	 1.891E+03
 201.250	 0.000E+00	-2.674E+03	 1.981E+03
 201.300	 0.000E+00	-2.752E+03	 2.045E+03
 201.350	 0.000E+00	-2.831E+03	 2.051E+03
 201.400	 0.000E+00	-2.907E+03	 2.022E+03
 201.450	 0.000E+00	-2.978E+03	 1.970E+03
 201.500	 0.000E+00	-3.048E+03	 1.900E+03
 201.550	 0.000E+00	-3.117E+03	 1.849E+03
 201.600	 0.000E+00	-3.181E+03	 1.816E+03
 201.650	 0.000E+00	-3.241E+03	 1.813E+03
 201.700	 0.000E+00	-3.296E+03	 1.822E+03
 201.750	 0.000E+00	-3.346E+03	 1.831E+03
 201.800	 0.000E+00	-3.391E+03	 1.828E+03
 201.850	 0.000E+00	-3.430E+03	 1.792E+03
 201.900	 0.000E+00	-3.467E+03	 1.737E+03
 201.950	 0.000E+00	-3.498E+03	 1.670E+03
 202.000	 0.000E+00	-3.523E+03	 1.605E+03
 202.050	 0.000E+00	-3.545E+03	 1.546E+03
 202.100	 0.000E+00	-3.558E+03	 1.527E+03
 202.150	 0.000E+00	-3.567E+03	 1.522E+03
 202.200	 0.000E+00	-3.565E+03	 1.559E+03
 202.250	 0.000E+00	-3.566E+03	 1.573E+03
 202.300	 0.000E+00	-3.558E+03	 1.603E+03
 202.350	 0.000E+00	-3.546E+03	 1.631E+03
 202.400	 0.000E+00	-3.532E+03	 1.629E+03
 202.450	 0.000E+00	-3.508E+03	 1.634E+03
 202.500	 0.000E+00	-3.483E+03	 1.622E+03
 202.550	 0.000E+00	-3.450E+03	 1.620E+03
 202.600	 0.000E+00	-3.418E+03	 1.614E+03
 202.650	 0.000E+00	-3.379E+03	 1.593E+03
 202.700	 0.000E+00	-3.331E+03	 1.609E+03
 202.750	 0.000E+00	-3.285E+03	 1.615E+03
 202.800	 0.000E+00	-3.224E+03	 1.648E+03
 202.850	 0.000E+00	-3.162E+03	 1.678E+03
 202.900	 0.000E+00	-3.098E+03	 1.733E+03
 202.950	 0.000E+00	-3.018E+03	 1.756E+03
 203.000	 0.000E+00	-2.941E+03	 1.769E+03
 203.050	 0.000E+00	-2.865E+03	 1.759E+03
 203.100	 0.000E+00	-2.773E+03	 1.706E+03
 203.150	 0.000E+00	-2.688E+03	 1.672E+03
 203.200	 0.000E+00	-2.595E+03	 1.655E+03
 203.250	 0.000E+00	-2.503E+03	 1.650E+03
 203.300	 0.000E+00	-2.396E+03	 1.698E+03
 203.350	 0.000E+00	-2.301E+03	 1.767E+03
 203.400	 0.000E+00	-2.188E+03	 1.863E+03
 203.450	 0.000E+00	-2.072E+03	 1.950E+03
 203.500	 0.000E+00	-1.965E+03	 2.001E+03
 203.550	 0.000E+00	-1.848E+03	 2.031E+03
 203.600	 0.000E+00	-1.726E+03	 2.011E+03
 203.650	 0.000E+00	-1.612E+03	 1.964E+03
 203.700	 0.000E+00	-1.492E+03	 1.918E+03
 203.750	 0.000E+00	-1.372E+03	 1.859E+03
 203.800	 0.000E+00	-1.250E+03	 1.828E+03
 203.850	 0.000E+00	-1.130E+03	 1.834E+03
 203.900	 0.000E+00	-1.008E+03	 1.841E+03
 203.950	 0.000E+00	-8.826E+02	 1.861E+03
 204.000	 0.000E+00	-7.593E+02	 1.865E+03
 204.050	 0.000E+00	-6.411E+02	 1.832E+03
 204.100	 0.000E+00	-5.163E+02	 1.790E+03
 204.150	 0.000E+00	-3.911E+02	 1.736E+03
 204.200	 0.000E+00	-2.668E+02	 1.699E+03
 204.250	 0.000E+00	-1.356E+02	 1.671E+03
 204.300	 0.000E+00	-2.410E-01	 1.701E+03
 204.350	 0.000E+00	 1.304E+02	 1.755E+03
 204.400	 0.000E+00	 2.736E+02	 1.847E+03
 204.450	 0.000E+00	 4.172E+02	 1.927E+03
 204.500	 0.000E+00	 5.558E+02	 2.002E+03
 204.550	 0.000E+00	 6.960E+02	 2.054E+03
 204.600	 0.000E+00	 8.458E+02	 2.093E+03
 204.650	 0.000E+00	 9.838E+02	 2.121E+03
 204.700	 0.000E+00	 1.121E+03	 2.151E+03
 204.750	 0.000E+00	 1.259E+03	 2.178E+03
 204.800	 0.000E+00	 1.388E+03	 2.211E+03
 204.850	 0.000E+00	 1.515E+03	 2.285E+03
 204.900	 0.000E+00	 1.640E+03	 2.371E+03
 204.950	 0.000E+00	 1.762E+03	 2.459E+03
 205.000	 0.000E+00	 1.878E+03	 2.530E+03
 205.050	 0.000E+00	 1.993E+03	 2.572E+03
 205.100	 0.000E+00	 2.105E+03	 2.554E+03
 205.150	 0.000E+00	 2.212E+03	 2.507E+03
 205.200	 0.000E+00	 2.316E+03	 2.420E+03
 205.250	 0.000E+00	 2.417E+03	 2.317E+03
 205.300	 0.000E+00	 2.518E+03	 2.239E+03
 205.350	 0.000E+00	 2.615E+03	 2.183E+03
 205.400	 0.000E+00	 2.706E+03	 2.161E+03
 205.450	 0.000E+00	 2.792E+03	 2.136E+03
 205.500	 0.000E+00	 2.875E+03	 2.139E+03
 205.550	 0.000E+00	 2.948E+03	 2.119E+03
 205.600	 0.000E+00	 3.021E+03	 2.104E+03
 205.650	 0.000E+00	 3.094E+03	 2.069E+03
 205.700	 0.000E+00	 3.160E+03	 2.020E+03
 205.750	 0.000E+00	 3.225E+03	 2.002E+03
 205.800	 0.000E+00	 3.287E+03	 2.001E+03
 205.850	 0.000E+00	 3.348E+03	 2.067E+03
 205.900	 0.000E+00	 3.406E+03	 2.152E+03
 205.950	 0.000E+00	 3.465E+03	 2.281E+03
 206.000	 0.000E+00	 3.513E+03	 2.363E+03
 206.050	 0.000E+00	 3.558E+03	 2.439E+03
 206.100	 0.000E+00	 3.594E+03	 2.457E+03
 206.150	 0.000E+00	 3.625E+03	 2.445E+03
 206.200	 0.000E+00	 3.654E+03	 2.417E+03
 206.250	 0.000E+00	 3.672E+03	 2.363E+03
 206.300	 0.000E+00	 3.690E+03	 2.338E+03
 206.350	 0.000E+00	 3.699E+03	 2.339E+03
 206.400	 0.000E+00	 3.698E+03	 2.348E+03
 206.450	 0.000E+00	 3.692E+03	 2.359E+03
 206.500	 0.000E+00	 3.680E+03	 2.375E+03
 206.550	 0.000E+00	 3.657E+03	 2.374E+03
 206.600	 0.000E+00	 3.631E+03	 2.330E+03
 206.650	 0.000E+00	 3.599E+03	 2.278E+03
 206.700	 0.000E+00	 3.565E+03	 2.229E+03
 206.750	 0.000E+00	 3.525E+03	 2.174E+03
 206.800	 0.000E+00	 3.484E+03	 2.116E+03
 206.850	 0.000E+00	 3.440E+03	 2.099E+03
 206.900	 0.000E+00	 3.398E+03	 2.117E+03
 206.950	 0.000E+00	 3.355E+03	 2.148E+03
 207.000	 0.000E+00	 3.311E+03	 2.204E+03
 207.050	 0.000E+00	 3.257E+03	 2.264E+03
 207.100	 0.000E+00	 3.202E+03	 2.313E+03
 207.150	 0.000E+00	 3.134E+03	 2.334E+03
 207.200	 0.000E+00	 3.064E+03	 2.331E+03
 207.250	 0.000E+00	 2.987E+03	 2.302E+03
 207.300	 0.000E+00	 2.907E+03	 2.238E+03
 207.350	 0.000E+00	 2.816E+03	 2.165E+03
 207.400	 0.000E+00	 2.725E+03	 2.121E+03
 207.450	 0.000E+00	 2.634E+03	 2.110E+03
 207.500	 0.000E+00	 2.536E+03	 2.111E+03
 207.550	 0.000E+00	 2.437E+03	 2.133E+03
 207.600	 0.000E+00	 2.334E+03	 2.132E+03
 207.650	 0.000E+00	 2.230E+03	 2.148E+03
 207.700	 0.000E+00	 2.118E+03	 2.123E+03
 207.750	 0.000E+00	 2.005E+03	 2.104E+03
 207.800	 0.000E+00	 1.891E+03	 2.060E+03
 207.850	 0.000E+00	 1.774E+03	 2.025E+03
 207.900	 0.000E+00	 1.657E+03	 1.999E+03
 207.950	 0.000E+00	 1.541E+03	 1.956E+03
 208.000	 0.000E+00	 1.426E+03	 1.957E+03
 208.050	 0.000E+00	 1.306E+03	 1.960E+03
 208.100	 0.000E+00	 1.186E+03	 1.982E+03
 208.150	 0.000E+00	 1.069E+03	 2.033E+03
 208.200	 0.000E+00	 9.447E+02	 2.068E+03
 208.250	 0.000E+00	 8.144E+02	 2.077E+03
 208.300	 0.000E+00	 6.920E+02	 2.081E+03
 208.350	 0.000E+00	 5.558E+02	 2.055E+03
 208.400	 0.000E+00	 4.177E+02	 2.026E+03
 208.450	 0.000E+00	 2.846E+02	 2.009E+03
 208.500	 0.000E+00	 1.444E+02	 2.002E+03
 208.550	 0.000E+00	 3.753E+00	 2.005E+03
 208.600	 0.000E+00	-1.373E+02	 2.005E+03
 208.650	 0.000E+00	-2.780E+02	 2.005E+03
 208.700	 0.000E+00	-4.157E+02	 2.003E+03
 208.750	 0.000E+00	-5.552E+02	 1.965E+03
 208.800	 0.000E+00	-6.927E+02	 1.912E+03
 208.850	 0.000E+00	-8.236E+02	 1.847E+03
 208.900	 0.000E+00	-9.511E+02	 1.774E+03
 208.950	 0.000E+00	-1.082E+03	 1.680E+03
 209.000	 0.000E+00	-1.200E+03	 1.633E+03
 209.050	 0.000E+00	-1.315E+03	 1.599E+03
 209.100	 0.000E+00	-1.432E+03	 1.576E+03
 209.150	 0.000E+00	-1.547E+03	 1.578E+03
 209.200	 0.000E+00	-1.655E+03	 1.578E+03
 209.250	 0.000E+00	-1.769E+03	 1.568E+03
 209.300	 0.000E+00	-1.884E+03	 1.533E+03
 209.350	 0.000E+00	-1.995E+03	 1.517E+03
 209.400	 0.000E+00	-2.105E+03	 1.514E+03
 209.450	 0.000E+00	-2.217E+03	 1.525E+03
 209.500	 0.000E+00	-2.322E+03	 1.569E+03
 209.550	 0.000E+00	-2.417E+03	 1.657E+03
 209.600	 0.000E+00	-2.511E+03	 1.729E+03
 209.650	 0.000E+00	-2.599E+03	 1.787E+03
 209.700	 0.000E+00	-2.679E+03	 1.827E+03
 209.750	 0.000E+00	-2.757E+03	 1.816E+03
 209.800	 0.000E+00	-2.835E+03	 1.780E+03
 209.850	 0.000E+00	-2.902E+03	 1.746E+03
 209.900	 0.000E+00	-2.968E+03	 1.711E+03
 209.950	 0.000E+00	-3.034E+03	 1.676E+03
 210.000	 0.000E+00	-3.096E+03	 1.658E+03
 210.050	 0.000E+00	-3.153E+03	 1.670E+03
 210.100	 0.000E+00	-3.212E+03	 1.670E+03
 210.150	 0.000E+00	-3.266E+03	 1.660E+03
 210.200	 0.000E+00	-3.318E+03	 1.637E+03
 210.250	 0.000E+00	-3.369E+03	 1.582E+03
 210.300	 0.000E+00	-3.416E+03	 1.525E+03
 210.350	 0.000E+00	-3.460E+03	 1.449E+03
 210.400	 0.000E+00	-3.497E+03	 1.402E+03
 210.450	 0.000E+00	-3.534E+03	 1.357E+03
 210.500	 0.000E+00	-3.558E+03	 1.358E+03
 210.550	 0.000E+00	-3.580E+03	 1.372E+03
 210.600	 0.000E+00	-3.592E+03	 1.392E+03
 210.650	 0.000E+00	-3.598E+03	 1.420E+03
 210.700	 0.000E+00	-3.597E+03	 1.437E+03
 210.750	 0.000E+00	-3.591E+03	 1.448E+03
 210.800	 0.000E+00	-3.577E+03	 1.439E+03
 210.850	 0.000E+00	-3.559E+03	 1.411E+03
 210.900	 0.000E+00	-3.530E+03	 1.419E+03
 210.950	 0.000E+00	-3.498E+03	 1.411E+03
 211.000	 0.000E+00	-3.464E+03	 1.419E+03
 211.050	 0.000E+00	-3.424E+03	 1.461E+03
 211.100	 0.000E+00	-3.381E+03	 1.528E+03
 211.150	 0.000E+00	-3.332E+03	 1.584E+03
 211.200	 0.000E+00	-3.289E+03	 1.638E+03
 211.250	 0.000E+00	-3.240E+03	 1.680E+03
 211.300	 0.000E+00	-3.185E+03	 1.712E+03
 211.350	 0.000E+00	-3.133E+03	 1.704E+03
 211.400	 0.000E+00	-3.074E+03	 1.704E+03
 211.450	 0.000E+00	-3.007E+03	 1.677E+03
 211.500	 0.000E+00	-2.934E+03	 1.669E+03
 211.550	 0.000E+00	-2.861E+03	 1.647E+03
 211.600	 0.000E+00	-2.773E+03	 1.626E+03
 211.650	 0.000E+00	-2.681E+03	 1.630E+03
 211.700	 0.000E+00	-2.595E+03	 1.631E+03
 211.750	 0.000E+00	-2.488E+03	 1.643E+03
 211.800	 0.000E+00	-2.385E+03	 1.650E+03
 211.850	 0.000E+00	-2.279E+03	 1.665E+03
 211.900	 0.000E+00	-2.168E+03	 1.656E+03
 211.950	 0.000E+00	-2.056E+03	 1.643E+03
 212.000	 0.000E+00	-1.943E+03	 1.637E+03
 212.050	 0.000E+00	-1.829E+03	 1.626E+03
 212.100	 0.000E+00	-1.703E+03	 1.638E+03
 212.150	 0.000E+00	-1.579E+03	 1.639E+03
 212.200	 0.000E+00	-1.457E+03	 1.650E+03
 212.250	 0.000E+00	-1.331E+03	 1.659E+03
 212.300	 0.000E+00	-1.204E+03	 1.661E+03
 212.350	 0.000E+00	-1.079E+03	 1.662E+03
 212.400	 0.000E+00	-9.558E+02	 1.652E+03
 212.450	 0.000E+00	-8.323E+02	 1.616E+03
 212.500	 0.000E+00	-7.066E+02	 1.604E+03
 212.550	 0.000E+00	-5.825E+02	 1.601E+03
 212.600	 0.000E+00	-4.534E+02	 1.603E+03
 212.650	 0.000E+00	-3.184E+02	 1.619E+03
 212.700	 0.000E+00	-1.878E+02	 1.643E+03
 212.750	 0.000E+00	-5.594E+01	 1.662E+03
 212.800	 0.000E+00	 8.081E+01	 1.666E+03
 212.850	 0.000E+00	 2.150E+02	 1.653E+03
 212.900	 0.000E+00	 3.441E+02	 1.644E+03
 212.950	 0.000E+00	 4.793E+02	 1.628E+03
 213.000	 0.000E+00	 6.087E+02	 1.646E+03
 213.050	 0.000E+00	 7.397E+02	 1.670E+03
 213.100	 0.000E+00	 8.727E+02	 1.730E+03
 213.150	 0.000E+00	 1.003E+03	 1.805E+03
 213.200	 0.000E+00	 1.129E+03	 1.872E+03
 213.250	 0.000E+00	 1.259E+03	 1.944E+03
 213.300	 0.000E+00	 1.383E+03	 1.990E+03
 213.350	 0.000E+00	 1.505E+03	 2.030E+03
 213.400	 0.000E+00	 1.629E+03	 2.055E+03
 213.450	 0.000E+00	 1.755E+03	 2.078E+03
 213.500	 0.000E+00	 1.876E+03	 2.094E+03
 213.550	 0.000E+00	 1.996E+03	 2.111E+03
 213.600	 0.000E+00	 2.118E+03	 2.147E+03
 213.650	 0.000E+00	 2.237E+03	 2.207E+03
 213.700	 0.000E+00	 2.353E+03	 2.265E+03
 213.750	 0.000E+00	 2.464E+03	 2.316E+03
 213.800	 0.000E+00	 2.569E+03	 2.350E+03
 213.850	 0.000E+00	 2.661E+03	 2.331E+03
 213.900	 0.000E+00	 2.749E+03	 2.286E+03
 213.950	 0.000E+00	 2.832E+03	 2.229E+03
 214.000	 0.000E+00	 2.910E+03	 2.191E+03
 214.050	 0.000E+00	 2.989E+03	 2.195E+03
 214.100	 0.000E+00	 3.072E+03	 2.276E+03
 214.150	 0.000E+00	 3.149E+03	 2.386E+03
 214.200	 0.000E+00	 3.222E+03	 2.503E+03
 214.250	 0.000E+00	 3.294E+03	 2.640E+03
 214.300	 0.000E+00	 3.359E+03	 2.753E+03
 214.350	 0.000E+00	 3.420E+03	 2.842E+03
 214.400	 0.000E+00	 3.481E+03	 2.904E+03
 214.450	 0.000E+00	 3.530E+03	 2.910E+03
 214.500	 0.000E+00	 3.568E+03	 2.875E+03
 214.550	 0.000E+00	 3.605E+03	 2.843E+03
 214.600	 0.000E+00	 3.637E+03	 2.802E+03
 214.650	 0.000E+00	 3.657E+03	 2.734E+03
 214.700	 0.000E+00	 3.674E+03	 2.687E+03
 214.750	 0.000E+00	 3.685E+03	 2.634E+03
 214.800	 0.000E+00	 3.684E+03	 2.561E+03
 214.850	 0.000E+00	 3.674E+03	 2.444E+03
 214.900	 0.000E+00	 3.659E+03	 2.318E+03
 214.950	 0.000E+00	 3.636E+03	 2.157E+03
 215.000	 0.000E+00	 3.615E+03	 2.020E+03
 215.050	 0.000E+00	 3.584E+03	 1.888E+03
 215.100	 0.000E+00	 3.554E+03	 1.815E+03
 215.150	 0.000E+00	 3.522E+03	 1.764E+03
 215.200	 0.000E+00	 3.494E+03	 1.770E+03
 215.250	 0.000E+00	 3.460E+03	 1.794E+03
 215.300	 0.000E+00	 3.430E+03	 1.812E+03
 215.350	 0.000E+00	 3.397E+03	 1.804E+03
 215.400	 0.000E+00	 3.361E+03	 1.811E+03
 215.450	 0.000E+00	 3.325E+03	 1.820E+03
 215.500	 0.000E+00	 3.283E+03	 1.831E+03
 215.550	 0.000E+00	 3.237E+03	 1.874E+03
 215.600	 0.000E+00	 3.185E+03	 1.966E+03
 215.650	 0.000E+00	 3.127E+03	 2.066E+03
 215.700	 0.000E+00	 3.066E+03	 2.173E+03
 215.750	 0.000E+00	 2.992E+03	 2.258E+03
 215.800	 0.000E+00	 2.918E+03	 2.324E+03
 215.850	 0.000E+00	 2.839E+03	 2.345E+03
 215.900	 0.000E+00	 2.752E+03	 2.352E+03
 215.950	 0.000E+00	 2.654E+03	 2.322E+03
 216.000	 0.000E+00	 2.563E+03	 2.273E+03
 216.050	 0.000E+00	 2.461E+03	 2.225E+03
 216.100	 0.000E+00	 2.352E+03	 2.181E+03
 216.150	 0.000E+00	 2.249E+03	 2.129E+03
 216.200	 0.000E+00	 2.140E+03	 2.083E+03
 216.250	 0.000E+00	 2.020E+03	 2.006E+03
 216.300	 0.000E+00	 1.909E+03	 1.916E+03
 216.350	 0.000E+00	 1.791E+03	 1.798E+03
 216.400	 0.000E+00	 1.667E+03	 1.658E+03
 216.450	 0.000E+00	 1.546E+03	 1.538E+03
 216.500	 0.000E+00	 1.424E+03	 1.428E+03
 216.550	 0.000E+00	 1.294E+03	 1.342E+03
 216.600	 0.000E+00	 1.164E+03	 1.332E+03
 216.650	 0.000E+00	 1.039E+03	 1.366E+03
 216.700	 0.000E+00	 9.062E+02	 1.419E+03
 216.750	 0.000E+00	 7.769E+02	 1.528E+03
 216.800	 0.000E+00	 6.521E+02	 1.624E+03
 216.850	 0.000E+00	 5.207E+02	 1.711E+03
 216.900	 0.000E+00	 3.900E+02	 1.792E+03
 216.950	 0.000E+00	 2.633E+02	 1.850E+03
 217.000	 0.000E+00	 1.383E+02	 1.884E+03
 217.050	 0.000E+00	 7.228E+00	 1.915E+03
 217.100	 0.000E+00	-1.185E+02	 1.956E+03
 217.150	 0.000E+00	-2.462E+02	 1.978E+03
 217.200	 0.000E+00	-3.755E+02	 2.006E+03
 217.250	 0.000E+00	-5.106E+02	 2.014E+03
 217.300	 0.000E+00	-6.483E+02	 2.009E+03
 217.350	 0.000E+00	-7.837E+02	 1.977E+03
 217.400	 0.000E+00	-9.200E+02	 1.934E+03
 217.450	 0.000E+00	-1.054E+03	 1.871E+03
 217.500	 0.000E+00	-1.182E+03	 1.820E+03
 217.550	 0.000E+00	-1.309E+03	 1.754E+03
 217.600	 0.000E+00	-1.433E+03	 1.712E+03
 217.650	 0.000E+00	-1.544E+03	 1.664E+03
 217.700	 0.000E+00	-1.656E+03	 1.631E+03
 217.750	 0.000E+00	-1.765E+03	 1.596E+03
 217.800	 0.000E+00	-1.863E+03	 1.553E+03
 217.850	 0.000E+00	-1.968E+03	 1.512E+03
 217.900	 0.000E+00	-2.069E+03	 1.481E+03
 217.950	 0.000E+00	-2.160E+03	 1.491E+03
 218.000	 0.000E+00	-2.261E+03	 1.478E+03
 218.050	 0.000E+00	-2.358E+03	 1.504E+03
 218.100	 0.000E+00	-2.447E+03	 1.543E+03
 218.150	 0.000E+00	-2.534E+03	 1.585E+03
 218.200	 0.000E+00	-2.625E+03	 1.593E+03
 218.250	 0.000E+00	-2.708E+03	 1.616E+03
 218.300	 0.000E+00	-2.793E+03	 1.607E+03
 218.350	 0.000E+00	-2.877E+03	 1.605E+03
 218.400	 0.000E+00	-2.960E+03	 1.594E+03
 218.450	 0.000E+00	-3.037E+03	 1.594E+03
 218.500	 0.000E+00	-3.113E+03	 1.595E+03
 218.550	 0.000E+00	-3.186E+03	 1.590E+03
 218.600	 0.000E+00	-3.254E+03	 1.579E+03
 218.650	 0.000E+00	-3.318E+03	 1.548E+03
 218.700	 0.000E+00	-3.373E+03	 1.517E+03
 218.750	 0.000E+00	-3.423E+03	 1.474E+03
 218.800	 0.000E+00	-3.467E+03	 1.432E+03
 218.850	 0.000E+00	-3.502E+03	 1.404E+03
 218.900	 0.000E+00	-3.531E+03	 1.387E+03
 218.950	 0.000E+00	-3.552E+03	 1.377E+03
 219.000	 0.000E+00	-3.568E+03	 1.391E+03
 219.050	 0.000E+00	-3.578E+03	 1.396E+03
 219.100	 0.000E+00	-3.580E+03	 1.395E+03
 219.150	 0.000E+00	-3.580E+03	 1.390E+03
 219.200	 0.000E+00	-3.571E+03	 1.382E+03
 219.250	 0.000E+00	-3.559E+03	 1.380E+03
 219.300	 0.000E+00	-3.542E+03	 1.361E+03
 219.350	 0.000E+00	-3.525E+03	 1.362E+03
 219.400	 0.000E+00	-3.499E+03	 1.384E+03
 219.450	 0.000E+00	-3.471E+03	 1.408E+03
 219.500	 0.000E+00	-3.443E+03	 1.440E+03
 219.550	 0.000E+00	-3.413E+03	 1.460E+03
 219.600	 0.000E+00	-3.385E+03	 1.468E+03
 219.650	 0.000E+00	-3.355E+03	 1.463E+03
 219.700	 0.000E+00	-3.322E+03	 1.462E+03
 219.750	 0.000E+00	-3.286E+03	 1.441E+03
 219.800	 0.000E+00	-3.246E+03	 1.432E+03
 219.850	 0.000E+00	-3.201E+03	 1.421E+03
 219.900	 0.000E+00	-3.142E+03	 1.449E+03
 219.950	 0.000E+00	-3.082E+03	 1.455E+03
 220.000	 0.000E+00	-3.014E+03	 1.474E+03
 220.050	 0.000E+00	-2.935E+03	 1.475E+03
 220.100	 0.000E+00	-2.862E+03	 1.460E+03
 220.150	 0.000E+00	-2.768E+03	 1.428E+03
 220.200	 0.000E+00	-2.677E+03	 1.401E+03
 220.250	 0.000E+00	-2.571E+03	 1.379E+03
 220.300	 0.000E+00	-2.468E+03	 1.333E+03
 220.350	 0.000E+00	-2.362E+03	 1.323E+03
 220.400	 0.000E+00	-2.242E+03	 1.342E+03
 220.450	 0.000E+00	-2.126E+03	 1.368E+03
 220.500	 0.000E+00	-2.011E+03	 1.412E+03
 220.550	 0.000E+00	-1.893E+03	 1.458E+03
 220.600	 0.000E+00	-1.775E+03	 1.516E+03
 220.650	 0.000E+00	-1.654E+03	 1.570E+03
 220.700	 0.000E+00	-1.536E+03	 1.604E+03
 220.750	 0.000E+00	-1.418E+03	 1.651E+03
 220.800	 0.000E+00	-1.294E+03	 1.691E+03
 220.850	 0.000E+00	-1.171E+03	 1.705E+03
 220.900	 0.000E+00	-1.050E+03	 1.735E+03
 220.950	 0.000E+00	-9.273E+02	 1.763E+03
 221.000	 0.000E+00	-7.943E+02	 1.812E+03
 221.050	 0.000E+00	-6.692E+02	 1.862E+03
 221.100	 0.000E+00	-5.339E+02	 1.944E+03
 221.150	 0.000E+00	-3.966E+02	 2.011E+03
 221.200	 0.000E+00	-2.650E+02	 2.064E+03
 221.250	 0.000E+00	-1.301E+02	 2.077E+03
 221.300	 0.000E+00	 2.065E+00	 2.061E+03
 221.350	 0.000E+00	 1.329E+02	 2.016E+03
 221.400	 0.000E+00	 2.578E+02	 1.951E+03
 221.450	 0.000E+00	 3.892E+02	 1.878E+03
 221.500	 0.000E+00	 5.144E+02	 1.807E+03
 221.550	 0.000E+00	 6.369E+02	 1.734E+03
 221.600	 0.000E+00	 7.564E+02	 1.667E+03
 221.650	 0.000E+00	 8.794E+02	 1.614E+03
 221.700	 0.000E+00	 9.950E+02	 1.575E+03
 221.750	 0.000E+00	 1.115E+03	 1.550E+03
 221.800	 0.000E+00	 1.236E+03	 1.532E+03
 221.850	 0.000E+00	 1.353E+03	 1.515E+03
 221.900	 0.000E+00	 1.469E+03	 1.487E+03
 221.950	 0.000E+00	 1.591E+03	 1.476E+03
 222.000	 0.000E+00	 1.714E+03	 1.480E+03
 222.050	 0.000E+00	 1.832E+03	 1.470E+03
 222.100	 0.000E+00	 1.950E+03	 1.489E+03
 222.150	 0.000E+00	 2.075E+03	 1.539E+03
 222.200	 0.000E+00	 2.194E+03	 1.597E+03
 222.250	 0.000E+00	 2.309E+03	 1.678E+03
 222.300	 0.000E+00	 2.426E+03	 1.774E+03
 222.350	 0.000E+00	 2.540E+03	 1.866E+03
 222.400	 0.000E+00	 2.646E+03	 1.967E+03
 222.450	 0.000E+00	 2.750E+03	 2.049E+03
 222.500	 0.000E+00	 2.844E+03	 2.112E+03
 222.550	 0.000E+00	 2.931E+03	 2.182E+03
 222.600	 0.000E+00	 3.015E+03	 2.261E+03
 222.650	 0.000E+00	 3.091E+03	 2.317E+03
 222.700	 0.000E+00	 3.160E+03	 2.367E+03
 222.750	 0.000E+00	 3.223E+03	 2.386E+03
 222.800	 0.000E+00	 3.287E+03	 2.431E+03
 222.850	 0.000E+00	 3.342E+03	 2.433E+03
 222.900	 0.000E+00	 3.394E+03	 2.440E+03
 222.950	 0.000E+00	 3.441E+03	 2.418E+03
 223.000	 0.000E+00	 3.480E+03	 2.402E+03
 223.050	 0.000E+00	 3.516E+03	 2.369E+03
 223.100	 0.000E+00	 3.548E+03	 2.317E+03
 223.150	 0.000E+00	 3.571E+03	 2.226E+03
 223.200	 0.000E+00	 3.586E+03	 2.117E+03
 223.250	 0.000E+00	 3.600E+03	 2.030E+03
 223.300	 0.000E+00	 3.606E+03	 1.939E+03
 223.350	 0.000E+00	 3.608E+03	 1.858E+03
 223.400	 0.000E+00	 3.603E+03	 1.789E+03
 223.450	 0.000E+00	 3.597E+03	 1.761E+03
 223.500	 0.000E+00	 3.591E+03	 1.771E+03
 223.550	 0.000E+00	 3.579E+03	 1.795E+03
 223.600	 0.000E+00	 3.564E+03	 1.835E+03
 223.650	 0.000E+00	 3.548E+03	 1.880E+03
 223.700	 0.000E+00	 3.526E+03	 1.916E+03
 223.750	 0.000E+00	 3.505E+03	 1.953E+03
 223.800	 0.000E+00	 3.481E+03	 1.996E+03
 223.850	 0.000E+00	 3.451E+03	 2.044E+03
 223.900	 0.000E+00	 3.417E+03	 2.097E+03
 223.950	 0.000E+00	 3.382E+03	 2.165E+03
 224.000	 0.000E+00	 3.341E+03	 2.245E+03
 224.050	 0.000E+00	 3.295E+03	 2.323E+03
 224.100	 0.000E+00	 3.246E+03	 2.397E+03
 224.150	 0.000E+00	 3.192E+03	 2.472E+03
 224.200	 0.000E+00	 3.128E+03	 2.519E+03
 224.250	 0.000E+00	 3.064E+03	 2.547E+03
 224.300	 0.000E+00	 2.988E+03	 2.541E+03
 224.350	 0.000E+00	 2.909E+03	 2.546E+03
 224.400	 0.000E+00	 2.825E+03	 2.516E+03
 224.450	 0.000E+00	 2.738E+03	 2.485E+03
 224.500	 0.000E+00	 2.643E+03	 2.457E+03
 224.550	 0.000E+00	 2.546E+03	 2.385E+03
 224.600	 0.000E+00	 2.450E+03	 2.303E+03
 224.650	 0.000E+00	 2.344E+03	 2.193E+03
 224.700	 0.000E+00	 2.238E+03	 2.070E+03
 224.750	 0.000E+00	 2.130E+03	 1.920E+03
 224.800	 0.000E+00	 2.020E+03	 1.808E+03
 224.850	 0.000E+00	 1.900E+03	 1.699E+03
 224.900	 0.000E+00	 1.790E+03	 1.639E+03
 224.950	 0.000E+00	 1.671E+03	 1.611E+03
 225.000	 0.000E+00	 1.550E+03	 1.616E+03
 225.050	 0.000E+00	 1.430E+03	 1.644E+03
 225.100	 0.000E+00	 1.308E+03	 1.673E+03
 225.150	 0.000E+00	 1.189E+03	 1.725E+03
 225.200	 0.000E+00	 1.061E+03	 1.724E+03
 225.250	 0.000E+00	 9.382E+02	 1.723E+03
 225.300	 0.000E+00	 8.140E+02	 1.718E+03
 225.350	 0.000E+00	 6.831E+02	 1.716E+03
 225.400	 0.000E+00	 5.577E+02	 1.748E+03
 225.450	 0.000E+00	 4.302E+02	 1.790E+03
 225.500	 0.000E+00	 3.022E+02	 1.854E+03
 225.550	 0.000E+00	 1.720E+02	 1.931E+03
 225.600	 0.000E+00	 3.719E+01	 1.995E+03
 225.650	 0.000E+00	-8.659E+01	 2.044E+03
 225.700	 0.000E+00	-2.245E+02	 2.055E+03
 225.750	 0.000E+00	-3.583E+02	 2.057E+03
 225.800	 0.000E+00	-4.858E+02	 2.044E+03
 225.850	 0.000E+00	-6.205E+02	 2.021E+03
 225.900	 0.000E+00	-7.510E+02	 2.011E+03
 225.950	 0.000E+00	-8.780E+02	 2.015E+03
 226.000	 0.000E+00	-1.002E+03	 2.004E+03
 226.050	 0.000E+00	-1.129E+03	 1.988E+03
 226.100	 0.000E+00	-1.251E+03	 1.959E+03
 226.150	 0.000E+00	-1.369E+03	 1.907E+03
 226.200	 0.000E+00	-1.489E+03	 1.827E+03
 226.250	 0.000E+00	-1.605E+03	 1.756E+03
 226.300	 0.000E+00	-1.717E+03	 1.694E+03
 226.350	 0.000E+00	-1.829E+03	 1.641E+03
 226.400	 0.000E+00	-1.936E+03	 1.627E+03
 226.450	 0.000E+00	-2.042E+03	 1.628E+03
 226.500	 0.000E+00	-2.148E+03	 1.636E+03
 226.550	 0.000E+00	-2.249E+03	 1.650E+03
 226.600	 0.000E+00	-2.350E+03	 1.646E+03
 226.650	 0.000E+00	-2.450E+03	 1.640E+03
 226.700	 0.000E+00	-2.545E+03	 1.626E+03
 226.750	 0.000E+00	-2.637E+03	 1.609E+03
 226.800	 0.000E+00	-2.726E+03	 1.581E+03
 226.850	 0.000E+00	-2.812E+03	 1.579E+03
 226.900	 0.000E+00	-2.893E+03	 1.574E+03
 226.950	 0.000E+00	-2.971E+03	 1.587E+03
 227.000	 0.000E+00	-3.043E+03	 1.606E+03
 227.050	 0.000E+00	-3.108E+03	 1.626E+03
 227.100	 0.000E+00	-3.173E+03	 1.622E+03
 227.150	 0.000E+00	-3.231E+03	 1.604E+03
 227.200	 0.000E+00	-3.286E+03	 1.565E+03
 227.250	 0.000E+00	-3.337E+03	 1.516E+03
 227.300	 0.000E+00	-3.382E+03	 1.477E+03
 227.350	 0.000E+00	-3.426E+03	 1.451E+03
 227.400	 0.000E+00	-3.461E+03	 1.438E+03
 227.450	 0.000E+00	-3.492E+03	 1.449E+03
 227.500	 0.000E+00	-3.519E+03	 1.460E+03
 227.550	 0.000E+00	-3.539E+03	 1.476E+03
 227.600	 0.000E+00	-3.552E+03	 1.479E+03
 227.650	 0.000E+00	-3.565E+03	 1.462E+03
 227.700	 0.000E+00	-3.568E+03	 1.447E+03
 227.750	 0.000E+00	-3.567E+03	 1.429E+03
 227.800	 0.000E+00	-3.561E+03	 1.420E+03
 227.850	 0.000E+00	-3.550E+03	 1.418E+03
 227.900	 0.000E+00	-3.539E+03	 1.418E+03
 227.950	 0.000E+00	-3.523E+03	 1.427E+03
 228.000	 0.000E+00	-3.502E+03	 1.432E+03
 228.050	 0.000E+00	-3.479E+03	 1.422E+03
 228.100	 0.000E+00	-3.453E+03	 1.409E+03
 228.150	 0.000E+00	-3.426E+03	 1.383E+03
 228.200	 0.000E+00	-3.391E+03	 1.356E+03
 228.250	 0.000E+00	-3.354E+03	 1.341E+03
 228.300	 0.000E+00	-3.316E+03	 1.334E+03
 228.350	 0.000E+00	-3.273E+03	 1.324E+03
 228.400	 0.000E+00	-3.220E+03	 1.324E+03
 228.450	 0.000E+00	-3.169E+03	 1.332E+03
 228.500	 0.000E+00	-3.112E+03	 1.305E+03
 228.550	 0.000E+00	-3.041E+03	 1.289E+03
 228.600	 0.000E+00	-2.970E+03	 1.270E+03
 228.650	 0.000E+00	-2.892E+03	 1.261E+03
 228.700	 0.000E+00	-2.803E+03	 1.258E+03
 228.750	 0.000E+00	-2.707E+03	 1.276E+03
 228.800	 0.000E+00	-2.611E+03	 1.316E+03
 228.850	 0.000E+00	-2.509E+03	 1.342E+03
 228.900	 0.000E+00	-2.397E+03	 1.360E+03
 228.950	 0.000E+00	-2.292E+03	 1.384E+03
 229.000	 0.000E+00	-2.186E+03	 1.390E+03
 229.050	 0.000E+00	-2.061E+03	 1.383E+03
 229.100	 0.000E+00	-1.952E+03	 1.386E+03
 229.150	 0.000E+00	-1.839E+03	 1.393E+03
 229.200	 0.000E+00	-1.714E+03	 1.398E+03
 229.250	 0.000E+00	-1.594E+03	 1.448E+03
 229.300	 0.000E+00	-1.476E+03	 1.514E+03
 229.350	 0.000E+00	-1.349E+03	 1.559E+03
 229.400	 0.000E+00	-1.225E+03	 1.609E+03
 229.450	 0.000E+00	-1.106E+03	 1.633E+03
 229.500	 0.000E+00	-9.779E+02	 1.628E+03
 229.550	 0.000E+00	-8.543E+02	 1.582E+03
 229.600	 0.000E+00	-7.337E+02	 1.525E+03
 229.650	 0.000E+00	-6.053E+02	 1.478E+03
 229.700	 0.000E+00	-4.781E+02	 1.425E+03
 229.750	 0.000E+00	-3.546E+02	 1.414E+03
 229.800	 0.000E+00	-2.292E+02	 1.427E+03
 229.850	 0.000E+00	-9.144E+01	 1.465E+03
 229.900	 0.000E+00	 3.348E+01	 1.519E+03
 229.950	 0.000E+00	 1.603E+02	 1.566E+03
 230.000	 0.000E+00	 2.934E+02	 1.597E+03
 230.050	 0.000E+00	 4.208E+02	 1.631E+03
 230.100	 0.000E+00	 5.504E+02	 1.669E+03
 230.150	 0.000E+00	 6.826E+02	 1.702E+03
 230.200	 0.000E+00	 8.186E+02	 1.755E+03
 230.250	 0.000E+00	 9.494E+02	 1.813E+03
 230.300	 0.000E+00	 1.086E+03	 1.865E+03
 230.350	 0.000E+00	 1.221E+03	 1.899E+03
 230.400	 0.000E+00	 1.356E+03	 1.929E+03
 230.450	 0.000E+00	 1.486E+03	 1.919E+03
 230.500	 0.000E+00	 1.615E+03	 1.892E+03
 230.550	 0.000E+00	 1.737E+03	 1.841E+03
 230.600	 0.000E+00	 1.851E+03	 1.788E+03
 230.650	 0.000E+00	 1.965E+03	 1.741E+03
 230.700	 0.000E+00	 2.074E+03	 1.715E+03
 230.750	 0.000E+00	 2.174E+03	 1.689E+03
 230.800	 0.000E+00	 2.271E+03	 1.679E+03
 230.850	 0.000E+00	 2.365E+03	 1.679E+03
 230.900	 0.000E+00	 2.454E+03	 1.675E+03
 230.950	 0.000E+00	 2.542E+03	 1.673E+03
 231.000	 0.000E+00	 2.632E+03	 1.668E+03
 231.050	 0.000E+00	 2.717E+03	 1.652E+03
 231.100	 0.000E+00	 2.802E+03	 1.649E+03
 231.150	 0.000E+00	 2.890E+03	 1.675E+03
 231.200	 0.000E+00	 2.976E+03	 1.737E+03
 231.250	 0.000E+00	 3.063E+03	 1.840E+03
 231.300	 0.000E+00	 3.149E+03	 1.977E+03
 231.350	 0.000E+00	 3.229E+03	 2.104E+03
 231.400	 0.000E+00	 3.302E+03	 2.220E+03
 231.450	 0.000E+00	 3.367E+03	 2.300E+03
 231.500	 0.000E+00	 3.426E+03	 2.332E+03
 231.550	 0.000E+00	 3.482E+03	 2.323E+03
 231.600	 0.000E+00	 3.523E+03	 2.256E+03
 231.650	 0.000E+00	 3.554E+03	 2.183E+03
 231.700	 0.000E+00	 3.578E+03	 2.122E+03
 231.750	 0.000E+00	 3.601E+03	 2.110E+03
 231.800	 0.000E+00	 3.617E+03	 2.113E+03
 231.850	 0.000E+00	 3.625E+03	 2.127E+03
 231.900	 0.000E+00	 3.632E+03	 2.147E+03
 231.950	 0.000E+00	 3.631E+03	 2.141E+03
 232.000	 0.000E+00	 3.630E+03	 2.109E+03
 232.050	 0.000E+00	 3.625E+03	 2.050E+03
 232.100	 0.000E+00	 3.617E+03	 1.958E+03
 232.150	 0.000E+00	 3.609E+03	 1.882E+03
 232.200	 0.000E+00	 3.595E+03	 1.825E+03
 232.250	 0.000E+00	 3.581E+03	 1.799E+03
 232.300	 0.000E+00	 3.564E+03	 1.816E+03
 232.350	 0.000E+00	 3.538E+03	 1.857E+03
 232.400	 0.000E+00	 3.507E+03	 1.900E+03
 232.450	 0.000E+00	 3.468E+03	 1.967E+03
 232.500	 0.000E+00	 3.418E+03	 2.007E+03
 232.550	 0.000E+00	 3.364E+03	 2.028E+03
 232.600	 0.000E+00	 3.310E+03	 2.075E+03
 232.650	 0.000E+00	 3.247E+03	 2.135E+03
 232.700	 0.000E+00	 3.184E+03	 2.221E+03
 232.750	 0.000E+00	 3.118E+03	 2.310E+03
 232.800	 0.000E+00	 3.051E+03	 2.391E+03
 232.850	 0.000E+00	 2.981E+03	 2.445E+03
 232.900	 0.000E+00	 2.912E+03	 2.455E+03
 232.950	 0.000E+00	 2.834E+03	 2.414E+03
 233.000	 0.000E+00	 2.759E+03	 2.362E+03
 233.050	 0.000E+00	 2.675E+03	 2.278E+03
 233.100	 0.000E+00	 2.588E+03	 2.176E+03
 233.150	 0.000E+00	 2.496E+03	 2.073E+03
 233.200	 0.000E+00	 2.399E+03	 1.997E+03
 233.250	 0.000E+00	 2.293E+03	 1.891E+03
 233.300	 0.000E+00	 2.186E+03	 1.838E+03
 233.350	 0.000E+00	 2.067E+03	 1.768E+03
 233.400	 0.000E+00	 1.948E+03	 1.705E+03
 233.450	 0.000E+00	 1.825E+03	 1.645E+03
 233.500	 0.000E+00	 1.697E+03	 1.596E+03
 233.550	 0.000E+00	 1.570E+03	 1.548E+03
 233.600	 0.000E+00	 1.449E+03	 1.534E+03
 233.650	 0.000E+00	 1.326E+03	 1.591E+03
 233.700	 0.000E+00	 1.206E+03	 1.654E+03
 233.750	 0.000E+00	 1.092E+03	 1.778E+03
 233.800	 0.000E+00	 9.761E+02	 1.900E+03
 233.850	 0.000E+00	 8.639E+02	 1.998E+03
 233.900	 0.000E+00	 7.577E+02	 2.086E+03
 233.950	 0.000E+00	 6.457E+02	 2.142E+03
 234.000	 0.000E+00	 5.334E+02	 2.186E+03
 234.050	 0.000E+00	 4.161E+02	 2.196E+03
 234.100	 0.000E+00	 2.956E+02	 2.213E+03
 234.150	 0.000E+00	 1.710E+02	 2.223E+03
 234.200	 0.000E+00	 3.223E+01	 2.222E+03
 234.250	 0.000E+00	-1.068E+02	 2.209E+03
 234.300	 0.000E+00	-2.524E+02	 2.190E+03
 234.350	 0.000E+00	-4.037E+02	 2.176E+03
 234.400	 0.000E+00	-5.480E+02	 2.133E+03
 234.450	 0.000E+00	-6.973E+02	 2.088E+03
 234.500	 0.000E+00	-8.517E+02	 2.035E+03
 234.550	 0.000E+00	-9.827E+02	 1.996E+03
 234.600	 0.000E+00	-1.111E+03	 1.927E+03
 234.650	 0.000E+00	-1.245E+03	 1.864E+03
 234.700	 0.000E+00	-1.360E+03	 1.786E+03
 234.750	 0.000E+00	-1.467E+03	 1.695E+03
 234.800	 0.000E+00	-1.579E+03	 1.608E+03
 234.850	 0.000E+00	-1.680E+03	 1.528E+03
 234.900	 0.000E+00	-1.775E+03	 1.474E+03
 234.950	 0.000E+00	-1.877E+03	 1.436E+03
 235.000	 0.000E+00	-1.977E+03	 1.425E+03
 235.050	 0.000E+00	-2.074E+03	 1.443E+03
 235.100	 0.000E+00	-2.176E+03	 1.478E+03
 235.150	 0.000E+00	-2.281E+03	 1.518E+03
 235.200	 0.000E+00	-2.380E+03	 1.552E+03
 235.250	 0.000E+00	-2.484E+03	 1.578E+03
 235.300	 0.000E+00	-2.586E+03	 1.583E+03
 235.350	 0.000E+00	-2.687E+03	 1.574E+03
 235.400	 0.000E+00	-2.779E+03	 1.573E+03
 235.450	 0.000E+00	-2.867E+03	 1.566E+03
 235.500	 0.000E+00	-2.948E+03	 1.570E+03
 235.550	 0.000E+00	-3.024E+03	 1.587E+03
 235.600	 0.000E+00	-3.089E+03	 1.606E+03
 235.650	 0.000E+00	-3.147E+03	 1.625E+03
 235.700	 0.000E+00	-3.197E+03	 1.631E+03
 235.750	 0.000E+00	-3.246E+03	 1.614E+03
 235.800	 0.000E+00	-3.290E+03	 1.580E+03
 235.850	 0.000E+00	-3.329E+03	 1.528E+03
 235.900	 0.000E+00	-3.366E+03	 1.467E+03
 235.950	 0.000E+00	-3.404E+03	 1.410E+03
 236.000	 0.000E+00	-3.437E+03	 1.380E+03
 236.050	 0.000E+00	-3.471E+03	 1.362E+03
 236.100	 0.000E+00	-3.503E+03	 1.366E+03
 236.150	 0.000E+00	-3.530E+03	 1.380E+03
 236.200	 0.000E+00	-3.555E+03	 1.401E+03
 236.250	 0.000E+00	-3.574E+03	 1.415E+03
 236.300	 0.000E+00	-3.586E+03	 1.424E+03
 236.350	 0.000E+00	-3.591E+03	 1.419E+03
 236.400	 0.000E+00	-3.591E+03	 1.400E+03
 236.450	 0.000E+00	-3.582E+03	 1.399E+03
 236.500	 0.000E+00	-3.563E+03	 1.421E+03
 236.550	 0.000E+00	-3.537E+03	 1.463E+03
 236.600	 0.000E+00	-3.504E+03	 1.521E+03
 236.650	 0.000E+00	-3.461E+03	 1.596E+03
 236.700	 0.000E+00	-3.417E+03	 1.662E+03
 236.750	 0.000E+00	-3.373E+03	 1.688E+03
 236.800	 0.000E+00	-3.328E+03	 1.668E+03
 236.850	 0.000E+00	-3.285E+03	 1.616E+03
 236.900	 0.000E+00	-3.245E+03	 1.567E+03
 236.950	 0.000E+00	-3.197E+03	 1.521E+03
 237.000	 0.000E+00	-3.147E+03	 1.525E+03
 237.050	 0.000E+00	-3.103E+03	 1.540E+03
 237.100	 0.000E+00	-3.043E+03	 1.548E+03
 237.150	 0.000E+00	-2.988E+03	 1.565E+03
 237.200	 0.000E+00	-2.930E+03	 1.553E+03
 237.250	 0.000E+00	-2.854E+03	 1.504E+03
 237.300	 0.000E+00	-2.781E+03	 1.436E+03
 237.350	 0.000E+00	-2.699E+03	 1.347E+03
 237.400	 0.000E+00	-2.607E+03	 1.248E+03
 237.450	 0.000E+00	-2.507E+03	 1.176E+03
 237.500	 0.000E+00	-2.401E+03	 1.140E+03
 237.550	 0.000E+00	-2.286E+03	 1.126E+03
 237.600	 0.000E+00	-2.164E+03	 1.132E+03
 237.650	 0.000E+00	-2.047E+03	 1.142E+03
 237.700	 0.000E+00	-1.922E+03	 1.139E+03
 237.750	 0.000E+00	-1.798E+03	 1.122E+03
 237.800	 0.000E+00	-1.681E+03	 1.105E+03
 237.850	 0.000E+00	-1.562E+03	 1.073E+03
 237.900	 0.000E+00	-1.441E+03	 1.060E+03
 237.950	 0.000E+00	-1.326E+03	 1.069E+03
 238.000	 0.000E+00	-1.215E+03	 1.088E+03
 238.050	 0.000E+00	-1.092E+03	 1.133E+03
 238.100	 0.000E+00	-9.740E+02	 1.197E+03
 238.150	 0.000E+00	-8.592E+02	 1.269E+03
 238.200	 0.000E+00	-7.309E+02	 1.337E+03
 238.250	 0.000E+00	-6.009E+02	 1.416E+03
 238.300	 0.000E+00	-4.729E+02	 1.479E+03
 238.350	 0.000E+00	-3.362E+02	 1.538E+03
 238.400	 0.000E+00	-1.911E+02	 1.581E+03
 238.450	 0.000E+00	-5.047E+01	 1.622E+03
 238.500	 0.000E+00	 9.196E+01	 1.647E+03
 238.550	 0.000E+00	 2.368E+02	 1.671E+03
 238.600	 0.000E+00	 3.799E+02	 1.701E+03
 238.650	 0.000E+00	 5.132E+02	 1.693E+03
 238.700	 0.000E+00	 6.450E+02	 1.675E+03
 238.750	 0.000E+00	 7.701E+02	 1.640E+03
 238.800	 0.000E+00	 8.905E+02	 1.615E+03
 238.850	 0.000E+00	 1.006E+03	 1.580E+03
 238.900	 0.000E+00	 1.124E+03	 1.573E+03
 238.950	 0.000E+00	 1.234E+03	 1.573E+03
 239.000	 0.000E+00	 1.344E+03	 1.589E+03
 239.050	 0.000E+00	 1.456E+03	 1.580E+03
 239.100	 0.000E+00	 1.568E+03	 1.576E+03
 239.150	 0.000E+00	 1.678E+03	 1.539E+03
 239.200	 0.000E+00	 1.796E+03	 1.503E+03
 239.250	 0.000E+00	 1.908E+03	 1.455E+03
 239.300	 0.000E+00	 2.023E+03	 1.406E+03
 239.350	 0.000E+00	 2.140E+03	 1.387E+03
 239.400	 0.000E+00	 2.253E+03	 1.388E+03
 239.450	 0.000E+00	 2.369E+03	 1.417E+03
 239.500	 0.000E+00	 2.480E+03	 1.456E+03
 239.550	 0.000E+00	 2.583E+03	 1.480E+03
 239.600	 0.000E+00	 2.677E+03	 1.479E+03
 239.650	 0.000E+00	 2.763E+03	 1.483E+03
 239.700	 0.000E+00	 2.848E+03	 1.508E+03
 239.750	 0.000E+00	 2.922E+03	 1.527E+03
 239.800	 0.000E+00	 2.993E+03	 1.610E+03
 239.850	 0.000E+00	 3.059E+03	 1.708E+03
 239.900	 0.000E+00	 3.120E+03	 1.832E+03
 239.950	 0.000E+00	 3.183E+03	 1.982E+03
 240.000	 0.000E+00	 3.244E+03	 2.091E+03
 240.050	 0.000E+00	 3.306E+03	 2.178E+03
 240.100	 0.000E+00	 3.365E+03	 2.209E+03
 240.150	 0.000E+00	 3.419E+03	 2.171E+03
 240.200	 0.000E+00	 3.472E+03	 2.117E+03
 240.250	 0.000E+00	 3.521E+03	 2.051E+03
 240.300	 0.000E+00	 3.569E+03	 2.016E+03
 240.350	 0.000E+00	 3.608E+03	 2.005E+03
 240.400	 0.000E+00	 3.642E+03	 2.045E+03
 240.450	 0.000E+00	 3.666E+03	 2.102E+03
 240.500	 0.000E+00	 3.683E+03	 2.145E+03
 240.550	 0.000E+00	 3.687E+03	 2.131E+03
 240.600	 0.000E+00	 3.678E+03	 2.047E+03
 240.650	 0.000E+00	 3.657E+03	 1.906E+03
 240.700	 0.000E+00	 3.632E+03	 1.751E+03
 240.750	 0.000E+00	 3.599E+03	 1.612E+03
 240.800	 0.000E+00	 3.559E+03	 1.495E+03
 240.850	 0.000E+00	 3.525E+03	 1.468E+03
 240.900	 0.000E+00	 3.483E+03	 1.475E+03
 240.950	 0.000E+00	 3.445E+03	 1.510E+03
 241.000	 0.000E+00	 3.413E+03	 1.546E+03
 241.050	 0.000E+00	 3.374E+03	 1.567E+03
 241.100	 0.000E+00	 3.335E+03	 1.569E+03
 241.150	 0.000E+00	 3.299E+03	 1.563E+03
 241.200	 0.000E+00	 3.262E+03	 1.563E+03
 241.250	 0.000E+00	 3.217E+03	 1.563E+03
 241.300	 0.000E+00	 3.171E+03	 1.591E+03
 241.350	 0.000E+00	 3.122E+03	 1.679E+03
 241.400	 0.000E+00	 3.060E+03	 1.779E+03
 241.450	 0.000E+00	 2.992E+03	 1.877E+03
 241.500	 0.000E+00	 2.918E+03	 1.968E+03
 241.550	 0.000E+00	 2.830E+03	 2.020E+03
 241.600	 0.000E+00	 2.744E+03	 2.069E+03
 241.650	 0.000E+00	 2.644E+03	 2.055E+03
 241.700	 0.000E+00	 2.543E+03	 2.051E+03
 241.750	 0.000E+00	 2.439E+03	 2.061E+03
 241.800	 0.000E+00	 2.335E+03	 2.093E+03
 241.850	 0.000E+00	 2.235E+03	 2.154E+03
 241.900	 0.000E+00	 2.134E+03	 2.209E+03
 241.950	 0.000E+00	 2.040E+03	 2.279E+03
 242.000	 0.000E+00	 1.939E+03	 2.303E+03
 242.050	 0.000E+00	 1.845E+03	 2.318E+03
 242.100	 0.000E+00	 1.744E+03	 2.278E+03
 242.150	 0.000E+00	 1.641E+03	 2.233E+03
 242.200	 0.000E+00	 1.536E+03	 2.190E+03
 242.250	 0.000E+00	 1.423E+03	 2.141E+03
 242.300	 0.000E+00	 1.304E+03	 2.121E+03
 242.350	 0.000E+00	 1.179E+03	 2.120E+03
 242.400	 0.000E+00	 1.049E+03	 2.155E+03
 242.450	 0.000E+00	 9.107E+02	 2.187E+03
 242.500	 0.000E+00	 7.748E+02	 2.225E+03
 242.550	 0.000E+00	 6.354E+02	 2.255E+03
 242.600	 0.000E+00	 4.939E+02	 2.260E+03
 242.650	 0.000E+00	 3.562E+02	 2.236E+03
 242.700	 0.000E+00	 2.197E+02	 2.217E+03
 242.750	 0.000E+00	 8.566E+01	 2.183E+03
 242.800	 0.000E+00	-4.539E+01	 2.152E+03
 242.850	 0.000E+00	-1.732E+02	 2.147E+03
 242.900	 0.000E+00	-3.006E+02	 2.137E+03
 242.950	 0.000E+00	-4.238E+02	 2.131E+03
 243.000	 0.000E+00	-5.442E+02	 2.118E+03
 243.050	 0.000E+00	-6.680E+02	 2.103E+03
 243.100	 0.000E+00	-7.934E+02	 2.082E+03
 243.150	 0.000E+00	-9.161E+02	 2.083E+03
 243.200	 0.000E+00	-1.038E+03	 2.081E+03
 243.250	 0.000E+00	-1.163E+03	 2.076E+03
 243.300	 0.000E+00	-1.293E+03	 2.069E+03
 243.350	 0.000E+00	-1.417E+03	 2.061E+03
 243.400	 0.000E+00	-1.542E+03	 2.033E+03
 243.450	 0.000E+00	-1.671E+03	 2.003E+03
 243.500	 0.000E+00	-1.793E+03	 1.975E+03
 243.550	 0.000E+00	-1.905E+03	 1.953E+03
 243.600	 0.000E+00	-2.021E+03	 1.927E+03
 243.650	 0.000E+00	-2.130E+03	 1.901E+03
 243.700	 0.000E+00	-2.225E+03	 1.880E+03
 243.750	 0.000E+00	-2.319E+03	 1.852E+03
 243.800	 0.000E+00	-2.411E+03	 1.806E+03
 243.850	 0.000E+00	-2.490E+03	 1.758E+03
 243.900	 0.000E+00	-2.567E+03	 1.703E+03
 243.950	 0.000E+00	-2.648E+03	 1.635E+03
 244.000	 0.000E+00	-2.723E+03	 1.594E+03
 244.050	 0.000E+00	-2.799E+03	 1.560E+03
 244.100	 0.000E+00	-2.878E+03	 1.544E+03
 244.150	 0.000E+00	-2.954E+03	 1.546E+03
 244.200	 0.000E+00	-3.031E+03	 1.551E+03
 244.250	 0.000E+00	-3.108E+03	 1.550E+03
 244.300	 0.000E+00	-3.183E+03	 1.543E+03
 244.350	 0.000E+00	-3.253E+03	 1.524E+03
 244.400	 0.000E+00	-3.318E+03	 1.513E+03
 244.450	 0.000E+00	-3.375E+03	 1.491E+03
 244.500	 0.000E+00	-3.423E+03	 1.482E+03
 244.550	 0.000E+00	-3.463E+03	 1.472E+03
 244.600	 0.000E+00	-3.496E+03	 1.469E+03
 244.650	 0.000E+00	-3.522E+03	 1.457E+03
 244.700	 0.000E+00	-3.538E+03	 1.457E+03
 244.750	 0.000E+00	-3.554E+03	 1.420E+03
 244.800	 0.000E+00	-3.562E+03	 1.396E+03
 244.850	 0.000E+00	-3.566E+03	 1.379E+03
 244.900	 0.000E+00	-3.567E+03	 1.367E+03
 244.950	 0.000E+00	-3.559E+03	 1.373E+03
 245.000	 0.000E+00	-3.553E+03	 1.401E+03
 245.050	 0.000E+00	-3.544E+03	 1.445E+03
 245.100	 0.000E+00	-3.530E+03	 1.494E+03
 245.150	 0.000E+00	-3.515E+03	 1.530E+03
 245.200	 0.000E+00	-3.498E+03	 1.553E+03
 245.250	 0.000E+00	-3.475E+03	 1.560E+03
 245.300	 0.000E+00	-3.449E+03	 1.550E+03
 245.350	 0.000E+00	-3.418E+03	 1.529E+03
 245.400	 0.000E+00	-3.378E+03	 1.487E+03
 245.450	 0.000E+00	-3.339E+03	 1.466E+03
 245.500	 0.000E+00	-3.286E+03	 1.460E+03
 245.550	 0.000E+00	-3.227E+03	 1.492E+03
 245.600	 0.000E+00	-3.163E+03	 1.539E+03
 245.650	 0.000E+00	-3.091E+03	 1.595E+03
 245.700	 0.000E+00	-3.018E+03	 1.644E+03
 245.750	 0.000E+00	-2.941E+03	 1.658E+03
 245.800	 0.000E+00	-2.860E+03	 1.632E+03
 245.850	 0.000E+00	-2.784E+03	 1.573E+03
 245.900	 0.000E+00	-2.703E+03	 1.493E+03
 245.950	 0.000E+00	-2.622E+03	 1.396E+03
 246.000	 0.000E+00	-2.541E+03	 1.316E+03
 246.050	 0.000E+00	-2.452E+03	 1.271E+03
 246.100	 0.000E+00	-2.370E+03	 1.245E+03
 246.150	 0.000E+00	-2.279E+03	 1.227E+03
 246.200	 0.000E+00	-2.183E+03	 1.208E+03
 246.250	 0.000E+00	-2.090E+03	 1.178E+03
 246.300	 0.000E+00	-1.992E+03	 1.129E+03
 246.350	 0.000E+00	-1.878E+03	 1.067E+03
 246.400	 0.000E+00	-1.768E+03	 1.005E+03
 246.450	 0.000E+00	-1.652E+03	 9.641E+02
 246.500	 0.000E+00	-1.527E+03	 9.434E+02
 246.550	 0.000E+00	-1.396E+03	 9.540E+02
 246.600	 0.000E+00	-1.266E+03	 9.916E+02
 246.650	 0.000E+00	-1.131E+03	 1.032E+03
 246.700	 0.000E+00	-9.851E+02	 1.074E+03
 246.750	 0.000E+00	-8.553E+02	 1.101E+03
 246.800	 0.000E+00	-7.171E+02	 1.122E+03
 246.850	 0.000E+00	-5.788E+02	 1.136E+03
 246.900	 0.000E+00	-4.464E+02	 1.162E+03
 246.950	 0.000E+00	-3.168E+02	 1.201E+03
 247.000	 0.000E+00	-1.855E+02	 1.243E+03
 247.050	 0.000E+00	-5.890E+01	 1.290E+03
 247.100	 0.000E+00	 6.426E+01	 1.348E+03
 247.150	 0.000E+00	 1.894E+02	 1.396E+03
 247.200	 0.000E+00	 3.155E+02	 1.427E+03
 247.250	 0.000E+00	 4.404E+02	 1.451E+03
 247.300	 0.000E+00	 5.652E+02	 1.457E+03
 247.350	 0.000E+00	 6.948E+02	 1.436E+03
 247.400	 0.000E+00	 8.226E+02	 1.414E+03
 247.450	 0.000E+00	 9.476E+02	 1.391E+03
 247.500	 0.000E+00	 1.080E+03	 1.368E+03
 247.550	 0.000E+00	 1.206E+03	 1.345E+03
 247.600	 0.000E+00	 1.329E+03	 1.328E+03
 247.650	 0.000E+00	 1.451E+03	 1.305E+03
 247.700	 0.000E+00	 1.573E+03	 1.291E+03
 247.750	 0.000E+00	 1.685E+03	 1.285E+03
 247.800	 0.000E+00	 1.799E+03	 1.259E+03
 247.850	 0.000E+00	 1.907E+03	 1.223E+03
 247.900	 0.000E+00	 2.009E+03	 1.183E+03
 247.950	 0.000E+00	 2.109E+03	 1.143E+03
 248.000	 0.000E+00	 2.205E+03	 1.109E+03
 248.050	 0.000E+00	 2.301E+03	 1.099E+03
 248.100	 0.000E+00	 2.397E+03	 1.113E+03
 248.150	 0.000E+00	 2.486E+03	 1.120E+03
 248.200	 0.000E+00	 2.573E+03	 1.146E+03
 248.250	 0.000E+00	 2.661E+03	 1.170E+03
 248.300	 0.000E+00	 2.751E+03	 1.199E+03
 248.350	 0.000E+00	 2.833E+03	 1.206E+03
 248.400	 0.000E+00	 2.917E+03	 1.236E+03
 248.450	 0.000E+00	 2.997E+03	 1.255E+03
 248.500	 0.000E+00	 3.071E+03	 1.281E+03
 248.550	 0.000E+00	 3.150E+03	 1.347E+03
 248.600	 0.000E+00	 3.219E+03	 1.381E+03
 248.650	 0.000E+00	 3.281E+03	 1.435E+03
 248.700	 0.000E+00	 3.340E+03	 1.493E+03
 248.750	 0.000E+00	 3.388E+03	 1.508E+03
 248.800	 0.000E+00	 3.427E+03	 1.513E+03
 248.850	 0.000E+00	 3.463E+03	 1.540E+03
 248.900	 0.000E+00	 3.495E+03	 1.565E+03
 248.950	 0.000E+00	 3.515E+03	 1.570E+03
 249.000	 0.000E+00	 3.539E+03	 1.619E+03
 249.050	 0.000E+00	 3.557E+03	 1.671E+03
 249.100	 0.000E+00	 3.567E+03	 1.692E+03
 249.150	 0.000E+00	 3.578E+03	 1.718E+03
 249.200	 0.000E+00	 3.588E+03	 1.771E+03
 249.250	 0.000E+00	 3.594E+03	 1.803E+03
 249.300	 0.000E+00	 3.597E+03	 1.805E+03
 249.350	 0.000E+00	 3.595E+03	 1.785E+03
 249.400	 0.000E+00	 3.586E+03	 1.741E+03
 249.450	 0.000E+00	 3.576E+03	 1.684E+03
 249.500	 0.000E+00	 3.555E+03	 1.620E+03
 249.550	 0.000E+00	 3.527E+03	 1.575E+03
 249.600	 0.000E+00	 3.495E+03	 1.521E+03
 249.650	 0.000E+00	 3.457E+03	 1.507E+03
 249.700	 0.000E+00	 3.406E+03	 1.498E+03
 249.750	 0.000E+00	 3.353E+03	 1.500E+03
 249.800	 0.000E+00	 3.294E+03	 1.503E+03
 249.850	 0.000E+00	 3.224E+03	 1.507E+03
 249.900	 0.000E+00	 3.156E+03	 1.521E+03
 249.950	 0.000E+00	 3.086E+03	 1.529E+03
 250.000	 0.000E+00	 3.010E+03	 1.552E+03
 250.050	 0.000E+00	 2.932E+03	 1.565E+03
 250.100	 0.000E+00	 2.863E+03	 1.629E+03
 250.150	 0.000E+00	 2.785E+03	 1.690E+03
 250.200	 0.000E+00	 2.711E+03	 1.768E+03
 250.250	 0.000E+00	 2.640E+03	 1.862E+03
 250.300	 0.000E+00	 2.562E+03	 1.943E+03
 250.350	 0.000E+00	 2.491E+03	 2.051E+03
 250.400	 0.000E+00	 2.405E+03	 2.120E+03
 250.450	 0.000E+00	 2.326E+03	 2.209E+03
 250.500	 0.000E+00	 2.230E+03	 2.258E+03
 250.550	 0.000E+00	 2.131E+03	 2.290E+03
 250.600	 0.000E+00	 2.028E+03	 2.316E+03
 250.650	 0.000E+00	 1.916E+03	 2.311E+03
 250.700	 0.000E+00	 1.795E+03	 2.282E+03
 250.750	 0.000E+00	 1.674E+03	 2.283E+03
 250.800	 0.000E+00	 1.546E+03	 2.246E+03
 250.850	 0.000E+00	 1.417E+03	 2.229E+03
 250.900	 0.000E+00	 1.285E+03	 2.204E+03
 250.950	 0.000E+00	 1.153E+03	 2.156E+03
 251.000	 0.000E+00	 1.023E+03	 2.147E+03
 251.050	 0.000E+00	 8.906E+02	 2.106E+03
 251.100	 0.000E+00	 7.622E+02	 2.070E+03
 251.150	 0.000E+00	 6.390E+02	 2.060E+03
 251.200	 0.000E+00	 5.144E+02	 2.038E+03
 251.250	 0.000E+00	 3.969E+02	 2.034E+03
 251.300	 0.000E+00	 2.799E+02	 2.043E+03
 251.350	 0.000E+00	 1.586E+02	 2.056E+03
 251.400	 0.000E+00	 4.158E+01	 2.082E+03
 251.450	 0.000E+00	-7.451E+01	 2.122E+03
 251.500	 0.000E+00	-2.064E+02	 2.135E+03
 251.550	 0.000E+00	-3.294E+02	 2.148E+03
 251.600	 0.000E+00	-4.613E+02	 2.140E+03
 251.650	 0.000E+00	-6.006E+02	 2.136E+03
 251.700	 0.000E+00	-7.309E+02	 2.143E+03
 251.750	 0.000E+00	-8.649E+02	 2.168E+03
 251.800	 0.000E+00	-1.005E+03	 2.209E+03
 251.850	 0.000E+00	-1.129E+03	 2.263E+03
 251.900	 0.000E+00	-1.254E+03	 2.312E+03
 251.950	 0.000E+00	-1.386E+03	 2.331E+03
 252.000	 0.000E+00	-1.503E+03	 2.330E+03
 252.050	 0.000E+00	-1.615E+03	 2.299E+03
 252.100	 0.000E+00	-1.732E+03	 2.231E+03
 252.150	 0.000E+00	-1.845E+03	 2.149E+03
 252.200	 0.000E+00	-1.946E+03	 2.085E+03
 252.250	 0.000E+00	-2.049E+03	 2.020E+03
 252.300	 0.000E+00	-2.150E+03	 1.978E+03
 252.350	 0.000E+00	-2.244E+03	 1.965E+03
 252.400	 0.000E+00	-2.338E+03	 1.953E+03
 252.450	 0.000E+00	-2.429E+03	 1.948E+03
 252.500	 0.000E+00	-2.519E+03	 1.914E+03
 252.550	 0.000E+00	-2.610E+03	 1.846E+03
 252.600	 0.000E+00	-2.701E+03	 1.764E+03
 252.650	 0.000E+00	-2.790E+03	 1.677E+03
 252.700	 0.000E+00	-2.873E+03	 1.604E+03
 252.750	 0.000E+00	-2.958E+03	 1.537E+03
 252.800	 0.000E+00	-3.036E+03	 1.507E+03
 252.850	 0.000E+00	-3.107E+03	 1.511E+03
 252.900	 0.000E+00	-3.178E+03	 1.515E+03
 252.950	 0.000E+00	-3.241E+03	 1.529E+03
 253.000	 0.000E+00	-3.293E+03	 1.567E+03
 253.050	 0.000E+00	-3.343E+03	 1.577E+03
 253.100	 0.000E+00	-3.389E+03	 1.580E+03
 253.150	 0.000E+00	-3.428E+03	 1.581E+03
 253.200	 0.000E+00	-3.460E+03	 1.592E+03
 253.250	 0.000E+00	-3.486E+03	 1.608E+03
 253.300	 0.000E+00	-3.510E+03	 1.636E+03
 253.350	 0.000E+00	-3.528E+03	 1.686E+03
 253.400	 0.000E+00	-3.545E+03	 1.729E+03
 253.450	 0.000E+00	-3.552E+03	 1.798E+03
 253.500	 0.000E+00	-3.560E+03	 1.867E+03
 253.550	 0.000E+00	-3.561E+03	 1.929E+03
 253.600	 0.000E+00	-3.558E+03	 1.948E+03
 253.650	 0.000E+00	-3.550E+03	 1.953E+03
 253.700	 0.000E+00	-3.541E+03	 1.915E+03
 253.750	 0.000E+00	-3.521E+03	 1.852E+03
 253.800	 0.000E+00	-3.500E+03	 1.759E+03
 253.850	 0.000E+00	-3.476E+03	 1.670E+03
 253.900	 0.000E+00	-3.444E+03	 1.580E+03
 253.950	 0.000E+00	-3.410E+03	 1.516E+03
 254.000	 0.000E+00	-3.370E+03	 1.472E+03
 254.050	 0.000E+00	-3.325E+03	 1.446E+03
 254.100	 0.000E+00	-3.278E+03	 1.425E+03
 254.150	 0.000E+00	-3.224E+03	 1.423E+03
 254.200	 0.000E+00	-3.172E+03	 1.409E+03
 254.250	 0.000E+00	-3.109E+03	 1.411E+03
 254.300	 0.000E+00	-3.044E+03	 1.402E+03
 254.350	 0.000E+00	-2.978E+03	 1.407E+03
 254.400	 0.000E+00	-2.906E+03	 1.415E+03
 254.450	 0.000E+00	-2.827E+03	 1.444E+03
 254.500	 0.000E+00	-2.751E+03	 1.469E+03
 254.550	 0.000E+00	-2.662E+03	 1.523E+03
 254.600	 0.000E+00	-2.570E+03	 1.569E+03
 254.650	 0.000E+00	-2.477E+03	 1.623E+03
 254.700	 0.000E+00	-2.381E+03	 1.664E+03
 254.750	 0.000E+00	-2.276E+03	 1.686E+03
 254.800	 0.000E+00	-2.170E+03	 1.700E+03
 254.850	 0.000E+00	-2.064E+03	 1.695E+03
 254.900	 0.000E+00	-1.951E+03	 1.632E+03
 254.950	 0.000E+00	-1.842E+03	 1.565E+03
 255.000	 0.000E+00	-1.731E+03	 1.482E+03
 255.050	 0.000E+00	-1.619E+03	 1.380E+03
 255.100	 0.000E+00	-1.508E+03	 1.288E+03
 255.150	 0.000E+00	-1.397E+03	 1.216E+03
 255.200	 0.000E+00	-1.285E+03	 1.148E+03
 255.250	 0.000E+00	-1.170E+03	 1.101E+03
 255.300	 0.000E+00	-1.055E+03	 1.055E+03
 255.350	 0.000E+00	-9.375E+02	 1.033E+03
 255.400	 0.000E+00	-8.157E+02	 1.009E+03
 255.450	 0.000E+00	-6.929E+02	 9.808E+02
 255.500	 0.000E+00	-5.652E+02	 9.747E+02
 255.550	 0.000E+00	-4.354E+02	 9.683E+02
 255.600	 0.000E+00	-3.005E+02	 9.844E+02
 255.650	 0.000E+00	-1.616E+02	 1.041E+03
 255.700	 0.000E+00	-2.141E+01	 1.118E+03
 255.750	 0.000E+00	 1.253E+02	 1.204E+03
 255.800	 0.000E+00	 2.684E+02	 1.289E+03
 255.850	 0.000E+00	 4.086E+02	 1.343E+03
 255.900	 0.000E+00	 5.507E+02	 1.378E+03
 255.950	 0.000E+00	 6.844E+02	 1.372E+03
 256.000	 0.000E+00	 8.163E+02	 1.349E+03
 256.050	 0.000E+00	 9.394E+02	 1.311E+03
 256.100	 0.000E+00	 1.058E+03	 1.277E+03
 256.150	 0.000E+00	 1.176E+03	 1.266E+03
 256.200	 0.000E+00	 1.287E+03	 1.263E+03
 256.250	 0.000E+00	 1.393E+03	 1.261E+03
 256.300	 0.000E+00	 1.500E+03	 1.276E+03
 256.350	 0.000E+00	 1.607E+03	 1.290E+03
 256.400	 0.000E+00	 1.710E+03	 1.281E+03
 256.450	 0.000E+00	 1.812E+03	 1.246E+03
 256.500	 0.000E+00	 1.914E+03	 1.195E+03
 256.550	 0.000E+00	 2.019E+03	 1.136E+03
 256.600	 0.000E+00	 2.125E+03	 1.078E+03
 256.650	 0.000E+00	 2.230E+03	 1.044E+03
 256.700	 0.000E+00	 2.338E+03	 1.029E+03
 256.750	 0.000E+00	 2.444E+03	 1.032E+03
 256.800	 0.000E+00	 2.546E+03	 1.045E+03
 256.850	 0.000E+00	 2.651E+03	 1.083E+03
 256.900	 0.000E+00	 2.749E+03	 1.106E+03
 256.950	 0.000E+00	 2.837E+03	 1.111E+03
 257.000	 0.000E+00	 2.921E+03	 1.125E+03
 257.050	 0.000E+00	 2.997E+03	 1.135E+03
 257.100	 0.000E+00	 3.066E+03	 1.153E+03
 257.150	 0.000E+00	 3.124E+03	 1.166E+03
 257.200	 0.000E+00	 3.180E+03	 1.203E+03
 257.250	 0.000E+00	 3.231E+03	 1.249E+03
 257.300	 0.000E+00	 3.275E+03	 1.292E+03
 257.350	 0.000E+00	 3.319E+03	 1.335E+03
 257.400	 0.000E+00	 3.361E+03	 1.361E+03
 257.450	 0.000E+00	 3.397E+03	 1.373E+03
 257.500	 0.000E+00	 3.431E+03	 1.365E+03
 257.550	 0.000E+00	 3.461E+03	 1.356E+03
 257.600	 0.000E+00	 3.491E+03	 1.361E+03
 257.650	 0.000E+00	 3.516E+03	 1.339E+03
 257.700	 0.000E+00	 3.541E+03	 1.349E+03
 257.750	 0.000E+00	 3.558E+03	 1.352E+03
 257.800	 0.000E+00	 3.573E+03	 1.351E+03
 257.850	 0.000E+00	 3.582E+03	 1.354E+03
 257.900	 0.000E+00	 3.580E+03	 1.344E+03
 257.950	 0.000E+00	 3.576E+03	 1.332E+03
 258.000	 0.000E+00	 3.562E+03	 1.319E+03
 258.050	 0.000E+00	 3.544E+03	 1.310E+03
 258.100	 0.000E+00	 3.518E+03	 1.291E+03
 258.150	 0.000E+00	 3.490E+03	 1.283E+03
 258.200	 0.000E+00	 3.455E+03	 1.276E+03
 258.250	 0.000E+00	 3.420E+03	 1.282E+03
 258.300	 0.000E+00	 3.380E+03	 1.302E+03
 258.350	 0.000E+00	 3.335E+03	 1.311E+03
 258.400	 0.000E+00	 3.286E+03	 1.325E+03
 258.450	 0.000E+00	 3.239E+03	 1.359E+03
 258.500	 0.000E+00	 3.184E+03	 1.396E+03
 258.550	 0.000E+00	 3.127E+03	 1.422E+03
 258.600	 0.000E+00	 3.075E+03	 1.495E+03
 258.650	 0.000E+00	 3.006E+03	 1.521E+03
 258.700	 0.000E+00	 2.944E+03	 1.567E+03
 258.750	 0.000E+00	 2.872E+03	 1.604E+03
 258.800	 0.000E+00	 2.796E+03	 1.661E+03
 258.850	 0.000E+00	 2.719E+03	 1.736E+03
 258.900	 0.000E+00	 2.629E+03	 1.798E+03
 258.950	 0.000E+00	 2.543E+03	 1.897E+03
 259.000	 0.000E+00	 2.447E+03	 1.995E+03
 259.050	 0.000E+00	 2.350E+03	 2.085E+03
 259.100	 0.000E+00	 2.250E+03	 2.176E+03
 259.150	 0.000E+00	 2.148E+03	 2.259E+03
 259.200	 0.000E+00	 2.043E+03	 2.303E+03
 259.250	 0.000E+00	 1.937E+03	 2.300E+03
 259.300	 0.000E+00	 1.826E+03	 2.289E+03
 259.350	 0.000E+00	 1.711E+03	 2.236E+03
 259.400	 0.000E+00	 1.596E+03	 2.181E+03
 259.450	 0.000E+00	 1.480E+03	 2.153E+03
 259.500	 0.000E+00	 1.355E+03	 2.099E+03
 259.550	 0.000E+00	 1.236E+03	 2.100E+03
 259.600	 0.000E+00	 1.108E+03	 2.090E+03
 259.650	 0.000E+00	 9.799E+02	 2.069E+03
 259.700	 0.000E+00	 8.514E+02	 2.019E+03
 259.750	 0.000E+00	 7.203E+02	 1.964E+03
 259.800	 0.000E+00	 5.854E+02	 1.887E+03
 259.850	 0.000E+00	 4.547E+02	 1.807E+03
 259.900	 0.000E+00	 3.262E+02	 1.759E+03
 259.950	 0.000E+00	 1.912E+02	 1.740E+03
 260.000	 0.000E+00	 6.629E+01	 1.760E+03
 260.050	 0.000E+00	-6.155E+01	 1.831E+03
 260.100	 0.000E+00	-1.884E+02	 1.897E+03
 260.150	 0.000E+00	-3.116E+02	 1.969E+03
 260.200	 0.000E+00	-4.326E+02	 2.012E+03
 260.250	 0.000E+00	-5.628E+02	 2.035E+03
 260.300	 0.000E+00	-6.853E+02	 2.041E+03
 260.350	 0.000E+00	-8.063E+02	 2.042E+03
 260.400	 0.000E+00	-9.363E+02	 2.034E+03
 260.450	 0.000E+00	-1.054E+03	 2.073E+03
 260.500	 0.000E+00	-1.176E+03	 2.109E+03
 260.550	 0.000E+00	-1.301E+03	 2.150E+03
 260.600	 0.000E+00	-1.419E+03	 2.191E+03
 260.650	 0.000E+00	-1.537E+03	 2.217E+03
 260.700	 0.000E+00	-1.659E+03	 2.211E+03
 260.750	 0.000E+00	-1.776E+03	 2.193E+03
 260.800	 0.000E+00	-1.886E+03	 2.147E+03
 260.850	 0.000E+00	-1.998E+03	 2.088E+03
 260.900	 0.000E+00	-2.107E+03	 2.049E+03
 260.950	 0.000E+00	-2.205E+03	 2.021E+03
 261.000	 0.000E+00	-2.297E+03	 2.009E+03
 261.050	 0.000E+00	-2.393E+03	 1.968E+03
 261.100	 0.000E+00	-2.482E+03	 1.917E+03
 261.150	 0.000E+00	-2.569E+03	 1.840E+03
 261.200	 0.000E+00	-2.655E+03	 1.735E+03
 261.250	 0.000E+00	-2.740E+03	 1.622E+03
 261.300	 0.000E+00	-2.818E+03	 1.535E+03
 261.350	 0.000E+00	-2.899E+03	 1.459E+03
 261.400	 0.000E+00	-2.979E+03	 1.416E+03
 261.450	 0.000E+00	-3.054E+03	 1.405E+03
 261.500	 0.000E+00	-3.125E+03	 1.428E+03
 261.550	 0.000E+00	-3.193E+03	 1.462E+03
 261.600	 0.000E+00	-3.259E+03	 1.487E+03
 261.650	 0.000E+00	-3.319E+03	 1.536E+03
 261.700	 0.000E+00	-3.375E+03	 1.555E+03
 261.750	 0.000E+00	-3.422E+03	 1.583E+03
 261.800	 0.000E+00	-3.463E+03	 1.615E+03
 261.850	 0.000E+00	-3.496E+03	 1.667E+03
 261.900	 0.000E+00	-3.520E+03	 1.729E+03
 261.950	 0.000E+00	-3.537E+03	 1.806E+03
 262.000	 0.000E+00	-3.544E+03	 1.890E+03
 262.050	 0.000E+00	-3.549E+03	 1.960E+03
 262.100	 0.000E+00	-3.548E+03	 1.992E+03
 262.150	 0.000E+00	-3.545E+03	 1.976E+03
 262.200	 0.000E+00	-3.537E+03	 1.934E+03
 262.250	 0.000E+00	-3.529E+03	 1.841E+03
 262.300	 0.000E+00	-3.519E+03	 1.755E+03
 262.350	 0.000E+00	-3.507E+03	 1.683E+03
 262.400	 0.000E+00	-3.494E+03	 1.646E+03
 262.450	 0.000E+00	-3.477E+03	 1.621E+03
 262.500	 0.000E+00	-3.458E+03	 1.626E+03
 262.550	 0.000E+00	-3.439E+03	 1.615E+03
 262.600	 0.000E+00	-3.413E+03	 1.598E+03
 262.650	 0.000E+00	-3.386E+03	 1.550E+03
 262.700	 0.000E+00	-3.347E+03	 1.488E+03
 262.750	 0.000E+00	-3.301E+03	 1.426E+03
 262.800	 0.000E+00	-3.249E+03	 1.361E+03
 262.850	 0.000E+00	-3.187E+03	 1.334E+03
 262.900	 0.000E+00	-3.116E+03	 1.337E+03
 262.950	 0.000E+00	-3.038E+03	 1.377E+03
 263.000	 0.000E+00	-2.956E+03	 1.427E+03
 263.050	 0.000E+00	-2.872E+03	 1.491E+03
 263.100	 0.000E+00	-2.783E+03	 1.538E+03
 263.150	 0.000E+00	-2.692E+03	 1.562E+03
 263.200	 0.000E+00	-2.602E+03	 1.560E+03
 263.250	 0.000E+00	-2.511E+03	 1.558E+03
 263.300	 0.000E+00	-2.417E+03	 1.553E+03
 263.350	 0.000E+00	-2.325E+03	 1.553E+03
 263.400	 0.000E+00	-2.234E+03	 1.555E+03
 263.450	 0.000E+00	-2.139E+03	 1.552E+03
 263.500	 0.000E+00	-2.041E+03	 1.555E+03
 263.550	 0.000E+00	-1.939E+03	 1.549E+03
 263.600	 0.000E+00	-1.835E+03	 1.515E+03
 263.650	 0.000E+00	-1.729E+03	 1.471E+03
 263.700	 0.000E+00	-1.615E+03	 1.415E+03
 263.750	 0.000E+00	-1.503E+03	 1.344E+03
 263.800	 0.000E+00	-1.383E+03	 1.270E+03
 263.850	 0.000E+00	-1.262E+03	 1.209E+03
 263.900	 0.000E+00	-1.139E+03	 1.157E+03
 263.950	 0.000E+00	-1.008E+03	 1.125E+03
 264.000	 0.000E+00	-8.801E+02	 1.113E+03
 264.050	 0.000E+00	-7.484E+02	 1.115E+03
 264.100	 0.000E+00	-6.151E+02	 1.119E+03
 264.150	 0.000E+00	-4.851E+02	 1.113E+03
 264.200	 0.000E+00	-3.571E+02	 1.112E+03
 264.250	 0.000E+00	-2.272E+02	 1.118E+03
 264.300	 0.000E+00	-9.787E+01	 1.132E+03
 264.350	 0.000E+00	 2.812E+01	 1.151E+03
 264.400	 0.000E+00	 1.539E+02	 1.168E+03
 264.450	 0.000E+00	 2.830E+02	 1.184E+03
 264.500	 0.000E+00	 4.125E+02	 1.206E+03
 264.550	 0.000E+00	 5.444E+02	 1.215E+03
 264.600	 0.000E+00	 6.749E+02	 1.204E+03
 264.650	 0.000E+00	 8.030E+02	 1.204E+03
 264.700	 0.000E+00	 9.399E+02	 1.202E+03
 264.750	 0.000E+00	 1.067E+03	 1.190E+03
 264.800	 0.000E+00	 1.192E+03	 1.172E+03
 264.850	 0.000E+00	 1.315E+03	 1.148E+03
 264.900	 0.000E+00	 1.434E+03	 1.131E+03
 264.950	 0.000E+00	 1.548E+03	 1.137E+03
 265.000	 0.000E+00	 1.661E+03	 1.139E+03
 265.050	 0.000E+00	 1.771E+03	 1.143E+03
 265.100	 0.000E+00	 1.872E+03	 1.143E+03
 265.150	 0.000E+00	 1.976E+03	 1.136E+03
 265.200	 0.000E+00	 2.074E+03	 1.122E+03
 265.250	 0.000E+00	 2.171E+03	 1.110E+03
 265.300	 0.000E+00	 2.269E+03	 1.109E+03
 265.350	 0.000E+00	 2.366E+03	 1.105E+03
 265.400	 0.000E+00	 2.463E+03	 1.116E+03
 265.450	 0.000E+00	 2.557E+03	 1.106E+03
 265.500	 0.000E+00	 2.646E+03	 1.079E+03
 265.550	 0.000E+00	 2.737E+03	 1.062E+03
 265.600	 0.000E+00	 2.823E+03	 1.037E+03
 265.650	 0.000E+00	 2.907E+03	 1.039E+03
 265.700	 0.000E+00	 2.988E+03	 1.058E+03
 265.750	 0.000E+00	 3.062E+03	 1.081E+03
 265.800	 0.000E+00	 3.132E+03	 1.110E+03
 265.850	 0.000E+00	 3.197E+03	 1.164E+03
 265.900	 0.000E+00	 3.258E+03	 1.218E+03
 265.950	 0.000E+00	 3.310E+03	 1.237E+03
 266.000	 0.000E+00	 3.358E+03	 1.265E+03
 266.050	 0.000E+00	 3.396E+03	 1.266E+03
 266.100	 0.000E+00	 3.428E+03	 1.255E+03
 266.150	 0.000E+00	 3.460E+03	 1.264E+03
 266.200	 0.000E+00	 3.483E+03	 1.272E+03
 266.250	 0.000E+00	 3.506E+03	 1.291E+03
 266.300	 0.000E+00	 3.524E+03	 1.321E+03
 266.350	 0.000E+00	 3.542E+03	 1.366E+03
 266.400	 0.000E+00	 3.550E+03	 1.376E+03
 266.450	 0.000E+00	 3.557E+03	 1.381E+03
 266.500	 0.000E+00	 3.558E+03	 1.380E+03
 266.550	 0.000E+00	 3.558E+03	 1.375E+03
 266.600	 0.000E+00	 3.549E+03	 1.337E+03
 266.650	 0.000E+00	 3.542E+03	 1.344E+03
 266.700	 0.000E+00	 3.525E+03	 1.347E+03
 266.750	 0.000E+00	 3.508E+03	 1.353E+03
 266.800	 0.000E+00	 3.484E+03	 1.370E+03
 266.850	 0.000E+00	 3.455E+03	 1.389E+03
 266.900	 0.000E+00	 3.420E+03	 1.389E+03
 266.950	 0.000E+00	 3.382E+03	 1.394E+03
 267.000	 0.000E+00	 3.335E+03	 1.392E+03
 267.050	 0.000E+00	 3.286E+03	 1.393E+03
 267.100	 0.000E+00	 3.235E+03	 1.398E+03
 267.150	 0.000E+00	 3.172E+03	 1.416E+03
 267.200	 0.000E+00	 3.110E+03	 1.451E+03
 267.250	 0.000E+00	 3.046E+03	 1.495E+03
 267.300	 0.000E+00	 2.976E+03	 1.549E+03
 267.350	 0.000E+00	 2.903E+03	 1.611E+03
 267.400	 0.000E+00	 2.832E+03	 1.681E+03
 267.450	 0.000E+00	 2.753E+03	 1.744E+03
 267.500	 0.000E+00	 2.675E+03	 1.817E+03
 267.550	 0.000E+00	 2.597E+03	 1.870E+03
 267.600	 0.000E+00	 2.514E+03	 1.909E+03
 267.650	 0.000E+00	 2.424E+03	 1.927E+03
 267.700	 0.000E+00	 2.331E+03	 1.923E+03
 267.750	 0.000E+00	 2.238E+03	 1.945E+03
 267.800	 0.000E+00	 2.132E+03	 1.957E+03
 267.850	 0.000E+00	 2.026E+03	 1.954E+03
 267.900	 0.000E+00	 1.916E+03	 1.960E+03
 267.950	 0.000E+00	 1.795E+03	 1.943E+03
 268.000	 0.000E+00	 1.674E+03	 1.919E+03
 268.050	 0.000E+00	 1.550E+03	 1.890E+03
 268.100	 0.000E+00	 1.418E+03	 1.849E+03
 268.150	 0.000E+00	 1.287E+03	 1.814E+03
 268.200	 0.000E+00	 1.160E+03	 1.787E+03
 268.250	 0.000E+00	 1.026E+03	 1.773E+03
 268.300	 0.000E+00	 8.968E+02	 1.775E+03
 268.350	 0.000E+00	 7.691E+02	 1.773E+03
 268.400	 0.000E+00	 6.473E+02	 1.775E+03
 268.450	 0.000E+00	 5.201E+02	 1.772E+03
 268.500	 0.000E+00	 4.010E+02	 1.760E+03
 268.550	 0.000E+00	 2.812E+02	 1.730E+03
 268.600	 0.000E+00	 1.615E+02	 1.716E+03
 268.650	 0.000E+00	 4.139E+01	 1.726E+03
 268.700	 0.000E+00	-7.702E+01	 1.736E+03
 268.750	 0.000E+00	-2.039E+02	 1.757E+03
 268.800	 0.000E+00	-3.271E+02	 1.813E+03
 268.850	 0.000E+00	-4.517E+02	 1.868E+03
 268.900	 0.000E+00	-5.810E+02	 1.927E+03
 268.950	 0.000E+00	-7.106E+02	 1.972E+03
 269.000	 0.000E+00	-8.421E+02	 1.994E+03
 269.050	 0.000E+00	-9.739E+02	 1.999E+03
 269.100	 0.000E+00	-1.105E+03	 1.988E+03
 269.150	 0.000E+00	-1.235E+03	 1.970E+03
 269.200	 0.000E+00	-1.359E+03	 1.963E+03
 269.250	 0.000E+00	-1.480E+03	 1.956E+03
 269.300	 0.000E+00	-1.595E+03	 1.971E+03
 269.350	 0.000E+00	-1.707E+03	 1.978E+03
 269.400	 0.000E+00	-1.815E+03	 1.994E+03
 269.450	 0.000E+00	-1.919E+03	 1.998E+03
 269.500	 0.000E+00	-2.021E+03	 1.982E+03
 269.550	 0.000E+00	-2.118E+03	 1.963E+03
 269.600	 0.000E+00	-2.215E+03	 1.913E+03
 269.650	 0.000E+00	-2.313E+03	 1.850E+03
 269.700	 0.000E+00	-2.406E+03	 1.786E+03
 269.750	 0.000E+00	-2.500E+03	 1.708E+03
 269.800	 0.000E+00	-2.594E+03	 1.651E+03
 269.850	 0.000E+00	-2.684E+03	 1.608E+03
 269.900	 0.000E+00	-2.772E+03	 1.580E+03
 269.950	 0.000E+00	-2.859E+03	 1.561E+03
 270.000	 0.000E+00	-2.942E+03	 1.555E+03
 270.050	 0.000E+00	-3.021E+03	 1.539E+03
 270.100	 0.000E+00	-3.095E+03	 1.523E+03
 270.150	 0.000E+00	-3.165E+03	 1.523E+03
 270.200	 0.000E+00	-3.226E+03	 1.525E+03
 270.250	 0.000E+00	-3.280E+03	 1.546E+03
 270.300	 0.000E+00	-3.328E+03	 1.582E+03
 270.350	 0.000E+00	-3.370E+03	 1.629E+03
 270.400	 0.000E+00	-3.406E+03	 1.675E+03
 270.450	 0.000E+00	-3.435E+03	 1.726E+03
 270.500	 0.000E+00	-3.463E+03	 1.753E+03
 270.550	 0.000E+00	-3.483E+03	 1.795E+03
 270.600	 0.000E+00	-3.505E+03	 1.803E+03
 270.650	 0.000E+00	-3.522E+03	 1.826E+03
 270.700	 0.000E+00	-3.537E+03	 1.845E+03
 270.750	 0.000E+00	-3.548E+03	 1.871E+03
 270.800	 0.000E+00	-3.554E+03	 1.911E+03
 270.850	 0.000E+00	-3.556E+03	 1.948E+03
 270.900	 0.000E+00	-3.554E+03	 1.967E+03
 270.950	 0.000E+00	-3.544E+03	 1.967E+03
 271.000	 0.000E+00	-3.534E+03	 1.920E+03
 271.050	 0.000E+00	-3.517E+03	 1.854E+03
 271.100	 0.000E+00	-3.493E+03	 1.758E+03
 271.150	 0.000E+00	-3.464E+03	 1.669E+03
 271.200	 0.000E+00	-3.431E+03	 1.588E+03
 271.250	 0.000E+00	-3.388E+03	 1.547E+03
 271.300	 0.000E+00	-3.345E+03	 1.530E+03
 271.350	 0.000E+00	-3.296E+03	 1.534E+03
 271.400	 0.000E+00	-3.243E+03	 1.533E+03
 271.450	 0.000E+00	-3.189E+03	 1.533E+03
 271.500	 0.000E+00	-3.131E+03	 1.515E+03
 271.550	 0.000E+00	-3.070E+03	 1.482E+03
 271.600	 0.000E+00	-3.006E+03	 1.444E+03
 271.650	 0.000E+00	-2.942E+03	 1.423E+03
 271.700	 0.000E+00	-2.865E+03	 1.427E+03
 271.750	 0.000E+00	-2.790E+03	 1.429E+03
 271.800	 0.000E+00	-2.710E+03	 1.462E+03
 271.850	 0.000E+00	-2.626E+03	 1.477E+03
 271.900	 0.000E+00	-2.534E+03	 1.495E+03
 271.950	 0.000E+00	-2.443E+03	 1.511E+03
 272.000	 0.000E+00	-2.345E+03	 1.502E+03
 272.050	 0.000E+00	-2.239E+03	 1.488E+03
 272.100	 0.000E+00	-2.135E+03	 1.452E+03
 272.150	 0.000E+00	-2.028E+03	 1.416E+03
 272.200	 0.000E+00	-1.909E+03	 1.404E+03
 272.250	 0.000E+00	-1.800E+03	 1.396E+03
 272.300	 0.000E+00	-1.682E+03	 1.410E+03
 272.350	 0.000E+00	-1.562E+03	 1.432E+03
 272.400	 0.000E+00	-1.447E+03	 1.447E+03
 272.450	 0.000E+00	-1.329E+03	 1.446E+03
 272.500	 0.000E+00	-1.210E+03	 1.421E+03
 272.550	 0.000E+00	-1.095E+03	 1.376E+03
 272.600	 0.000E+00	-9.806E+02	 1.318E+03
 272.650	 0.000E+00	-8.578E+02	 1.272E+03
 272.700	 0.000E+00	-7.372E+02	 1.239E+03
 272.750	 0.000E+00	-6.124E+02	 1.227E+03
 272.800	 0.000E+00	-4.839E+02	 1.224E+03
 272.850	 0.000E+00	-3.534E+02	 1.224E+03
 272.900	 0.000E+00	-2.220E+02	 1.248E+03
 272.950	 0.000E+00	-8.830E+01	 1.250E+03
 273.000	 0.000E+00	 4.459E+01	 1.248E+03
 273.050	 0.000E+00	 1.747E+02	 1.226E+03
 273.100	 0.000E+00	 3.077E+02	 1.205E+03
 273.150	 0.000E+00	 4.393E+02	 1.194E+03
 273.200	 0.000E+00	 5.668E+02	 1.192E+03
 273.250	 0.000E+00	 6.967E+02	 1.191E+03
 273.300	 0.000E+00	 8.251E+02	 1.203E+03
 273.350	 0.000E+00	 9.475E+02	 1.229E+03
 273.400	 0.000E+00	 1.072E+03	 1.248E+03
 273.450	 0.000E+00	 1.192E+03	 1.250E+03
 273.500	 0.000E+00	 1.311E+03	 1.240E+03
 273.550	 0.000E+00	 1.424E+03	 1.216E+03
 273.600	 0.000E+00	 1.537E+03	 1.182E+03
 273.650	 0.000E+00	 1.647E+03	 1.141E+03
 273.700	 0.000E+00	 1.755E+03	 1.113E+03
 273.750	 0.000E+00	 1.862E+03	 1.093E+03
 273.800	 0.000E+00	 1.970E+03	 1.084E+03
 273.850	 0.000E+00	 2.076E+03	 1.102E+03
 273.900	 0.000E+00	 2.182E+03	 1.109E+03
 273.950	 0.000E+00	 2.287E+03	 1.129E+03
 274.000	 0.000E+00	 2.388E+03	 1.129E+03
 274.050	 0.000E+00	 2.489E+03	 1.128E+03
 274.100	 0.000E+00	 2.587E+03	 1.120E+03
 274.150	 0.000E+00	 2.679E+03	 1.097E+03
 274.200	 0.000E+00	 2.772E+03	 1.093E+03
 274.250	 0.000E+00	 2.858E+03	 1.088E+03
 274.300	 0.000E+00	 2.936E+03	 1.097E+03
 274.350	 0.000E+00	 3.010E+03	 1.121E+03
 274.400	 0.000E+00	 3.079E+03	 1.155E+03
 274.450	 0.000E+00	 3.141E+03	 1.188E+03
 274.500	 0.000E+00	 3.197E+03	 1.216E+03
 274.550	 0.000E+00	 3.249E+03	 1.233E+03
 274.600	 0.000E+00	 3.292E+03	 1.218E+03
 274.650	 0.000E+00	 3.332E+03	 1.217E+03
 274.700	 0.000E+00	 3.366E+03	 1.188E+03
 274.750	 0.000E+00	 3.400E+03	 1.195E+03
 274.800	 0.000E+00	 3.429E+03	 1.208E+03
 274.850	 0.000E+00	 3.457E+03	 1.245E+03
 274.900	 0.000E+00	 3.478E+03	 1.268E+03
 274.950	 0.000E+00	 3.501E+03	 1.304E+03
 275.000	 0.000E+00	 3.519E+03	 1.309E+03
 275.050	 0.000E+00	 3.538E+03	 1.314E+03
 275.100	 0.000E+00	 3.550E+03	 1.284E+03
 275.150	 0.000E+00	 3.560E+03	 1.271E+03
 275.200	 0.000E+00	 3.564E+03	 1.255E+03
 275.250	 0.000E+00	 3.565E+03	 1.260E+03
 275.300	 0.000E+00	 3.557E+03	 1.269E+03
 275.350	 0.000E+00	 3.543E+03	 1.295E+03
 275.400	 0.000E+00	 3.525E+03	 1.318E+03
 275.450	 0.000E+00	 3.498E+03	 1.328E+03
 275.500	 0.000E+00	 3.461E+03	 1.320E+03
 275.550	 0.000E+00	 3.420E+03	 1.301E+03
 275.600	 0.000E+00	 3.375E+03	 1.283E+03
 275.650	 0.000E+00	 3.325E+03	 1.268E+03
 275.700	 0.000E+00	 3.271E+03	 1.262E+03
 275.750	 0.000E+00	 3.215E+03	 1.280E+03
 275.800	 0.000E+00	 3.158E+03	 1.319E+03
 275.850	 0.000E+00	 3.100E+03	 1.357E+03
 275.900	 0.000E+00	 3.037E+03	 1.381E+03
 275.950	 0.000E+00	 2.973E+03	 1.394E+03
 276.000	 0.000E+00	 2.904E+03	 1.379E+03
 276.050	 0.000E+00	 2.831E+03	 1.369E+03
 276.100	 0.000E+00	 2.756E+03	 1.351E+03
 276.150	 0.000E+00	 2.676E+03	 1.353E+03
 276.200	 0.000E+00	 2.584E+03	 1.361E+03
 276.250	 0.000E+00	 2.497E+03	 1.408E+03
 276.300	 0.000E+00	 2.401E+03	 1.472E+03
 276.350	 0.000E+00	 2.303E+03	 1.562E+03
 276.400	 0.000E+00	 2.205E+03	 1.631E+03
 276.450	 0.000E+00	 2.101E+03	 1.688E+03
 276.500	 0.000E+00	 1.992E+03	 1.700E+03
 276.550	 0.000E+00	 1.883E+03	 1.687E+03
 276.600	 0.000E+00	 1.773E+03	 1.657E+03
 276.650	 0.000E+00	 1.656E+03	 1.618E+03
 276.700	 0.000E+00	 1.540E+03	 1.599E+03
 276.750	 0.000E+00	 1.426E+03	 1.611E+03
 276.800	 0.000E+00	 1.312E+03	 1.642E+03
 276.850	 0.000E+00	 1.195E+03	 1.692E+03
 276.900	 0.000E+00	 1.075E+03	 1.731E+03
 276.950	 0.000E+00	 9.559E+02	 1.759E+03
 277.000	 0.000E+00	 8.328E+02	 1.761E+03
 277.050	 0.000E+00	 7.076E+02	 1.740E+03
 277.100	 0.000E+00	 5.787E+02	 1.704E+03
 277.150	 0.000E+00	 4.486E+02	 1.681E+03
 277.200	 0.000E+00	 3.167E+02	 1.669E+03
 277.250	 0.000E+00	 1.834E+02	 1.659E+03
 277.300	 0.000E+00	 5.306E+01	 1.690E+03
 277.350	 0.000E+00	-8.248E+01	 1.717E+03
 277.400	 0.000E+00	-2.140E+02	 1.736E+03
 277.450	 0.000E+00	-3.404E+02	 1.744E+03
 277.500	 0.000E+00	-4.718E+02	 1.724E+03
 277.550	 0.000E+00	-6.001E+02	 1.689E+03
 277.600	 0.000E+00	-7.294E+02	 1.649E+03
 277.650	 0.000E+00	-8.549E+02	 1.622E+03
 277.700	 0.000E+00	-9.744E+02	 1.622E+03
 277.750	 0.000E+00	-1.095E+03	 1.639E+03
 277.800	 0.000E+00	-1.214E+03	 1.670E+03
 277.850	 0.000E+00	-1.329E+03	 1.713E+03
 277.900	 0.000E+00	-1.444E+03	 1.747E+03
 277.950	 0.000E+00	-1.556E+03	 1.738E+03
 278.000	 0.000E+00	-1.668E+03	 1.713E+03
 278.050	 0.000E+00	-1.781E+03	 1.666E+03
 278.100	 0.000E+00	-1.890E+03	 1.607E+03
 278.150	 0.000E+00	-2.000E+03	 1.556E+03
 278.200	 0.000E+00	-2.106E+03	 1.530E+03
 278.250	 0.000E+00	-2.213E+03	 1.529E+03
 278.300	 0.000E+00	-2.316E+03	 1.540E+03
 278.350	 0.000E+00	-2.417E+03	 1.569E+03
 278.400	 0.000E+00	-2.516E+03	 1.590E+03
 278.450	 0.000E+00	-2.609E+03	 1.603E+03
 278.500	 0.000E+00	-2.699E+03	 1.597E+03
 278.550	 0.000E+00	-2.787E+03	 1.566E+03
 278.600	 0.000E+00	-2.867E+03	 1.544E+03
 278.650	 0.000E+00	-2.942E+03	 1.521E+03
 278.700	 0.000E+00	-3.009E+03	 1.515E+03
 278.750	 0.000E+00	-3.073E+03	 1.517E+03
 278.800	 0.000E+00	-3.131E+03	 1.562E+03
 278.850	 0.000E+00	-3.185E+03	 1.617E+03
 278.900	 0.000E+00	-3.235E+03	 1.676E+03
 278.950	 0.000E+00	-3.281E+03	 1.735E+03
 279.000	 0.000E+00	-3.325E+03	 1.787E+03
 279.050	 0.000E+00	-3.367E+03	 1.812E+03
 279.100	 0.000E+00	-3.409E+03	 1.804E+03
 279.150	 0.000E+00	-3.445E+03	 1.777E+03
 279.200	 0.000E+00	-3.481E+03	 1.734E+03
 279.250	 0.000E+00	-3.511E+03	 1.686E+03
 279.300	 0.000E+00	-3.541E+03	 1.632E+03
 279.350	 0.000E+00	-3.562E+03	 1.603E+03
 279.400	 0.000E+00	-3.576E+03	 1.591E+03
 279.450	 0.000E+00	-3.586E+03	 1.600E+03
 279.500	 0.000E+00	-3.589E+03	 1.623E+03
 279.550	 0.000E+00	-3.584E+03	 1.655E+03
 279.600	 0.000E+00	-3.576E+03	 1.664E+03
 279.650	 0.000E+00	-3.560E+03	 1.650E+03
 279.700	 0.000E+00	-3.541E+03	 1.607E+03
 279.750	 0.000E+00	-3.518E+03	 1.552E+03
 279.800	 0.000E+00	-3.487E+03	 1.487E+03
 279.850	 0.000E+00	-3.454E+03	 1.444E+03
 279.900	 0.000E+00	-3.413E+03	 1.431E+03
 279.950	 0.000E+00	-3.374E+03	 1.436E+03
 280.000	 0.000E+00	-3.328E+03	 1.468E+03
 280.050	 0.000E+00	-3.280E+03	 1.500E+03
 280.100	 0.000E+00	-3.229E+03	 1.528E+03
 280.150	 0.000E+00	-3.178E+03	 1.508E+03
 280.200	 0.000E+00	-3.118E+03	 1.487E+03
 280.250	 0.000E+00	-3.060E+03	 1.444E+03
 280.300	 0.000E+00	-2.992E+03	 1.397E+03
 280.350	 0.000E+00	-2.921E+03	 1.399E+03
 280.400	 0.000E+00	-2.840E+03	 1.421E+03
 280.450	 0.000E+00	-2.754E+03	 1.469E+03
 280.500	 0.000E+00	-2.666E+03	 1.537E+03
 280.550	 0.000E+00	-2.566E+03	 1.603E+03
 280.600	 0.000E+00	-2.470E+03	 1.646E+03
 280.650	 0.000E+00	-2.369E+03	 1.655E+03
 280.700	 0.000E+00	-2.264E+03	 1.645E+03
 280.750	 0.000E+00	-2.160E+03	 1.601E+03
 280.800	 0.000E+00	-2.053E+03	 1.541E+03
 280.850	 0.000E+00	-1.947E+03	 1.496E+03
 280.900	 0.000E+00	-1.839E+03	 1.473E+03
 280.950	 0.000E+00	-1.730E+03	 1.468E+03
 281.000	 0.000E+00	-1.615E+03	 1.494E+03
 281.050	 0.000E+00	-1.505E+03	 1.522E+03
 281.100	 0.000E+00	-1.390E+03	 1.528E+03
 281.150	 0.000E+00	-1.275E+03	 1.507E+03
 281.200	 0.000E+00	-1.164E+03	 1.453E+03
 281.250	 0.000E+00	-1.045E+03	 1.386E+03
 281.300	 0.000E+00	-9.256E+02	 1.313E+03
 281.350	 0.000E+00	-8.054E+02	 1.257E+03
 281.400	 0.000E+00	-6.779E+02	 1.213E+03
 281.450	 0.000E+00	-5.498E+02	 1.210E+03
 281.500	 0.000E+00	-4.206E+02	 1.224E+03
 281.550	 0.000E+00	-2.881E+02	 1.262E+03
 281.600	 0.000E+00	-1.534E+02	 1.299E+03
 281.650	 0.000E+00	-2.030E+01	 1.337E+03
 281.700	 0.000E+00	 1.121E+02	 1.364E+03
 281.750	 0.000E+00	 2.469E+02	 1.365E+03
 281.800	 0.000E+00	 3.768E+02	 1.350E+03
 281.850	 0.000E+00	 5.034E+02	 1.346E+03
 281.900	 0.000E+00	 6.391E+02	 1.349E+03
 281.950	 0.000E+00	 7.660E+02	 1.370E+03
 282.000	 0.000E+00	 8.903E+02	 1.383E+03
 282.050	 0.000E+00	 1.018E+03	 1.418E+03
 282.100	 0.000E+00	 1.143E+03	 1.440E+03
 282.150	 0.000E+00	 1.261E+03	 1.437E+03
 282.200	 0.000E+00	 1.380E+03	 1.417E+03
 282.250	 0.000E+00	 1.499E+03	 1.379E+03
 282.300	 0.000E+00	 1.613E+03	 1.336E+03
 282.350	 0.000E+00	 1.728E+03	 1.266E+03
 282.400	 0.000E+00	 1.835E+03	 1.191E+03
 282.450	 0.000E+00	 1.941E+03	 1.139E+03
 282.500	 0.000E+00	 2.044E+03	 1.095E+03
 282.550	 0.000E+00	 2.144E+03	 1.094E+03
 282.600	 0.000E+00	 2.242E+03	 1.090E+03
 282.650	 0.000E+00	 2.335E+03	 1.089E+03
 282.700	 0.000E+00	 2.423E+03	 1.094E+03
 282.750	 0.000E+00	 2.514E+03	 1.093E+03
 282.800	 0.000E+00	 2.600E+03	 1.080E+03
 282.850	 0.000E+00	 2.682E+03	 1.070E+03
 282.900	 0.000E+00	 2.766E+03	 1.065E+03
 282.950	 0.000E+00	 2.848E+03	 1.057E+03
 283.000	 0.000E+00	 2.925E+03	 1.075E+03
 283.050	 0.000E+00	 2.999E+03	 1.090E+03
 283.100	 0.000E+00	 3.072E+03	 1.120E+03
 283.150	 0.000E+00	 3.141E+03	 1.165E+03
 283.200	 0.000E+00	 3.208E+03	 1.202E+03
 283.250	 0.000E+00	 3.267E+03	 1.223E+03
 283.300	 0.000E+00	 3.320E+03	 1.237E+03
 283.350	 0.000E+00	 3.371E+03	 1.269E+03
 283.400	 0.000E+00	 3.415E+03	 1.283E+03
 283.450	 0.000E+00	 3.446E+03	 1.274E+03
 283.500	 0.000E+00	 3.479E+03	 1.304E+03
 283.550	 0.000E+00	 3.505E+03	 1.331E+03
 283.600	 0.000E+00	 3.525E+03	 1.351E+03
 283.650	 0.000E+00	 3.538E+03	 1.346E+03
 283.700	 0.000E+00	 3.548E+03	 1.357E+03
 283.750	 0.000E+00	 3.553E+03	 1.365E+03
 283.800	 0.000E+00	 3.555E+03	 1.360E+03
 283.850	 0.000E+00	 3.550E+03	 1.340E+03
 283.900	 0.000E+00	 3.543E+03	 1.333E+03
 283.950	 0.000E+00	 3.535E+03	 1.332E+03
 284.000	 0.000E+00	 3.519E+03	 1.317E+03
 284.050	 0.000E+00	 3.499E+03	 1.306E+03
 284.100	 0.000E+00	 3.480E+03	 1.313E+03
 284.150	 0.000E+00	 3.457E+03	 1.323E+03
 284.200	 0.000E+00	 3.427E+03	 1.328E+03
 284.250	 0.000E+00	 3.395E+03	 1.328E+03
 284.300	 0.000E+00	 3.355E+03	 1.326E+03
 284.350	 0.000E+00	 3.307E+03	 1.327E+03
 284.400	 0.000E+00	 3.259E+03	 1.321E+03
 284.450	 0.000E+00	 3.202E+03	 1.318E+03
 284.500	 0.000E+00	 3.145E+03	 1.341E+03
 284.550	 0.000E+00	 3.081E+03	 1.345E+03
 284.600	 0.000E+00	 3.015E+03	 1.361E+03
 284.650	 0.000E+00	 2.941E+03	 1.382E+03
 284.700	 0.000E+00	 2.866E+03	 1.399E+03
 284.750	 0.000E+00	 2.789E+03	 1.424E+03
 284.800	 0.000E+00	 2.705E+03	 1.435E+03
 284.850	 0.000E+00	 2.622E+03	 1.457E+03
 284.900	 0.000E+00	 2.533E+03	 1.466E+03
 284.950	 0.000E+00	 2.445E+03	 1.496E+03
 285.000	 0.000E+00	 2.350E+03	 1.513E+03
 285.050	 0.000E+00	 2.258E+03	 1.559E+03
 285.100	 0.000E+00	 2.158E+03	 1.595E+03
 285.150	 0.000E+00	 2.064E+03	 1.655E+03
 285.200	 0.000E+00	 1.959E+03	 1.710E+03
 285.250	 0.000E+00	 1.854E+03	 1.769E+03
 285.300	 0.000E+00	 1.753E+03	 1.842E+03
 285.350	 0.000E+00	 1.644E+03	 1.912E+03
 285.400	 0.000E+00	 1.531E+03	 1.952E+03
 285.450	 0.000E+00	 1.418E+03	 1.999E+03
 285.500	 0.000E+00	 1.297E+03	 2.032E+03
 285.550	 0.000E+00	 1.178E+03	 2.058E+03
 285.600	 0.000E+00	 1.056E+03	 2.068E+03
 285.650	 0.000E+00	 9.278E+02	 2.076E+03
 285.700	 0.000E+00	 8.010E+02	 2.067E+03
 285.750	 0.000E+00	 6.733E+02	 2.055E+03
 285.800	 0.000E+00	 5.411E+02	 2.008E+03
 285.850	 0.000E+00	 4.088E+02	 1.961E+03
 285.900	 0.000E+00	 2.812E+02	 1.912E+03
 285.950	 0.000E+00	 1.560E+02	 1.862E+03
 286.000	 0.000E+00	 1.961E+01	 1.801E+03
 286.050	 0.000E+00	-1.124E+02	 1.752E+03
 286.100	 0.000E+00	-2.357E+02	 1.703E+03
 286.150	 0.000E+00	-3.694E+02	 1.652E+03
 286.200	 0.000E+00	-5.051E+02	 1.591E+03
 286.250	 0.000E+00	-6.305E+02	 1.535E+03
 286.300	 0.000E+00	-7.611E+02	 1.492E+03
 286.350	 0.000E+00	-8.921E+02	 1.451E+03
 286.400	 0.000E+00	-1.019E+03	 1.439E+03
 286.450	 0.000E+00	-1.144E+03	 1.441E+03
 286.500	 0.000E+00	-1.264E+03	 1.479E+03
 286.550	 0.000E+00	-1.384E+03	 1.514E+03
 286.600	 0.000E+00	-1.503E+03	 1.553E+03
 286.650	 0.000E+00	-1.616E+03	 1.574E+03
 286.700	 0.000E+00	-1.729E+03	 1.581E+03
 286.750	 0.000E+00	-1.843E+03	 1.581E+03
 286.800	 0.000E+00	-1.950E+03	 1.577E+03
 286.850	 0.000E+00	-2.051E+03	 1.583E+03
 286.900	 0.000E+00	-2.154E+03	 1.597E+03
 286.950	 0.000E+00	-2.253E+03	 1.625E+03
 287.000	 0.000E+00	-2.344E+03	 1.679E+03
 287.050	 0.000E+00	-2.433E+03	 1.715E+03
 287.100	 0.000E+00	-2.523E+03	 1.738E+03
 287.150	 0.000E+00	-2.609E+03	 1.735E+03
 287.200	 0.000E+00	-2.693E+03	 1.716E+03
 287.250	 0.000E+00	-2.780E+03	 1.665E+03
 287.300	 0.000E+00	-2.860E+03	 1.630E+03
 287.350	 0.000E+00	-2.937E+03	 1.612E+03
 287.400	 0.000E+00	-3.012E+03	 1.613E+03
 287.450	 0.000E+00	-3.083E+03	 1.638E+03
 287.500	 0.000E+00	-3.146E+03	 1.676E+03
 287.550	 0.000E+00	-3.206E+03	 1.721E+03
 287.600	 0.000E+00	-3.260E+03	 1.749E+03
 287.650	 0.000E+00	-3.311E+03	 1.756E+03
 287.700	 0.000E+00	-3.358E+03	 1.719E+03
 287.750	 0.000E+00	-3.397E+03	 1.671E+03
 287.800	 0.000E+00	-3.434E+03	 1.607E+03
 287.850	 0.000E+00	-3.464E+03	 1.560E+03
 287.900	 0.000E+00	-3.491E+03	 1.531E+03
 287.950	 0.000E+00	-3.513E+03	 1.522E+03
 288.000	 0.000E+00	-3.530E+03	 1.540E+03
 288.050	 0.000E+00	-3.547E+03	 1.555E+03
 288.100	 0.000E+00	-3.559E+03	 1.567E+03
 288.150	 0.000E+00	-3.566E+03	 1.552E+03
 288.200	 0.000E+00	-3.573E+03	 1.520E+03
 288.250	 0.000E+00	-3.576E+03	 1.472E+03
 288.300	 0.000E+00	-3.572E+03	 1.422E+03
 288.350	 0.000E+00	-3.569E+03	 1.376E+03
 288.400	 0.000E+00	-3.556E+03	 1.348E+03
 288.450	 0.000E+00	-3.540E+03	 1.329E+03
 288.500	 0.000E+00	-3.515E+03	 1.347E+03
 288.550	 0.000E+00	-3.483E+03	 1.364E+03
 288.600	 0.000E+00	-3.445E+03	 1.380E+03
 288.650	 0.000E+00	-3.401E+03	 1.383E+03
 288.700	 0.000E+00	-3.353E+03	 1.369E+03
 288.750	 0.000E+00	-3.299E+03	 1.348E+03
 288.800	 0.000E+00	-3.239E+03	 1.311E+03
 288.850	 0.000E+00	-3.176E+03	 1.300E+03
 288.900	 0.000E+00	-3.106E+03	 1.309E+03
 288.950	 0.000E+00	-3.032E+03	 1.336E+03
 289.000	 0.000E+00	-2.953E+03	 1.392E+03
 289.050	 0.000E+00	-2.875E+03	 1.443E+03
 289.100	 0.000E+00	-2.795E+03	 1.503E+03
 289.150	 0.000E+00	-2.707E+03	 1.534E+03
 289.200	 0.000E+00	-2.621E+03	 1.553E+03
 289.250	 0.000E+00	-2.532E+03	 1.545E+03
 289.300	 0.000E+00	-2.442E+03	 1.500E+03
 289.350	 0.000E+00	-2.347E+03	 1.459E+03
 289.400	 0.000E+00	-2.252E+03	 1.429E+03
 289.450	 0.000E+00	-2.152E+03	 1.405E+03
 289.500	 0.000E+00	-2.049E+03	 1.408E+03
 289.550	 0.000E+00	-1.944E+03	 1.414E+03
 289.600	 0.000E+00	-1.838E+03	 1.445E+03
 289.650	 0.000E+00	-1.724E+03	 1.457E+03
 289.700	 0.000E+00	-1.609E+03	 1.464E+03
 289.750	 0.000E+00	-1.493E+03	 1.442E+03
 289.800	 0.000E+00	-1.376E+03	 1.407E+03
 289.850	 0.000E+00	-1.256E+03	 1.350E+03
 289.900	 0.000E+00	-1.137E+03	 1.295E+03
 289.950	 0.000E+00	-1.014E+03	 1.257E+03
 290.000	 0.000E+00	-8.901E+02	 1.235E+03
 290.050	 0.000E+00	-7.653E+02	 1.255E+03
 290.100	 0.000E+00	-6.431E+02	 1.271E+03
 290.150	 0.000E+00	-5.136E+02	 1.304E+03
 290.200	 0.000E+00	-3.905E+02	 1.323E+03
 290.250	 0.000E+00	-2.651E+02	 1.332E+03
 290.300	 0.000E+00	-1.368E+02	 1.317E+03
 290.350	 0.000E+00	-9.697E+00	 1.310E+03
 290.400	 0.000E+00	 1.183E+02	 1.284E+03
 290.450	 0.000E+00	 2.520E+02	 1.265E+03
 290.500	 0.000E+00	 3.833E+02	 1.257E+03
 290.550	 0.000E+00	 5.151E+02	 1.265E+03
 290.600	 0.000E+00	 6.498E+02	 1.271E+03
 290.650	 0.000E+00	 7.798E+02	 1.294E+03
 290.700	 0.000E+00	 9.102E+02	 1.306E+03
 290.750	 0.000E+00	 1.039E+03	 1.310E+03
 290.800	 0.000E+00	 1.164E+03	 1.295E+03
 290.850	 0.000E+00	 1.287E+03	 1.271E+03
 290.900	 0.000E+00	 1.408E+03	 1.240E+03
 290.950	 0.000E+00	 1.525E+03	 1.203E+03
 291.000	 0.000E+00	 1.640E+03	 1.186E+03
 291.050	 0.000E+00	 1.755E+03	 1.173E+03
 291.100	 0.000E+00	 1.861E+03	 1.158E+03
 291.150	 0.000E+00	 1.963E+03	 1.147E+03
 291.200	 0.000E+00	 2.066E+03	 1.142E+03
 291.250	 0.000E+00	 2.165E+03	 1.149E+03
 291.300	 0.000E+00	 2.260E+03	 1.141E+03
 291.350	 0.000E+00	 2.353E+03	 1.146E+03
 291.400	 0.000E+00	 2.444E+03	 1.132E+03
 291.450	 0.000E+00	 2.533E+03	 1.124E+03
 291.500	 0.000E+00	 2.620E+03	 1.119E+03
 291.550	 0.000E+00	 2.708E+03	 1.114E+03
 291.600	 0.000E+00	 2.794E+03	 1.120E+03
 291.650	 0.000E+00	 2.876E+03	 1.123E+03
 291.700	 0.000E+00	 2.955E+03	 1.125E+03
 291.750	 0.000E+00	 3.030E+03	 1.140E+03
 291.800	 0.000E+00	 3.104E+03	 1.162E+03
 291.850	 0.000E+00	 3.172E+03	 1.174E+03
 291.900	 0.000E+00	 3.229E+03	 1.168E+03
 291.950	 0.000E+00	 3.282E+03	 1.168E+03
 292.000	 0.000E+00	 3.336E+03	 1.196E+03
 292.050	 0.000E+00	 3.380E+03	 1.186E+03
 292.100	 0.000E+00	 3.419E+03	 1.192E+03
 292.150	 0.000E+00	 3.453E+03	 1.194E+03
 292.200	 0.000E+00	 3.480E+03	 1.184E+03
 292.250	 0.000E+00	 3.503E+03	 1.191E+03
 292.300	 0.000E+00	 3.521E+03	 1.185E+03
 292.350	 0.000E+00	 3.535E+03	 1.202E+03
 292.400	 0.000E+00	 3.545E+03	 1.200E+03
 292.450	 0.000E+00	 3.552E+03	 1.200E+03
 292.500	 0.000E+00	 3.555E+03	 1.211E+03
 292.550	 0.000E+00	 3.553E+03	 1.218E+03
 292.600	 0.000E+00	 3.551E+03	 1.236E+03
 292.650	 0.000E+00	 3.541E+03	 1.251E+03
 292.700	 0.000E+00	 3.528E+03	 1.259E+03
 292.750	 0.000E+00	 3.513E+03	 1.281E+03
 292.800	 0.000E+00	 3.490E+03	 1.297E+03
 292.850	 0.000E+00	 3.465E+03	 1.319E+03
 292.900	 0.000E+00	 3.432E+03	 1.321E+03
 292.950	 0.000E+00	 3.397E+03	 1.347E+03
 293.000	 0.000E+00	 3.352E+03	 1.354E+03
 293.050	 0.000E+00	 3.307E+03	 1.365E+03
 293.100	 0.000E+00	 3.253E+03	 1.375E+03
 293.150	 0.000E+00	 3.193E+03	 1.376E+03
 293.200	 0.000E+00	 3.131E+03	 1.380E+03
 293.250	 0.000E+00	 3.063E+03	 1.391E+03
 293.300	 0.000E+00	 2.991E+03	 1.404E+03
 293.350	 0.000E+00	 2.918E+03	 1.417E+03
 293.400	 0.000E+00	 2.843E+03	 1.417E+03
 293.450	 0.000E+00	 2.763E+03	 1.414E+03
 293.500	 0.000E+00	 2.684E+03	 1.421E+03
 293.550	 0.000E+00	 2.603E+03	 1.404E+03
 293.600	 0.000E+00	 2.516E+03	 1.410E+03
 293.650	 0.000E+00	 2.428E+03	 1.419E+03
 293.700	 0.000E+00	 2.339E+03	 1.433E+03
 293.750	 0.000E+00	 2.246E+03	 1.472E+03
 293.800	 0.000E+00	 2.144E+03	 1.482E+03
 293.850	 0.000E+00	 2.046E+03	 1.509E+03
 293.900	 0.000E+00	 1.941E+03	 1.537E+03
 293.950	 0.000E+00	 1.834E+03	 1.569E+03
 294.000	 0.000E+00	 1.721E+03	 1.586E+03
 294.050	 0.000E+00	 1.612E+03	 1.638E+03
 294.100	 0.000E+00	 1.493E+03	 1.689E+03
 294.150	 0.000E+00	 1.373E+03	 1.726E+03
 294.200	 0.000E+00	 1.259E+03	 1.789E+03
 294.250	 0.000E+00	 1.133E+03	 1.828E+03
 294.300	 0.000E+00	 1.009E+03	 1.857E+03
 294.350	 0.000E+00	 8.875E+02	 1.874E+03
 294.400	 0.000E+00	 7.626E+02	 1.871E+03
 294.450	 0.000E+00	 6.345E+02	 1.857E+03
 294.500	 0.000E+00	 5.065E+02	 1.828E+03
 294.550	 0.000E+00	 3.826E+02	 1.811E+03
 294.600	 0.000E+00	 2.544E+02	 1.816E+03
 294.650	 0.000E+00	 1.286E+02	 1.844E+03
 294.700	 0.000E+00	 1.044E+01	 1.899E+03
 294.750	 0.000E+00	-1.198E+02	 1.918E+03
 294.800	 0.000E+00	-2.508E+02	 1.913E+03
 294.850	 0.000E+00	-3.742E+02	 1.887E+03
 294.900	 0.000E+00	-5.046E+02	 1.818E+03
 294.950	 0.000E+00	-6.366E+02	 1.729E+03
 295.000	 0.000E+00	-7.648E+02	 1.638E+03
 295.050	 0.000E+00	-8.911E+02	 1.585E+03
 295.100	 0.000E+00	-1.019E+03	 1.527E+03
 295.150	 0.000E+00	-1.146E+03	 1.517E+03
 295.200	 0.000E+00	-1.270E+03	 1.520E+03
 295.250	 0.000E+00	-1.390E+03	 1.540E+03
 295.300	 0.000E+00	-1.512E+03	 1.544E+03
 295.350	 0.000E+00	-1.630E+03	 1.542E+03
 295.400	 0.000E+00	-1.745E+03	 1.518E+03
 295.450	 0.000E+00	-1.858E+03	 1.488E+03
 295.500	 0.000E+00	-1.967E+03	 1.460E+03
 295.550	 0.000E+00	-2.072E+03	 1.460E+03
 295.600	 0.000E+00	-2.174E+03	 1.497E+03
 295.650	 0.000E+00	-2.265E+03	 1.572E+03
 295.700	 0.000E+00	-2.354E+03	 1.655E+03
 295.750	 0.000E+00	-2.443E+03	 1.730E+03
 295.800	 0.000E+00	-2.530E+03	 1.791E+03
 295.850	 0.000E+00	-2.615E+03	 1.817E+03
 295.900	 0.000E+00	-2.699E+03	 1.817E+03
 295.950	 0.000E+00	-2.779E+03	 1.809E+03
 296.000	 0.000E+00	-2.855E+03	 1.820E+03
 296.050	 0.000E+00	-2.928E+03	 1.846E+03
 296.100	 0.000E+00	-2.998E+03	 1.878E+03
 296.150	 0.000E+00	-3.062E+03	 1.926E+03
 296.200	 0.000E+00	-3.124E+03	 1.971E+03
 296.250	 0.000E+00	-3.183E+03	 1.986E+03
 296.300	 0.000E+00	-3.237E+03	 1.980E+03
 296.350	 0.000E+00	-3.288E+03	 1.944E+03
 296.400	 0.000E+00	-3.337E+03	 1.886E+03
 296.450	 0.000E+00	-3.382E+03	 1.809E+03
 296.500	 0.000E+00	-3.426E+03	 1.727E+03
 296.550	 0.000E+00	-3.463E+03	 1.657E+03
 296.600	 0.000E+00	-3.497E+03	 1.598E+03
 296.650	 0.000E+00	-3.524E+03	 1.555E+03
 296.700	 0.000E+00	-3.546E+03	 1.527E+03
 296.750	 0.000E+00	-3.562E+03	 1.502E+03
 296.800	 0.000E+00	-3.573E+03	 1.487E+03
 296.850	 0.000E+00	-3.579E+03	 1.471E+03
 296.900	 0.000E+00	-3.579E+03	 1.454E+03
 296.950	 0.000E+00	-3.575E+03	 1.447E+03
 297.000	 0.000E+00	-3.564E+03	 1.453E+03
 297.050	 0.000E+00	-3.547E+03	 1.478E+03
 297.100	 0.000E+00	-3.525E+03	 1.522E+03
 297.150	 0.000E+00	-3.502E+03	 1.571E+03
 297.200	 0.000E+00	-3.470E+03	 1.631E+03
 297.250	 0.000E+00	-3.435E+03	 1.695E+03
 297.300	 0.000E+00	-3.395E+03	 1.730E+03
 297.350	 0.000E+00	-3.352E+03	 1.753E+03
 297.400	 0.000E+00	-3.304E+03	 1.739E+03
 297.450	 0.000E+00	-3.251E+03	 1.709E+03
 297.500	 0.000E+00	-3.204E+03	 1.637E+03
 297.550	 0.000E+00	-3.141E+03	 1.566E+03
 297.600	 0.000E+00	-3.086E+03	 1.501E+03
 297.650	 0.000E+00	-3.022E+03	 1.447E+03
 297.700	 0.000E+00	-2.951E+03	 1.424E+03
 297.750	 0.000E+00	-2.883E+03	 1.425E+03
 297.800	 0.000E+00	-2.805E+03	 1.418E+03
 297.850	 0.000E+00	-2.724E+03	 1.416E+03
 297.900	 0.000E+00	-2.644E+03	 1.416E+03
 297.950	 0.000E+00	-2.557E+03	 1.385E+03
 298.000	 0.000E+00	-2.466E+03	 1.354E+03
 298.050	 0.000E+00	-2.372E+03	 1.317E+03
 298.100	 0.000E+00	-2.273E+03	 1.284E+03
 298.150	 0.000E+00	-2.170E+03	 1.261E+03
 298.200	 0.000E+00	-2.064E+03	 1.249E+03
 298.250	 0.000E+00	-1.957E+03	 1.246E+03
 298.300	 0.000E+00	-1.844E+03	 1.257E+03
 298.350	 0.000E+00	-1.729E+03	 1.276E+03
 298.400	 0.000E+00	-1.613E+03	 1.297E+03
 298.450	 0.000E+00	-1.493E+03	 1.308E+03
 298.500	 0.000E+00	-1.371E+03	 1.312E+03
 298.550	 0.000E+00	-1.251E+03	 1.295E+03
 298.600	 0.000E+00	-1.129E+03	 1.290E+03
 298.650	 0.000E+00	-1.006E+03	 1.276E+03
 298.700	 0.000E+00	-8.815E+02	 1.270E+03
 298.750	 0.000E+00	-7.591E+02	 1.269E+03
 298.800	 0.000E+00	-6.327E+02	 1.265E+03
 298.850	 0.000E+00	-5.060E+02	 1.261E+03
 298.900	 0.000E+00	-3.838E+02	 1.241E+03
 298.950	 0.000E+00	-2.596E+02	 1.227E+03
 299.000	 0.000E+00	-1.347E+02	 1.240E+03
 299.050	 0.000E+00	-8.115E+00	 1.247E+03
 299.100	 0.000E+00	 1.191E+02	 1.264E+03
 299.150	 0.000E+00	 2.501E+02	 1.298E+03
 299.200	 0.000E+00	 3.789E+02	 1.315E+03
 299.250	 0.000E+00	 5.111E+02	 1.340E+03
 299.300	 0.000E+00	 6.439E+02	 1.349E+03
 299.350	 0.000E+00	 7.738E+02	 1.340E+03
 299.400	 0.000E+00	 9.051E+02	 1.329E+03
 299.450	 0.000E+00	 1.033E+03	 1.295E+03
 299.500	 0.000E+00	 1.163E+03	 1.255E+03
 299.550	 0.000E+00	 1.285E+03	 1.218E+03
 299.600	 0.000E+00	 1.407E+03	 1.199E+03
 299.650	 0.000E+00	 1.527E+03	 1.181E+03
 299.700	 0.000E+00	 1.638E+03	 1.166E+03
 299.750	 0.000E+00	 1.751E+03	 1.175E+03
 299.800	 0.000E+00	 1.859E+03	 1.165E+03
 299.850	 0.000E+00	 1.960E+03	 1.151E+03
 299.900	 0.000E+00	 2.061E+03	 1.135E+03
 299.950	 0.000E+00	 2.158E+03	 1.121E+03
 300.000	 0.000E+00	 2.253E+03	 1.110E+03
 300.050	 0.000E+00	 2.347E+03	 1.117E+03
 300.100	 0.000E+00	 2.442E+03	 1.126E+03
 300.150	 0.000E+00	 2.534E+03	 1.138E+03
 300.200	 0.000E+00	 2.624E+03	 1.153E+03
 300.250	 0.000E+00	 2.714E+03	 1.158E+03
 300.300	 0.000E+00	 2.800E+03	 1.157E+03
 300.350	 0.000E+00	 2.885E+03	 1.157E+03
 300.400	 0.000E+00	 2.967E+03	 1.155E+03
 300.450	 0.000E+00	 3.042E+03	 1.143E+03
 300.500	 0.000E+00	 3.109E+03	 1.140E+03
 300.550	 0.000E+00	 3.175E+03	 1.162E+03
 300.600	 0.000E+00	 3.231E+03	 1.173E+03
 300.650	 0.000E+00	 3.281E+03	 1.209E+03
 300.700	 0.000E+00	 3.327E+03	 1.224E+03
 300.750	 0.000E+00	 3.368E+03	 1.239E+03
 300.800	 0.000E+00	 3.401E+03	 1.222E+03
 300.850	 0.000E+00	 3.432E+03	 1.211E+03
 300.900	 0.000E+00	 3.458E+03	 1.200E+03
 300.950	 0.000E+00	 3.483E+03	 1.188E+03
 301.000	 0.000E+00	 3.504E+03	 1.197E+03
 301.050	 0.000E+00	 3.524E+03	 1.217E+03
 301.100	 0.000E+00	 3.539E+03	 1.232E+03
 301.150	 0.000E+00	 3.556E+03	 1.262E+03
 301.200	 0.000E+00	 3.564E+03	 1.267E+03
 301.250	 0.000E+00	 3.570E+03	 1.258E+03
 301.300	 0.000E+00	 3.571E+03	 1.247E+03
 301.350	 0.000E+00	 3.564E+03	 1.228E+03
 301.400	 0.000E+00	 3.553E+03	 1.206E+03
 301.450	 0.000E+00	 3.536E+03	 1.194E+03
 301.500	 0.000E+00	 3.513E+03	 1.204E+03
 301.550	 0.000E+00	 3.481E+03	 1.217E+03
 301.600	 0.000E+00	 3.444E+03	 1.225E+03
 301.650	 0.000E+00	 3.400E+03	 1.257E+03
 301.700	 0.000E+00	 3.353E+03	 1.279E+03
 301.750	 0.000E+00	 3.299E+03	 1.280E+03
 301.800	 0.000E+00	 3.242E+03	 1.289E+03
 301.850	 0.000E+00	 3.180E+03	 1.275E+03
 301.900	 0.000E+00	 3.120E+03	 1.279E+03
 301.950	 0.000E+00	 3.058E+03	 1.272E+03
 302.000	 0.000E+00	 2.993E+03	 1.273E+03
 302.050	 0.000E+00	 2.928E+03	 1.298E+03
 302.100	 0.000E+00	 2.860E+03	 1.324E+03
 302.150	 0.000E+00	 2.789E+03	 1.352E+03
 302.200	 0.000E+00	 2.715E+03	 1.387E+03
 302.250	 0.000E+00	 2.636E+03	 1.403E+03
 302.300	 0.000E+00	 2.549E+03	 1.415E+03
 302.350	 0.000E+00	 2.458E+03	 1.414E+03
 302.400	 0.000E+00	 2.360E+03	 1.402E+03
 302.450	 0.000E+00	 2.258E+03	 1.394E+03
 302.500	 0.000E+00	 2.153E+03	 1.397E+03
 302.550	 0.000E+00	 2.043E+03	 1.411E+03
 302.600	 0.000E+00	 1.931E+03	 1.428E+03
 302.650	 0.000E+00	 1.819E+03	 1.451E+03
 302.700	 0.000E+00	 1.706E+03	 1.487E+03
 302.750	 0.000E+00	 1.590E+03	 1.498E+03
 302.800	 0.000E+00	 1.478E+03	 1.509E+03
 302.850	 0.000E+00	 1.362E+03	 1.504E+03
 302.900	 0.000E+00	 1.244E+03	 1.489E+03
 302.950	 0.000E+00	 1.128E+03	 1.474E+03
 303.000	 0.000E+00	 1.012E+03	 1.477E+03
 303.050	 0.000E+00	 8.893E+02	 1.483E+03
 303.100	 0.000E+00	 7.698E+02	 1.512E+03
 303.150	 0.000E+00	 6.513E+02	 1.543E+03
 303.200	 0.000E+00	 5.220E+02	 1.561E+03
 303.250	 0.000E+00	 3.914E+02	 1.575E+03
 303.300	 0.000E+00	 2.631E+02	 1.612E+03
 303.350	 0.000E+00	 1.321E+02	 1.656E+03
 303.400	 0.000E+00	 7.971E-01	 1.693E+03
 303.450	 0.000E+00	-1.288E+02	 1.740E+03
 303.500	 0.000E+00	-2.587E+02	 1.783E+03
 303.550	 0.000E+00	-3.895E+02	 1.805E+03
 303.600	 0.000E+00	-5.150E+02	 1.809E+03
 303.650	 0.000E+00	-6.378E+02	 1.804E+03
 303.700	 0.000E+00	-7.614E+02	 1.783E+03
 303.750	 0.000E+00	-8.821E+02	 1.742E+03
 303.800	 0.000E+00	-9.983E+02	 1.712E+03
 303.850	 0.000E+00	-1.117E+03	 1.694E+03
 303.900	 0.000E+00	-1.232E+03	 1.673E+03
 303.950	 0.000E+00	-1.351E+03	 1.652E+03
 304.000	 0.000E+00	-1.470E+03	 1.647E+03
 304.050	 0.000E+00	-1.584E+03	 1.645E+03
 304.100	 0.000E+00	-1.702E+03	 1.612E+03
 304.150	 0.000E+00	-1.822E+03	 1.572E+03
 304.200	 0.000E+00	-1.937E+03	 1.545E+03
 304.250	 0.000E+00	-2.049E+03	 1.507E+03
 304.300	 0.000E+00	-2.165E+03	 1.479E+03
 304.350	 0.000E+00	-2.272E+03	 1.460E+03
 304.400	 0.000E+00	-2.369E+03	 1.462E+03
 304.450	 0.000E+00	-2.471E+03	 1.448E+03
 304.500	 0.000E+00	-2.566E+03	 1.445E+03
 304.550	 0.000E+00	-2.650E+03	 1.458E+03
 304.600	 0.000E+00	-2.733E+03	 1.455E+03
 304.650	 0.000E+00	-2.811E+03	 1.465E+03
 304.700	 0.000E+00	-2.879E+03	 1.496E+03
 304.750	 0.000E+00	-2.944E+03	 1.509E+03
 304.800	 0.000E+00	-3.009E+03	 1.501E+03
 304.850	 0.000E+00	-3.068E+03	 1.501E+03
 304.900	 0.000E+00	-3.125E+03	 1.504E+03
 304.950	 0.000E+00	-3.183E+03	 1.508E+03
 305.000	 0.000E+00	-3.235E+03	 1.533E+03
 305.050	 0.000E+00	-3.285E+03	 1.566E+03
 305.100	 0.000E+00	-3.334E+03	 1.609E+03
 305.150	 0.000E+00	-3.381E+03	 1.648E+03
 305.200	 0.000E+00	-3.423E+03	 1.687E+03
 305.250	 0.000E+00	-3.463E+03	 1.706E+03
 305.300	 0.000E+00	-3.498E+03	 1.695E+03
 305.350	 0.000E+00	-3.527E+03	 1.683E+03
 305.400	 0.000E+00	-3.550E+03	 1.653E+03
 305.450	 0.000E+00	-3.565E+03	 1.630E+03
 305.500	 0.000E+00	-3.573E+03	 1.624E+03
 305.550	 0.000E+00	-3.573E+03	 1.627E+03
 305.600	 0.000E+00	-3.567E+03	 1.644E+03
 305.650	 0.000E+00	-3.555E+03	 1.670E+03
 305.700	 0.000E+00	-3.536E+03	 1.689E+03
 305.750	 0.000E+00	-3.517E+03	 1.685E+03
 305.800	 0.000E+00	-3.492E+03	 1.664E+03
 305.850	 0.000E+00	-3.470E+03	 1.619E+03
 305.900	 0.000E+00	-3.441E+03	 1.583E+03
 305.950	 0.000E+00	-3.411E+03	 1.561E+03
 306.000	 0.000E+00	-3.381E+03	 1.555E+03
 306.050	 0.000E+00	-3.344E+03	 1.582E+03
 306.100	 0.000E+00	-3.306E+03	 1.618E+03
 306.150	 0.000E+00	-3.262E+03	 1.648E+03
 306.200	 0.000E+00	-3.217E+03	 1.641E+03
 306.250	 0.000E+00	-3.171E+03	 1.596E+03
 306.300	 0.000E+00	-3.111E+03	 1.514E+03
 306.350	 0.000E+00	-3.059E+03	 1.407E+03
 306.400	 0.000E+00	-2.992E+03	 1.309E+03
 306.450	 0.000E+00	-2.918E+03	 1.236E+03
 306.500	 0.000E+00	-2.844E+03	 1.194E+03
 306.550	 0.000E+00	-2.759E+03	 1.185E+03
 306.600	 0.000E+00	-2.673E+03	 1.191E+03
 306.650	 0.000E+00	-2.580E+03	 1.210E+03
 306.700	 0.000E+00	-2.485E+03	 1.210E+03
 306.750	 0.000E+00	-2.389E+03	 1.189E+03
 306.800	 0.000E+00	-2.284E+03	 1.159E+03
 306.850	 0.000E+00	-2.187E+03	 1.113E+03
 306.900	 0.000E+00	-2.089E+03	 1.053E+03
 306.950	 0.000E+00	-1.979E+03	 1.032E+03
 307.000	 0.000E+00	-1.879E+03	 1.026E+03
 307.050	 0.000E+00	-1.771E+03	 1.061E+03
 307.100	 0.000E+00	-1.659E+03	 1.123E+03
 307.150	 0.000E+00	-1.548E+03	 1.205E+03
 307.200	 0.000E+00	-1.431E+03	 1.264E+03
 307.250	 0.000E+00	-1.310E+03	 1.296E+03
 307.300	 0.000E+00	-1.189E+03	 1.312E+03
 307.350	 0.000E+00	-1.067E+03	 1.287E+03
 307.400	 0.000E+00	-9.352E+02	 1.270E+03
 307.450	 0.000E+00	-8.067E+02	 1.251E+03
 307.500	 0.000E+00	-6.695E+02	 1.252E+03
 307.550	 0.000E+00	-5.323E+02	 1.255E+03
 307.600	 0.000E+00	-3.990E+02	 1.255E+03
 307.650	 0.000E+00	-2.699E+02	 1.251E+03
 307.700	 0.000E+00	-1.353E+02	 1.230E+03
 307.750	 0.000E+00	-9.569E+00	 1.176E+03
 307.800	 0.000E+00	 1.103E+02	 1.133E+03
 307.850	 0.000E+00	 2.308E+02	 1.081E+03
 307.900	 0.000E+00	 3.513E+02	 1.040E+03
 307.950	 0.000E+00	 4.654E+02	 1.018E+03
 308.000	 0.000E+00	 5.811E+02	 1.015E+03
 308.050	 0.000E+00	 7.017E+02	 1.020E+03
 308.100	 0.000E+00	 8.175E+02	 1.035E+03
 308.150	 0.000E+00	 9.341E+02	 1.042E+03
 308.200	 0.000E+00	 1.060E+03	 1.040E+03
 308.250	 0.000E+00	 1.181E+03	 1.030E+03
 308.300	 0.000E+00	 1.302E+03	 1.008E+03
 308.350	 0.000E+00	 1.432E+03	 9.890E+02
 308.400	 0.000E+00	 1.558E+03	 9.824E+02
 308.450	 0.000E+00	 1.683E+03	 9.937E+02
 308.500	 0.000E+00	 1.807E+03	 9.998E+02
 308.550	 0.000E+00	 1.928E+03	 1.039E+03
 308.600	 0.000E+00	 2.046E+03	 1.076E+03
 308.650	 0.000E+00	 2.153E+03	 1.094E+03
 308.700	 0.000E+00	 2.254E+03	 1.114E+03
 308.750	 0.000E+00	 2.351E+03	 1.111E+03
 308.800	 0.000E+00	 2.437E+03	 1.106E+03
 308.850	 0.000E+00	 2.521E+03	 1.117E+03
 308.900	 0.000E+00	 2.601E+03	 1.117E+03
 308.950	 0.000E+00	 2.678E+03	 1.138E+03
 309.000	 0.000E+00	 2.754E+03	 1.162E+03
 309.050	 0.000E+00	 2.830E+03	 1.191E+03
 309.100	 0.000E+00	 2.902E+03	 1.195E+03
 309.150	 0.000E+00	 2.974E+03	 1.184E+03
 309.200	 0.000E+00	 3.047E+03	 1.177E+03
 309.250	 0.000E+00	 3.115E+03	 1.147E+03
 309.300	 0.000E+00	 3.180E+03	 1.115E+03
 309.350	 0.000E+00	 3.244E+03	 1.096E+03
 309.400	 0.000E+00	 3.303E+03	 1.081E+03
 309.450	 0.000E+00	 3.357E+03	 1.090E+03
 309.500	 0.000E+00	 3.403E+03	 1.088E+03
 309.550	 0.000E+00	 3.444E+03	 1.102E+03
 309.600	 0.000E+00	 3.479E+03	 1.123E+03
 309.650	 0.000E+00	 3.503E+03	 1.124E+03
 309.700	 0.000E+00	 3.522E+03	 1.147E+03
 309.750	 0.000E+00	 3.531E+03	 1.143E+03
 309.800	 0.000E+00	 3.539E+03	 1.148E+03
 309.850	 0.000E+00	 3.543E+03	 1.155E+03
 309.900	 0.000E+00	 3.544E+03	 1.160E+03
 309.950	 0.000E+00	 3.541E+03	 1.153E+03
 310.000	 0.000E+00	 3.538E+03	 1.171E+03
 310.050	 0.000E+00	 3.529E+03	 1.179E+03
 310.100	 0.000E+00	 3.522E+03	 1.193E+03
 310.150	 0.000E+00	 3.513E+03	 1.201E+03
 310.200	 0.000E+00	 3.502E+03	 1.216E+03
 310.250	 0.000E+00	 3.486E+03	 1.211E+03
 310.300	 0.000E+00	 3.468E+03	 1.208E+03
 310.350	 0.000E+00	 3.439E+03	 1.201E+03
 310.400	 0.000E+00	 3.404E+03	 1.205E+03
 310.450	 0.000E+00	 3.364E+03	 1.204E+03
 310.500	 0.000E+00	 3.316E+03	 1.212E+03
 310.550	 0.000E+00	 3.254E+03	 1.198E+03
 310.600	 0.000E+00	 3.198E+03	 1.226E+03
 310.650	 0.000E+00	 3.128E+03	 1.234E+03
 310.700	 0.000E+00	 3.056E+03	 1.238E+03
 310.750	 0.000E+00	 2.982E+03	 1.249E+03
 310.800	 0.000E+00	 2.903E+03	 1.256E+03
 310.850	 0.000E+00	 2.824E+03	 1.273E+03
 310.900	 0.000E+00	 2.744E+03	 1.274E+03
 310.950	 0.000E+00	 2.665E+03	 1.279E+03
 311.000	 0.000E+00	 2.581E+03	 1.284E+03
 311.050	 0.000E+00	 2.496E+03	 1.290E+03
 311.100	 0.000E+00	 2.409E+03	 1.295E+03
 311.150	 0.000E+00	 2.322E+03	 1.318E+03
 311.200	 0.000E+00	 2.227E+03	 1.314E+03
 311.250	 0.000E+00	 2.134E+03	 1.328E+03
 311.300	 0.000E+00	 2.035E+03	 1.330E+03
 311.350	 0.000E+00	 1.927E+03	 1.330E+03
 311.400	 0.000E+00	 1.821E+03	 1.338E+03
 311.450	 0.000E+00	 1.707E+03	 1.330E+03
 311.500	 0.000E+00	 1.591E+03	 1.353E+03
 311.550	 0.000E+00	 1.472E+03	 1.357E+03
 311.600	 0.000E+00	 1.350E+03	 1.370E+03
 311.650	 0.000E+00	 1.225E+03	 1.372E+03
 311.700	 0.000E+00	 1.098E+03	 1.373E+03
 311.750	 0.000E+00	 9.736E+02	 1.387E+03
 311.800	 0.000E+00	 8.460E+02	 1.375E+03
 311.850	 0.000E+00	 7.194E+02	 1.383E+03
 311.900	 0.000E+00	 5.950E+02	 1.384E+03
 311.950	 0.000E+00	 4.714E+02	 1.387E+03
 312.000	 0.000E+00	 3.481E+02	 1.402E+03
 312.050	 0.000E+00	 2.258E+02	 1.418E+03
 312.100	 0.000E+00	 1.072E+02	 1.436E+03
 312.150	 0.000E+00	-2.300E+01	 1.455E+03
 312.200	 0.000E+00	-1.409E+02	 1.462E+03
 312.250	 0.000E+00	-2.666E+02	 1.472E+03
 312.300	 0.000E+00	-3.954E+02	 1.467E+03
 312.350	 0.000E+00	-5.213E+02	 1.479E+03
 312.400	 0.000E+00	-6.436E+02	 1.491E+03
 312.450	 0.000E+00	-7.756E+02	 1.506E+03
 312.500	 0.000E+00	-9.049E+02	 1.534E+03
 312.550	 0.000E+00	-1.023E+03	 1.562E+03
 312.600	 0.000E+00	-1.149E+03	 1.566E+03
 312.650	 0.000E+00	-1.275E+03	 1.564E+03
 312.700	 0.000E+00	-1.393E+03	 1.556E+03
 312.750	 0.000E+00	-1.508E+03	 1.546E+03
 312.800	 0.000E+00	-1.625E+03	 1.545E+03
 312.850	 0.000E+00	-1.736E+03	 1.555E+03
 312.900	 0.000E+00	-1.839E+03	 1.572E+03
 312.950	 0.000E+00	-1.944E+03	 1.577E+03
 313.000	 0.000E+00	-2.049E+03	 1.591E+03
 313.050	 0.000E+00	-2.148E+03	 1.586E+03
 313.100	 0.000E+00	-2.246E+03	 1.569E+03
 313.150	 0.000E+00	-2.343E+03	 1.549E+03
 313.200	 0.000E+00	-2.437E+03	 1.522E+03
 313.250	 0.000E+00	-2.530E+03	 1.487E+03
 313.300	 0.000E+00	-2.626E+03	 1.452E+03
 313.350	 0.000E+00	-2.713E+03	 1.445E+03
 313.400	 0.000E+00	-2.795E+03	 1.453E+03
 313.450	 0.000E+00	-2.879E+03	 1.458E+03
 313.500	 0.000E+00	-2.959E+03	 1.474E+03
 313.550	 0.000E+00	-3.028E+03	 1.490E+03
 313.600	 0.000E+00	-3.094E+03	 1.487E+03
 313.650	 0.000E+00	-3.157E+03	 1.460E+03
 313.700	 0.000E+00	-3.211E+03	 1.449E+03
 313.750	 0.000E+00	-3.258E+03	 1.437E+03
 313.800	 0.000E+00	-3.302E+03	 1.420E+03
 313.850	 0.000E+00	-3.337E+03	 1.431E+03
 313.900	 0.000E+00	-3.370E+03	 1.438E+03
 313.950	 0.000E+00	-3.401E+03	 1.460E+03
 314.000	 0.000E+00	-3.429E+03	 1.475E+03
 314.050	 0.000E+00	-3.455E+03	 1.497E+03
 314.100	 0.000E+00	-3.482E+03	 1.505E+03
 314.150	 0.000E+00	-3.504E+03	 1.508E+03
 314.200	 0.000E+00	-3.525E+03	 1.511E+03
 314.250	 0.000E+00	-3.546E+03	 1.492E+03
 314.300	 0.000E+00	-3.559E+03	 1.477E+03
 314.350	 0.000E+00	-3.573E+03	 1.458E+03
 314.400	 0.000E+00	-3.580E+03	 1.440E+03
 314.450	 0.000E+00	-3.581E+03	 1.430E+03
 314.500	 0.000E+00	-3.573E+03	 1.440E+03
 314.550	 0.000E+00	-3.559E+03	 1.465E+03
 314.600	 0.000E+00	-3.534E+03	 1.496E+03
 314.650	 0.000E+00	-3.503E+03	 1.518E+03
 314.700	 0.000E+00	-3.466E+03	 1.557E+03
 314.750	 0.000E+00	-3.422E+03	 1.587E+03
 314.800	 0.000E+00	-3.371E+03	 1.610E+03
 314.850	 0.000E+00	-3.317E+03	 1.626E+03
 314.900	 0.000E+00	-3.256E+03	 1.635E+03
 314.950	 0.000E+00	-3.198E+03	 1.632E+03
 315.000	 0.000E+00	-3.136E+03	 1.626E+03
 315.050	 0.000E+00	-3.076E+03	 1.600E+03
 315.100	 0.000E+00	-3.012E+03	 1.577E+03
 315.150	 0.000E+00	-2.951E+03	 1.568E+03
 315.200	 0.000E+00	-2.888E+03	 1.540E+03
 315.250	 0.000E+00	-2.824E+03	 1.531E+03
 315.300	 0.000E+00	-2.750E+03	 1.537E+03
 315.350	 0.000E+00	-2.682E+03	 1.537E+03
 315.400	 0.000E+00	-2.603E+03	 1.508E+03
 315.450	 0.000E+00	-2.523E+03	 1.470E+03
 315.500	 0.000E+00	-2.438E+03	 1.416E+03
 315.550	 0.000E+00	-2.341E+03	 1.351E+03
 315.600	 0.000E+00	-2.242E+03	 1.266E+03
 315.650	 0.000E+00	-2.139E+03	 1.208E+03
 315.700	 0.000E+00	-2.035E+03	 1.157E+03
 315.750	 0.000E+00	-1.921E+03	 1.126E+03
 315.800	 0.000E+00	-1.808E+03	 1.115E+03
 315.850	 0.000E+00	-1.696E+03	 1.124E+03
 315.900	 0.000E+00	-1.577E+03	 1.144E+03
 315.950	 0.000E+00	-1.457E+03	 1.174E+03
 316.000	 0.000E+00	-1.341E+03	 1.209E+03
 316.050	 0.000E+00	-1.218E+03	 1.224E+03
 316.100	 0.000E+00	-1.093E+03	 1.225E+03
 316.150	 0.000E+00	-9.743E+02	 1.212E+03
 316.200	 0.000E+00	-8.552E+02	 1.201E+03
 316.250	 0.000E+00	-7.305E+02	 1.192E+03
 316.300	 0.000E+00	-6.030E+02	 1.205E+03
 316.350	 0.000E+00	-4.787E+02	 1.221E+03
 316.400	 0.000E+00	-3.532E+02	 1.225E+03
 316.450	 0.000E+00	-2.242E+02	 1.219E+03
 316.500	 0.000E+00	-9.910E+01	 1.197E+03
 316.550	 0.000E+00	 2.689E+01	 1.155E+03
 316.600	 0.000E+00	 1.510E+02	 1.107E+03
 316.650	 0.000E+00	 2.796E+02	 1.066E+03
 316.700	 0.000E+00	 4.045E+02	 1.041E+03
 316.750	 0.000E+00	 5.260E+02	 1.035E+03
 316.800	 0.000E+00	 6.570E+02	 1.037E+03
 316.850	 0.000E+00	 7.791E+02	 1.056E+03
 316.900	 0.000E+00	 8.992E+02	 1.077E+03
 316.950	 0.000E+00	 1.024E+03	 1.089E+03
 317.000	 0.000E+00	 1.146E+03	 1.090E+03
 317.050	 0.000E+00	 1.262E+03	 1.072E+03
 317.100	 0.000E+00	 1.383E+03	 1.050E+03
 317.150	 0.000E+00	 1.498E+03	 1.023E+03
 317.200	 0.000E+00	 1.614E+03	 1.019E+03
 317.250	 0.000E+00	 1.728E+03	 1.006E+03
 317.300	 0.000E+00	 1.841E+03	 1.011E+03
 317.350	 0.000E+00	 1.953E+03	 1.028E+03
 317.400	 0.000E+00	 2.059E+03	 1.034E+03
 317.450	 0.000E+00	 2.164E+03	 1.043E+03
 317.500	 0.000E+00	 2.265E+03	 1.046E+03
 317.550	 0.000E+00	 2.359E+03	 1.026E+03
 317.600	 0.000E+00	 2.454E+03	 1.020E+03
 317.650	 0.000E+00	 2.539E+03	 9.859E+02
 317.700	 0.000E+00	 2.627E+03	 1.013E+03
 317.750	 0.000E+00	 2.712E+03	 1.015E+03
 317.800	 0.000E+00	 2.791E+03	 1.019E+03
 317.850	 0.000E+00	 2.867E+03	 1.040E+03
 317.900	 0.000E+00	 2.944E+03	 1.064E+03
 317.950	 0.000E+00	 3.013E+03	 1.066E+03
 318.000	 0.000E+00	 3.079E+03	 1.064E+03
 318.050	 0.000E+00	 3.143E+03	 1.054E+03
 318.100	 0.000E+00	 3.203E+03	 1.043E+03
 318.150	 0.000E+00	 3.255E+03	 1.036E+03
 318.200	 0.000E+00	 3.306E+03	 1.046E+03
 318.250	 0.000E+00	 3.352E+03	 1.066E+03
 318.300	 0.000E+00	 3.393E+03	 1.075E+03
 318.350	 0.000E+00	 3.429E+03	 1.095E+03
 318.400	 0.000E+00	 3.462E+03	 1.111E+03
 318.450	 0.000E+00	 3.488E+03	 1.099E+03
 318.500	 0.000E+00	 3.511E+03	 1.092E+03
 318.550	 0.000E+00	 3.530E+03	 1.089E+03
 318.600	 0.000E+00	 3.545E+03	 1.082E+03
 318.650	 0.000E+00	 3.553E+03	 1.086E+03
 318.700	 0.000E+00	 3.557E+03	 1.098E+03
 318.750	 0.000E+00	 3.559E+03	 1.128E+03
 318.800	 0.000E+00	 3.554E+03	 1.147E+03
 318.850	 0.000E+00	 3.547E+03	 1.168E+03
 318.900	 0.000E+00	 3.534E+03	 1.186E+03
 318.950	 0.000E+00	 3.518E+03	 1.197E+03
 319.000	 0.000E+00	 3.497E+03	 1.204E+03
 319.050	 0.000E+00	 3.474E+03	 1.213E+03
 319.100	 0.000E+00	 3.448E+03	 1.246E+03
 319.150	 0.000E+00	 3.418E+03	 1.281E+03
 319.200	 0.000E+00	 3.381E+03	 1.303E+03
 319.250	 0.000E+00	 3.340E+03	 1.320E+03
 319.300	 0.000E+00	 3.296E+03	 1.328E+03
 319.350	 0.000E+00	 3.245E+03	 1.328E+03
 319.400	 0.000E+00	 3.188E+03	 1.317E+03
 319.450	 0.000E+00	 3.128E+03	 1.308E+03
 319.500	 0.000E+00	 3.063E+03	 1.301E+03
 319.550	 0.000E+00	 2.995E+03	 1.301E+03
 319.600	 0.000E+00	 2.925E+03	 1.316E+03
 319.650	 0.000E+00	 2.842E+03	 1.327E+03
 319.700	 0.000E+00	 2.764E+03	 1.351E+03
 319.750	 0.000E+00	 2.685E+03	 1.360E+03
 319.800	 0.000E+00	 2.596E+03	 1.362E+03
 319.850	 0.000E+00	 2.507E+03	 1.352E+03
 319.900	 0.000E+00	 2.417E+03	 1.341E+03
 319.950	 0.000E+00	 2.323E+03	 1.343E+03
 320.000	 0.000E+00	 2.226E+03	 1.344E+03
 320.050	 0.000E+00	 2.128E+03	 1.340E+03
 320.100	 0.000E+00	 2.030E+03	 1.363E+03
 320.150	 0.000E+00	 1.920E+03	 1.361E+03
 320.200	 0.000E+00	 1.820E+03	 1.369E+03
 320.250	 0.000E+00	 1.711E+03	 1.375E+03
 320.300	 0.000E+00	 1.595E+03	 1.363E+03
 320.350	 0.000E+00	 1.484E+03	 1.366E+03
 320.400	 0.000E+00	 1.366E+03	 1.351E+03
 320.450	 0.000E+00	 1.250E+03	 1.351E+03
 320.500	 0.000E+00	 1.125E+03	 1.337E+03
 320.550	 0.000E+00	 1.002E+03	 1.329E+03
 320.600	 0.000E+00	 8.821E+02	 1.338E+03
 320.650	 0.000E+00	 7.534E+02	 1.345E+03
 320.700	 0.000E+00	 6.265E+02	 1.340E+03
 320.750	 0.000E+00	 5.084E+02	 1.350E+03
 320.800	 0.000E+00	 3.765E+02	 1.346E+03
 320.850	 0.000E+00	 2.525E+02	 1.332E+03
 320.900	 0.000E+00	 1.311E+02	 1.331E+03
 320.950	 0.000E+00	 2.356E+00	 1.326E+03
 321.000	 0.000E+00	-1.243E+02	 1.333E+03
 321.050	 0.000E+00	-2.437E+02	 1.327E+03
 321.100	 0.000E+00	-3.740E+02	 1.336E+03
 321.150	 0.000E+00	-5.002E+02	 1.341E+03
 321.200	 0.000E+00	-6.212E+02	 1.357E+03
 321.250	 0.000E+00	-7.518E+02	 1.375E+03
 321.300	 0.000E+00	-8.757E+02	 1.393E+03
 321.350	 0.000E+00	-9.963E+02	 1.432E+03
 321.400	 0.000E+00	-1.123E+03	 1.451E+03
 321.450	 0.000E+00	-1.241E+03	 1.477E+03
 321.500	 0.000E+00	-1.357E+03	 1.499E+03
 321.550	 0.000E+00	-1.471E+03	 1.515E+03
 321.600	 0.000E+00	-1.584E+03	 1.515E+03
 321.650	 0.000E+00	-1.694E+03	 1.509E+03
 321.700	 0.000E+00	-1.799E+03	 1.515E+03
 321.750	 0.000E+00	-1.902E+03	 1.511E+03
 321.800	 0.000E+00	-2.004E+03	 1.519E+03
 321.850	 0.000E+00	-2.103E+03	 1.535E+03
 321.900	 0.000E+00	-2.200E+03	 1.560E+03
 321.950	 0.000E+00	-2.293E+03	 1.581E+03
 322.000	 0.000E+00	-2.388E+03	 1.575E+03
 322.050	 0.000E+00	-2.479E+03	 1.574E+03
 322.100	 0.000E+00	-2.570E+03	 1.555E+03
 322.150	 0.000E+00	-2.659E+03	 1.549E+03
 322.200	 0.000E+00	-2.746E+03	 1.522E+03
 322.250	 0.000E+00	-2.829E+03	 1.514E+03
 322.300	 0.000E+00	-2.908E+03	 1.521E+03
 322.350	 0.000E+00	-2.983E+03	 1.531E+03
 322.400	 0.000E+00	-3.053E+03	 1.526E+03
 322.450	 0.000E+00	-3.118E+03	 1.505E+03
 322.500	 0.000E+00	-3.180E+03	 1.476E+03
 322.550	 0.000E+00	-3.235E+03	 1.419E+03
 322.600	 0.000E+00	-3.287E+03	 1.370E+03
 322.650	 0.000E+00	-3.330E+03	 1.329E+03
 322.700	 0.000E+00	-3.372E+03	 1.292E+03
 322.750	 0.000E+00	-3.409E+03	 1.265E+03
 322.800	 0.000E+00	-3.442E+03	 1.271E+03
 322.850	 0.000E+00	-3.470E+03	 1.288E+03
 322.900	 0.000E+00	-3.498E+03	 1.289E+03
 322.950	 0.000E+00	-3.521E+03	 1.311E+03
 323.000	 0.000E+00	-3.541E+03	 1.313E+03
 323.050	 0.000E+00	-3.557E+03	 1.310E+03
 323.100	 0.000E+00	-3.568E+03	 1.311E+03
 323.150	 0.000E+00	-3.577E+03	 1.310E+03
 323.200	 0.000E+00	-3.579E+03	 1.319E+03
 323.250	 0.000E+00	-3.578E+03	 1.329E+03
 323.300	 0.000E+00	-3.569E+03	 1.351E+03
 323.350	 0.000E+00	-3.552E+03	 1.379E+03
 323.400	 0.000E+00	-3.532E+03	 1.397E+03
 323.450	 0.000E+00	-3.507E+03	 1.405E+03
 323.500	 0.000E+00	-3.474E+03	 1.415E+03
 323.550	 0.000E+00	-3.441E+03	 1.411E+03
 323.600	 0.000E+00	-3.402E+03	 1.406E+03
 323.650	 0.000E+00	-3.359E+03	 1.409E+03
 323.700	 0.000E+00	-3.312E+03	 1.414E+03
 323.750	 0.000E+00	-3.265E+03	 1.432E+03
 323.800	 0.000E+00	-3.208E+03	 1.448E+03
 323.850	 0.000E+00	-3.151E+03	 1.479E+03
 323.900	 0.000E+00	-3.098E+03	 1.504E+03
 323.950	 0.000E+00	-3.029E+03	 1.519E+03
 324.000	 0.000E+00	-2.963E+03	 1.529E+03
 324.050	 0.000E+00	-2.896E+03	 1.529E+03
 324.100	 0.000E+00	-2.817E+03	 1.513E+03
 324.150	 0.000E+00	-2.744E+03	 1.490E+03
 324.200	 0.000E+00	-2.662E+03	 1.452E+03
 324.250	 0.000E+00	-2.577E+03	 1.424E+03
 324.300	 0.000E+00	-2.489E+03	 1.391E+03
 324.350	 0.000E+00	-2.395E+03	 1.362E+03
 324.400	 0.000E+00	-2.299E+03	 1.350E+03
 324.450	 0.000E+00	-2.203E+03	 1.341E+03
 324.500	 0.000E+00	-2.093E+03	 1.318E+03
 324.550	 0.000E+00	-1.991E+03	 1.293E+03
 324.600	 0.000E+00	-1.890E+03	 1.265E+03
 324.650	 0.000E+00	-1.779E+03	 1.217E+03
 324.700	 0.000E+00	-1.672E+03	 1.171E+03
 324.750	 0.000E+00	-1.562E+03	 1.138E+03
 324.800	 0.000E+00	-1.446E+03	 1.109E+03
 324.850	 0.000E+00	-1.334E+03	 1.096E+03
 324.900	 0.000E+00	-1.220E+03	 1.109E+03
 324.950	 0.000E+00	-1.101E+03	 1.111E+03
 325.000	 0.000E+00	-9.827E+02	 1.122E+03
 325.050	 0.000E+00	-8.634E+02	 1.130E+03
 325.100	 0.000E+00	-7.403E+02	 1.136E+03
 325.150	 0.000E+00	-6.140E+02	 1.122E+03
 325.200	 0.000E+00	-4.892E+02	 1.113E+03
 325.250	 0.000E+00	-3.631E+02	 1.091E+03
 325.300	 0.000E+00	-2.332E+02	 1.075E+03
 325.350	 0.000E+00	-1.091E+02	 1.054E+03
 325.400	 0.000E+00	 1.956E+01	 1.033E+03
 325.450	 0.000E+00	 1.486E+02	 1.023E+03
 325.500	 0.000E+00	 2.749E+02	 1.012E+03
 325.550	 0.000E+00	 4.056E+02	 1.011E+03
 325.600	 0.000E+00	 5.298E+02	 1.005E+03
 325.650	 0.000E+00	 6.541E+02	 1.002E+03
 325.700	 0.000E+00	 7.787E+02	 1.004E+03
 325.750	 0.000E+00	 9.021E+02	 9.926E+02
 325.800	 0.000E+00	 1.019E+03	 9.660E+02
 325.850	 0.000E+00	 1.139E+03	 9.521E+02
 325.900	 0.000E+00	 1.259E+03	 9.394E+02
 325.950	 0.000E+00	 1.377E+03	 9.217E+02
 326.000	 0.000E+00	 1.493E+03	 9.211E+02
 326.050	 0.000E+00	 1.609E+03	 9.171E+02
 326.100	 0.000E+00	 1.722E+03	 9.009E+02
 326.150	 0.000E+00	 1.831E+03	 8.929E+02
 326.200	 0.000E+00	 1.941E+03	 8.932E+02
 326.250	 0.000E+00	 2.046E+03	 8.750E+02
 326.300	 0.000E+00	 2.145E+03	 8.703E+02
 326.350	 0.000E+00	 2.248E+03	 8.878E+02
 326.400	 0.000E+00	 2.347E+03	 8.824E+02
 326.450	 0.000E+00	 2.436E+03	 8.756E+02
 326.500	 0.000E+00	 2.526E+03	 8.808E+02
 326.550	 0.000E+00	 2.615E+03	 8.936E+02
 326.600	 0.000E+00	 2.697E+03	 8.931E+02
 326.650	 0.000E+00	 2.775E+03	 9.097E+02
 326.700	 0.000E+00	 2.854E+03	 9.284E+02
 326.750	 0.000E+00	 2.926E+03	 9.375E+02
 326.800	 0.000E+00	 2.993E+03	 9.328E+02
 326.850	 0.000E+00	 3.060E+03	 9.466E+02
 326.900	 0.000E+00	 3.122E+03	 9.456E+02
 326.950	 0.000E+00	 3.179E+03	 9.421E+02
 327.000	 0.000E+00	 3.232E+03	 9.367E+02
 327.050	 0.000E+00	 3.284E+03	 9.512E+02
 327.100	 0.000E+00	 3.336E+03	 9.883E+02
 327.150	 0.000E+00	 3.379E+03	 1.006E+03
 327.200	 0.000E+00	 3.420E+03	 1.021E+03
 327.250	 0.000E+00	 3.454E+03	 1.030E+03
 327.300	 0.000E+00	 3.487E+03	 1.046E+03
 327.350	 0.000E+00	 3.511E+03	 1.042E+03
 327.400	 0.000E+00	 3.535E+03	 1.049E+03
 327.450	 0.000E+00	 3.550E+03	 1.060E+03
 327.500	 0.000E+00	 3.560E+03	 1.072E+03
 327.550	 0.000E+00	 3.564E+03	 1.092E+03
 327.600	 0.000E+00	 3.569E+03	 1.133E+03
 327.650	 0.000E+00	 3.563E+03	 1.137E+03
 327.700	 0.000E+00	 3.556E+03	 1.153E+03
 327.750	 0.000E+00	 3.543E+03	 1.174E+03
 327.800	 0.000E+00	 3.528E+03	 1.188E+03
 327.850	 0.000E+00	 3.507E+03	 1.184E+03
 327.900	 0.000E+00	 3.484E+03	 1.194E+03
 327.950	 0.000E+00	 3.456E+03	 1.218E+03
 328.000	 0.000E+00	 3.425E+03	 1.238E+03
 328.050	 0.000E+00	 3.391E+03	 1.265E+03
 328.100	 0.000E+00	 3.350E+03	 1.282E+03
 328.150	 0.000E+00	 3.308E+03	 1.301E+03
 328.200	 0.000E+00	 3.259E+03	 1.309E+03
 328.250	 0.000E+00	 3.207E+03	 1.322E+03
 328.300	 0.000E+00	 3.149E+03	 1.311E+03
 328.350	 0.000E+00	 3.093E+03	 1.314E+03
 328.400	 0.000E+00	 3.026E+03	 1.315E+03
 328.450	 0.000E+00	 2.959E+03	 1.319E+03
 328.500	 0.000E+00	 2.889E+03	 1.324E+03
 328.550	 0.000E+00	 2.809E+03	 1.322E+03
 328.600	 0.000E+00	 2.733E+03	 1.342E+03
 328.650	 0.000E+00	 2.648E+03	 1.333E+03
 328.700	 0.000E+00	 2.563E+03	 1.325E+03
 328.750	 0.000E+00	 2.471E+03	 1.313E+03
 328.800	 0.000E+00	 2.381E+03	 1.304E+03
 328.850	 0.000E+00	 2.288E+03	 1.301E+03
 328.900	 0.000E+00	 2.191E+03	 1.301E+03
 328.950	 0.000E+00	 2.092E+03	 1.307E+03
 329.000	 0.000E+00	 1.993E+03	 1.312E+03
 329.050	 0.000E+00	 1.892E+03	 1.324E+03
 329.100	 0.000E+00	 1.785E+03	 1.316E+03
 329.150	 0.000E+00	 1.678E+03	 1.308E+03
 329.200	 0.000E+00	 1.565E+03	 1.295E+03
 329.250	 0.000E+00	 1.454E+03	 1.282E+03
 329.300	 0.000E+00	 1.342E+03	 1.294E+03
 329.350	 0.000E+00	 1.219E+03	 1.273E+03
 329.400	 0.000E+00	 1.102E+03	 1.286E+03
 329.450	 0.000E+00	 9.824E+02	 1.303E+03
 329.500	 0.000E+00	 8.554E+02	 1.310E+03
 329.550	 0.000E+00	 7.319E+02	 1.323E+03
 329.600	 0.000E+00	 6.081E+02	 1.330E+03
 329.650	 0.000E+00	 4.801E+02	 1.316E+03
 329.700	 0.000E+00	 3.530E+02	 1.313E+03
 329.750	 0.000E+00	 2.272E+02	 1.313E+03
 329.800	 0.000E+00	 1.037E+02	 1.299E+03
 329.850	 0.000E+00	-2.455E+01	 1.312E+03
 329.900	 0.000E+00	-1.506E+02	 1.302E+03
 329.950	 0.000E+00	-2.660E+02	 1.317E+03
 330.000	 0.000E+00	-3.979E+02	 1.325E+03
 330.050	 0.000E+00	-5.177E+02	 1.319E+03
 330.100	 0.000E+00	-6.397E+02	 1.324E+03
 330.150	 0.000E+00	-7.633E+02	 1.337E+03
 330.200	 0.000E+00	-8.789E+02	 1.348E+03
 330.250	 0.000E+00	-1.003E+03	 1.349E+03
 330.300	 0.000E+00	-1.124E+03	 1.356E+03
 330.350	 0.000E+00	-1.234E+03	 1.371E+03
 330.400	 0.000E+00	-1.351E+03	 1.379E+03
 330.450	 0.000E+00	-1.470E+03	 1.371E+03
 330.500	 0.000E+00	-1.576E+03	 1.372E+03
 330.550	 0.000E+00	-1.684E+03	 1.378E+03
 330.600	 0.000E+00	-1.795E+03	 1.378E+03
 330.650	 0.000E+00	-1.899E+03	 1.390E+03
 330.700	 0.000E+00	-1.997E+03	 1.414E+03
 330.750	 0.000E+00	-2.101E+03	 1.431E+03
 330.800	 0.000E+00	-2.198E+03	 1.456E+03
 330.850	 0.000E+00	-2.290E+03	 1.489E+03
 330.900	 0.000E+00	-2.384E+03	 1.493E+03
 330.950	 0.000E+00	-2.475E+03	 1.496E+03
 331.000	 0.000E+00	-2.559E+03	 1.497E+03
 331.050	 0.000E+00	-2.644E+03	 1.493E+03
 331.100	 0.000E+00	-2.730E+03	 1.472E+03
 331.150	 0.000E+00	-2.809E+03	 1.468E+03
 331.200	 0.000E+00	-2.886E+03	 1.465E+03
 331.250	 0.000E+00	-2.959E+03	 1.469E+03
 331.300	 0.000E+00	-3.030E+03	 1.462E+03
 331.350	 0.000E+00	-3.094E+03	 1.449E+03
 331.400	 0.000E+00	-3.156E+03	 1.417E+03
 331.450	 0.000E+00	-3.215E+03	 1.373E+03
 331.500	 0.000E+00	-3.268E+03	 1.316E+03
 331.550	 0.000E+00	-3.319E+03	 1.263E+03
 331.600	 0.000E+00	-3.368E+03	 1.205E+03
 331.650	 0.000E+00	-3.408E+03	 1.189E+03
 331.700	 0.000E+00	-3.446E+03	 1.176E+03
 331.750	 0.000E+00	-3.478E+03	 1.184E+03
 331.800	 0.000E+00	-3.510E+03	 1.196E+03
 331.850	 0.000E+00	-3.534E+03	 1.223E+03
 331.900	 0.000E+00	-3.553E+03	 1.242E+03
 331.950	 0.000E+00	-3.568E+03	 1.254E+03
 332.000	 0.000E+00	-3.577E+03	 1.265E+03
 332.050	 0.000E+00	-3.582E+03	 1.249E+03
 332.100	 0.000E+00	-3.583E+03	 1.247E+03
 332.150	 0.000E+00	-3.578E+03	 1.255E+03
 332.200	 0.000E+00	-3.570E+03	 1.263E+03
 332.250	 0.000E+00	-3.555E+03	 1.272E+03
 332.300	 0.000E+00	-3.537E+03	 1.285E+03
 332.350	 0.000E+00	-3.516E+03	 1.309E+03
 332.400	 0.000E+00	-3.487E+03	 1.330E+03
 332.450	 0.000E+00	-3.456E+03	 1.351E+03
 332.500	 0.000E+00	-3.420E+03	 1.382E+03
 332.550	 0.000E+00	-3.383E+03	 1.396E+03
 332.600	 0.000E+00	-3.339E+03	 1.407E+03
 332.650	 0.000E+00	-3.291E+03	 1.397E+03
 332.700	 0.000E+00	-3.246E+03	 1.401E+03
 332.750	 0.000E+00	-3.189E+03	 1.392E+03
 332.800	 0.000E+00	-3.131E+03	 1.393E+03
 332.850	 0.000E+00	-3.071E+03	 1.397E+03
 332.900	 0.000E+00	-3.006E+03	 1.389E+03
 332.950	 0.000E+00	-2.935E+03	 1.383E+03
 333.000	 0.000E+00	-2.866E+03	 1.373E+03
 333.050	 0.000E+00	-2.788E+03	 1.337E+03
 333.100	 0.000E+00	-2.709E+03	 1.299E+03
 333.150	 0.000E+00	-2.629E+03	 1.246E+03
 333.200	 0.000E+00	-2.544E+03	 1.190E+03
 333.250	 0.000E+00	-2.455E+03	 1.136E+03
 333.300	 0.000E+00	-2.360E+03	 1.091E+03
 333.350	 0.000E+00	-2.270E+03	 1.058E+03
 333.400	 0.000E+00	-2.173E+03	 1.039E+03
 333.450	 0.000E+00	-2.069E+03	 1.033E+03
 333.500	 0.000E+00	-1.969E+03	 1.036E+03
 333.550	 0.000E+00	-1.865E+03	 1.032E+03
 333.600	 0.000E+00	-1.757E+03	 1.028E+03
 333.650	 0.000E+00	-1.650E+03	 1.034E+03
 333.700	 0.000E+00	-1.538E+03	 1.029E+03
 333.750	 0.000E+00	-1.423E+03	 1.032E+03
 333.800	 0.000E+00	-1.311E+03	 1.029E+03
 333.850	 0.000E+00	-1.192E+03	 1.036E+03
 333.900	 0.000E+00	-1.073E+03	 1.037E+03
 333.950	 0.000E+00	-9.528E+02	 1.050E+03
 334.000	 0.000E+00	-8.305E+02	 1.058E+03
 334.050	 0.000E+00	-7.038E+02	 1.067E+03
 334.100	 0.000E+00	-5.831E+02	 1.072E+03
 334.150	 0.000E+00	-4.554E+02	 1.072E+03
 334.200	 0.000E+00	-3.303E+02	 1.069E+03
 334.250	 0.000E+00	-2.024E+02	 1.070E+03
 334.300	 0.000E+00	-7.631E+01	 1.074E+03
 334.350	 0.000E+00	 5.080E+01	 1.067E+03
 334.400	 0.000E+00	 1.774E+02	 1.085E+03
 334.450	 0.000E+00	 3.063E+02	 1.094E+03
 334.500	 0.000E+00	 4.315E+02	 1.092E+03
 334.550	 0.000E+00	 5.553E+02	 1.086E+03
 334.600	 0.000E+00	 6.816E+02	 1.090E+03
 334.650	 0.000E+00	 8.051E+02	 1.083E+03
 334.700	 0.000E+00	 9.253E+02	 1.072E+03
 334.750	 0.000E+00	 1.044E+03	 1.064E+03
 334.800	 0.000E+00	 1.169E+03	 1.061E+03
 334.850	 0.000E+00	 1.284E+03	 1.050E+03
 334.900	 0.000E+00	 1.401E+03	 1.046E+03
 334.950	 0.000E+00	 1.516E+03	 1.029E+03
 335.000	 0.000E+00	 1.629E+03	 1.023E+03
 335.050	 0.000E+00	 1.741E+03	 1.000E+03
 335.100	 0.000E+00	 1.850E+03	 9.870E+02
 335.150	 0.000E+00	 1.956E+03	 9.662E+02
 335.200	 0.000E+00	 2.058E+03	 9.520E+02
 335.250	 0.000E+00	 2.158E+03	 9.400E+02
 335.300	 0.000E+00	 2.256E+03	 9.364E+02
 335.350	 0.000E+00	 2.350E+03	 9.442E+02
 335.400	 0.000E+00	 2.445E+03	 9.605E+02
 335.450	 0.000E+00	 2.531E+03	 9.500E+02
 335.500	 0.000E+00	 2.615E+03	 9.410E+02
 335.550	 0.000E+00	 2.698E+03	 9.366E+02
 335.600	 0.000E+00	 2.777E+03	 9.156E+02
 335.650	 0.000E+00	 2.850E+03	 8.941E+02
 335.700	 0.000E+00	 2.923E+03	 9.112E+02
 335.750	 0.000E+00	 2.994E+03	 9.204E+02
 335.800	 0.000E+00	 3.056E+03	 9.292E+02
 335.850	 0.000E+00	 3.118E+03	 9.609E+02
 335.900	 0.000E+00	 3.180E+03	 9.813E+02
 335.950	 0.000E+00	 3.233E+03	 9.871E+02
 336.000	 0.000E+00	 3.283E+03	 9.917E+02
 336.050	 0.000E+00	 3.333E+03	 9.940E+02
 336.100	 0.000E+00	 3.378E+03	 1.001E+03
 336.150	 0.000E+00	 3.417E+03	 1.007E+03
 336.200	 0.000E+00	 3.454E+03	 1.018E+03
 336.250	 0.000E+00	 3.484E+03	 1.027E+03
 336.300	 0.000E+00	 3.514E+03	 1.058E+03
 336.350	 0.000E+00	 3.535E+03	 1.070E+03
 336.400	 0.000E+00	 3.549E+03	 1.075E+03
 336.450	 0.000E+00	 3.560E+03	 1.099E+03
 336.500	 0.000E+00	 3.565E+03	 1.108E+03
 336.550	 0.000E+00	 3.560E+03	 1.110E+03
 336.600	 0.000E+00	 3.554E+03	 1.129E+03
 336.650	 0.000E+00	 3.543E+03	 1.142E+03
 336.700	 0.000E+00	 3.526E+03	 1.157E+03
 336.750	 0.000E+00	 3.509E+03	 1.169E+03
 336.800	 0.000E+00	 3.488E+03	 1.188E+03
 336.850	 0.000E+00	 3.466E+03	 1.207E+03
 336.900	 0.000E+00	 3.438E+03	 1.215E+03
 336.950	 0.000E+00	 3.411E+03	 1.224E+03
 337.000	 0.000E+00	 3.382E+03	 1.231E+03
 337.050	 0.000E+00	 3.349E+03	 1.221E+03
 337.100	 0.000E+00	 3.314E+03	 1.212E+03
 337.150	 0.000E+00	 3.274E+03	 1.210E+03
 337.200	 0.000E+00	 3.228E+03	 1.213E+03
 337.250	 0.000E+00	 3.181E+03	 1.220E+03
 337.300	 0.000E+00	 3.126E+03	 1.240E+03
 337.350	 0.000E+00	 3.069E+03	 1.277E+03
 337.400	 0.000E+00	 3.007E+03	 1.298E+03
 337.450	 0.000E+00	 2.938E+03	 1.315E+03
 337.500	 0.000E+00	 2.865E+03	 1.322E+03
 337.550	 0.000E+00	 2.786E+03	 1.299E+03
 337.600	 0.000E+00	 2.704E+03	 1.296E+03
 337.650	 0.000E+00	 2.613E+03	 1.256E+03
 337.700	 0.000E+00	 2.524E+03	 1.260E+03
 337.750	 0.000E+00	 2.427E+03	 1.248E+03
 337.800	 0.000E+00	 2.337E+03	 1.271E+03
 337.850	 0.000E+00	 2.236E+03	 1.274E+03
 337.900	 0.000E+00	 2.135E+03	 1.286E+03
 337.950	 0.000E+00	 2.036E+03	 1.289E+03
 338.000	 0.000E+00	 1.936E+03	 1.277E+03
 338.050	 0.000E+00	 1.830E+03	 1.253E+03
 338.100	 0.000E+00	 1.728E+03	 1.249E+03
 338.150	 0.000E+00	 1.622E+03	 1.245E+03
 338.200	 0.000E+00	 1.514E+03	 1.241E+03
 338.250	 0.000E+00	 1.399E+03	 1.228E+03
 338.300	 0.000E+00	 1.291E+03	 1.264E+03
 338.350	 0.000E+00	 1.172E+03	 1.269E+03
 338.400	 0.000E+00	 1.054E+03	 1.267E+03
 338.450	 0.000E+00	 9.341E+02	 1.289E+03
 338.500	 0.000E+00	 8.085E+02	 1.285E+03
 338.550	 0.000E+00	 6.864E+02	 1.278E+03
 338.600	 0.000E+00	 5.634E+02	 1.289E+03
 338.650	 0.000E+00	 4.364E+02	 1.283E+03
 338.700	 0.000E+00	 3.121E+02	 1.279E+03
 338.750	 0.000E+00	 1.885E+02	 1.292E+03
 338.800	 0.000E+00	 6.339E+01	 1.284E+03
 338.850	 0.000E+00	-5.395E+01	 1.308E+03
 338.900	 0.000E+00	-1.816E+02	 1.302E+03
 338.950	 0.000E+00	-2.990E+02	 1.294E+03
 339.000	 0.000E+00	-4.137E+02	 1.294E+03
 339.050	 0.000E+00	-5.401E+02	 1.287E+03
 339.100	 0.000E+00	-6.552E+02	 1.275E+03
 339.150	 0.000E+00	-7.721E+02	 1.283E+03
 339.200	 0.000E+00	-8.978E+02	 1.308E+03
 339.250	 0.000E+00	-1.012E+03	 1.355E+03
 339.300	 0.000E+00	-1.129E+03	 1.405E+03
 339.350	 0.000E+00	-1.255E+03	 1.464E+03
 339.400	 0.000E+00	-1.369E+03	 1.517E+03
 339.450	 0.000E+00	-1.475E+03	 1.571E+03
 339.500	 0.000E+00	-1.591E+03	 1.609E+03
 339.550	 0.000E+00	-1.703E+03	 1.638E+03
 339.600	 0.000E+00	-1.800E+03	 1.667E+03
 339.650	 0.000E+00	-1.902E+03	 1.690E+03
 339.700	 0.000E+00	-2.004E+03	 1.714E+03
 339.750	 0.000E+00	-2.094E+03	 1.746E+03
 339.800	 0.000E+00	-2.182E+03	 1.789E+03
 339.850	 0.000E+00	-2.275E+03	 1.815E+03
 339.900	 0.000E+00	-2.359E+03	 1.843E+03
 339.950	 0.000E+00	-2.443E+03	 1.859E+03
 340.000	 0.000E+00	-2.531E+03	 1.848E+03
 340.050	 0.000E+00	-2.620E+03	 1.817E+03
 340.100	 0.000E+00	-2.701E+03	 1.783E+03
 340.150	 0.000E+00	-2.783E+03	 1.736E+03
 340.200	 0.000E+00	-2.864E+03	 1.687E+03
 340.250	 0.000E+00	-2.940E+03	 1.644E+03
 340.300	 0.000E+00	-3.015E+03	 1.589E+03
 340.350	 0.000E+00	-3.087E+03	 1.523E+03
 340.400	 0.000E+00	-3.152E+03	 1.468E+03
 340.450	 0.000E+00	-3.212E+03	 1.412E+03
 340.500	 0.000E+00	-3.272E+03	 1.359E+03
 340.550	 0.000E+00	-3.325E+03	 1.315E+03
 340.600	 0.000E+00	-3.370E+03	 1.300E+03
 340.650	 0.000E+00	-3.412E+03	 1.297E+03
 340.700	 0.000E+00	-3.449E+03	 1.297E+03
 340.750	 0.000E+00	-3.477E+03	 1.322E+03
 340.800	 0.000E+00	-3.505E+03	 1.344E+03
 340.850	 0.000E+00	-3.526E+03	 1.370E+03
 340.900	 0.000E+00	-3.539E+03	 1.410E+03
 340.950	 0.000E+00	-3.554E+03	 1.440E+03
 341.000	 0.000E+00	-3.558E+03	 1.472E+03
 341.050	 0.000E+00	-3.564E+03	 1.496E+03
 341.100	 0.000E+00	-3.565E+03	 1.526E+03
 341.150	 0.000E+00	-3.560E+03	 1.548E+03
 341.200	 0.000E+00	-3.553E+03	 1.581E+03
 341.250	 0.000E+00	-3.541E+03	 1.629E+03
 341.300	 0.000E+00	-3.522E+03	 1.686E+03
 341.350	 0.000E+00	-3.500E+03	 1.737E+03
 341.400	 0.000E+00	-3.470E+03	 1.772E+03
 341.450	 0.000E+00	-3.437E+03	 1.783E+03
 341.500	 0.000E+00	-3.403E+03	 1.741E+03
 341.550	 0.000E+00	-3.362E+03	 1.660E+03
 341.600	 0.000E+00	-3.326E+03	 1.568E+03
 341.650	 0.000E+00	-3.283E+03	 1.460E+03
 341.700	 0.000E+00	-3.232E+03	 1.366E+03
 341.750	 0.000E+00	-3.192E+03	 1.314E+03
 341.800	 0.000E+00	-3.136E+03	 1.281E+03
 341.850	 0.000E+00	-3.083E+03	 1.262E+03
 341.900	 0.000E+00	-3.026E+03	 1.264E+03
 341.950	 0.000E+00	-2.970E+03	 1.253E+03
 342.000	 0.000E+00	-2.899E+03	 1.226E+03
 342.050	 0.000E+00	-2.835E+03	 1.194E+03
 342.100	 0.000E+00	-2.758E+03	 1.161E+03
 342.150	 0.000E+00	-2.676E+03	 1.134E+03
 342.200	 0.000E+00	-2.592E+03	 1.131E+03
 342.250	 0.000E+00	-2.501E+03	 1.154E+03
 342.300	 0.000E+00	-2.406E+03	 1.201E+03
 342.350	 0.000E+00	-2.305E+03	 1.269E+03
 342.400	 0.000E+00	-2.202E+03	 1.341E+03
 342.450	 0.000E+00	-2.096E+03	 1.384E+03
 342.500	 0.000E+00	-1.988E+03	 1.398E+03
 342.550	 0.000E+00	-1.881E+03	 1.380E+03
 342.600	 0.000E+00	-1.774E+03	 1.340E+03
 342.650	 0.000E+00	-1.665E+03	 1.284E+03
 342.700	 0.000E+00	-1.563E+03	 1.242E+03
 342.750	 0.000E+00	-1.453E+03	 1.209E+03
 342.800	 0.000E+00	-1.341E+03	 1.195E+03
 342.850	 0.000E+00	-1.237E+03	 1.184E+03
 342.900	 0.000E+00	-1.129E+03	 1.183E+03
 342.950	 0.000E+00	-1.016E+03	 1.162E+03
 343.000	 0.000E+00	-9.052E+02	 1.126E+03
 343.050	 0.000E+00	-7.908E+02	 1.079E+03
 343.100	 0.000E+00	-6.706E+02	 1.027E+03
 343.150	 0.000E+00	-5.507E+02	 9.708E+02
 343.200	 0.000E+00	-4.269E+02	 9.280E+02
 343.250	 0.000E+00	-2.988E+02	 9.074E+02
 343.300	 0.000E+00	-1.689E+02	 9.246E+02
 343.350	 0.000E+00	-4.262E+01	 9.505E+02
 343.400	 0.000E+00	 9.270E+01	 9.911E+02
 343.450	 0.000E+00	 2.228E+02	 1.028E+03
 343.500	 0.000E+00	 3.507E+02	 1.045E+03
 343.550	 0.000E+00	 4.792E+02	 1.057E+03
 343.600	 0.000E+00	 6.047E+02	 1.060E+03
 343.650	 0.000E+00	 7.287E+02	 1.047E+03
 343.700	 0.000E+00	 8.492E+02	 1.044E+03
 343.750	 0.000E+00	 9.655E+02	 1.031E+03
 343.800	 0.000E+00	 1.085E+03	 1.030E+03
 343.850	 0.000E+00	 1.203E+03	 1.041E+03
 343.900	 0.000E+00	 1.316E+03	 1.062E+03
 343.950	 0.000E+00	 1.429E+03	 1.075E+03
 344.000	 0.000E+00	 1.541E+03	 1.086E+03
 344.050	 0.000E+00	 1.646E+03	 1.082E+03
 344.100	 0.000E+00	 1.759E+03	 1.070E+03
 344.150	 0.000E+00	 1.865E+03	 1.035E+03
 344.200	 0.000E+00	 1.967E+03	 9.790E+02
 344.250	 0.000E+00	 2.069E+03	 9.341E+02
 344.300	 0.000E+00	 2.171E+03	 9.141E+02
 344.350	 0.000E+00	 2.271E+03	 8.924E+02
 344.400	 0.000E+00	 2.367E+03	 8.936E+02
 344.450	 0.000E+00	 2.459E+03	 9.071E+02
 344.500	 0.000E+00	 2.550E+03	 9.159E+02
 344.550	 0.000E+00	 2.634E+03	 9.222E+02
 344.600	 0.000E+00	 2.716E+03	 9.053E+02
 344.650	 0.000E+00	 2.796E+03	 8.964E+02
 344.700	 0.000E+00	 2.866E+03	 8.526E+02
 344.750	 0.000E+00	 2.937E+03	 8.535E+02
 344.800	 0.000E+00	 3.005E+03	 8.419E+02
 344.850	 0.000E+00	 3.066E+03	 8.409E+02
 344.900	 0.000E+00	 3.125E+03	 8.646E+02
 344.950	 0.000E+00	 3.184E+03	 9.091E+02
 345.000	 0.000E+00	 3.236E+03	 9.452E+02
 345.050	 0.000E+00	 3.285E+03	 9.742E+02
 345.100	 0.000E+00	 3.332E+03	 9.973E+02
 345.150	 0.000E+00	 3.376E+03	 1.023E+03
 345.200	 0.000E+00	 3.411E+03	 9.952E+02
 345.250	 0.000E+00	 3.446E+03	 9.936E+02
 345.300	 0.000E+00	 3.476E+03	 9.885E+02
 345.350	 0.000E+00	 3.503E+03	 9.849E+02
 345.400	 0.000E+00	 3.527E+03	 1.013E+03
 345.450	 0.000E+00	 3.539E+03	 1.015E+03
 345.500	 0.000E+00	 3.554E+03	 1.073E+03
 345.550	 0.000E+00	 3.557E+03	 1.085E+03
 345.600	 0.000E+00	 3.559E+03	 1.121E+03
 345.650	 0.000E+00	 3.555E+03	 1.140E+03
 345.700	 0.000E+00	 3.548E+03	 1.140E+03
 345.750	 0.000E+00	 3.534E+03	 1.139E+03
 345.800	 0.000E+00	 3.518E+03	 1.136E+03
 345.850	 0.000E+00	 3.497E+03	 1.139E+03
 345.900	 0.000E+00	 3.476E+03	 1.156E+03
 345.950	 0.000E+00	 3.453E+03	 1.179E+03
 346.000	 0.000E+00	 3.424E+03	 1.210E+03
 346.050	 0.000E+00	 3.394E+03	 1.241E+03
 346.100	 0.000E+00	 3.360E+03	 1.264E+03
 346.150	 0.000E+00	 3.326E+03	 1.280E+03
 346.200	 0.000E+00	 3.286E+03	 1.284E+03
 346.250	 0.000E+00	 3.236E+03	 1.272E+03
 346.300	 0.000E+00	 3.186E+03	 1.264E+03
 346.350	 0.000E+00	 3.130E+03	 1.264E+03
 346.400	 0.000E+00	 3.071E+03	 1.262E+03
 346.450	 0.000E+00	 3.011E+03	 1.264E+03
 346.500	 0.000E+00	 2.940E+03	 1.281E+03
 346.550	 0.000E+00	 2.867E+03	 1.297E+03
 346.600	 0.000E+00	 2.794E+03	 1.309E+03
 346.650	 0.000E+00	 2.714E+03	 1.309E+03
 346.700	 0.000E+00	 2.630E+03	 1.296E+03
 346.750	 0.000E+00	 2.543E+03	 1.280E+03
 346.800	 0.000E+00	 2.454E+03	 1.264E+03
 346.850	 0.000E+00	 2.357E+03	 1.243E+03
 346.900	 0.000E+00	 2.263E+03	 1.243E+03
 346.950	 0.000E+00	 2.166E+03	 1.244E+03
 347.000	 0.000E+00	 2.059E+03	 1.263E+03
 347.050	 0.000E+00	 1.960E+03	 1.277E+03
 347.100	 0.000E+00	 1.856E+03	 1.291E+03
 347.150	 0.000E+00	 1.747E+03	 1.289E+03
 347.200	 0.000E+00	 1.638E+03	 1.284E+03
 347.250	 0.000E+00	 1.529E+03	 1.270E+03
 347.300	 0.000E+00	 1.413E+03	 1.258E+03
 347.350	 0.000E+00	 1.303E+03	 1.258E+03
 347.400	 0.000E+00	 1.190E+03	 1.255E+03
 347.450	 0.000E+00	 1.073E+03	 1.268E+03
 347.500	 0.000E+00	 9.571E+02	 1.287E+03
 347.550	 0.000E+00	 8.403E+02	 1.300E+03
 347.600	 0.000E+00	 7.219E+02	 1.336E+03
 347.650	 0.000E+00	 6.027E+02	 1.339E+03
 347.700	 0.000E+00	 4.855E+02	 1.344E+03
 347.750	 0.000E+00	 3.616E+02	 1.339E+03
 347.800	 0.000E+00	 2.415E+02	 1.327E+03
 347.850	 0.000E+00	 1.245E+02	 1.328E+03
 347.900	 0.000E+00	 2.065E-01	 1.322E+03
 347.950	 0.000E+00	-1.250E+02	 1.327E+03
 348.000	 0.000E+00	-2.450E+02	 1.328E+03
 348.050	 0.000E+00	-3.668E+02	 1.341E+03
 348.100	 0.000E+00	-4.908E+02	 1.330E+03
 348.150	 0.000E+00	-6.131E+02	 1.316E+03
 348.200	 0.000E+00	-7.370E+02	 1.299E+03
 348.250	 0.000E+00	-8.616E+02	 1.296E+03
 348.300	 0.000E+00	-9.832E+02	 1.298E+03
 348.350	 0.000E+00	-1.102E+03	 1.307E+03
 348.400	 0.000E+00	-1.224E+03	 1.331E+03
 348.450	 0.000E+00	-1.339E+03	 1.381E+03
 348.500	 0.000E+00	-1.453E+03	 1.414E+03
 348.550	 0.000E+00	-1.563E+03	 1.466E+03
 348.600	 0.000E+00	-1.669E+03	 1.511E+03
 348.650	 0.000E+00	-1.769E+03	 1.557E+03
 348.700	 0.000E+00	-1.866E+03	 1.593E+03
 348.750	 0.000E+00	-1.963E+03	 1.611E+03
 348.800	 0.000E+00	-2.055E+03	 1.627E+03
 348.850	 0.000E+00	-2.144E+03	 1.633E+03
 348.900	 0.000E+00	-2.233E+03	 1.639E+03
 348.950	 0.000E+00	-2.320E+03	 1.648E+03
 349.000	 0.000E+00	-2.405E+03	 1.658E+03
 349.050	 0.000E+00	-2.490E+03	 1.662E+03
 349.100	 0.000E+00	-2.574E+03	 1.665E+03
 349.150	 0.000E+00	-2.660E+03	 1.661E+03
 349.200	 0.000E+00	-2.745E+03	 1.650E+03
 349.250	 0.000E+00	-2.828E+03	 1.625E+03
 349.300	 0.000E+00	-2.909E+03	 1.598E+03
 349.350	 0.000E+00	-2.987E+03	 1.563E+03
 349.400	 0.000E+00	-3.058E+03	 1.528E+03
 349.450	 0.000E+00	-3.128E+03	 1.478E+03
 349.500	 0.000E+00	-3.191E+03	 1.427E+03
 349.550	 0.000E+00	-3.250E+03	 1.386E+03
 349.600	 0.000E+00	-3.302E+03	 1.349E+03
 349.650	 0.000E+00	-3.348E+03	 1.326E+03
 349.700	 0.000E+00	-3.389E+03	 1.314E+03
 349.750	 0.000E+00	-3.425E+03	 1.310E+03
 349.800	 0.000E+00	-3.457E+03	 1.317E+03
 349.850	 0.000E+00	-3.484E+03	 1.316E+03
 349.900	 0.000E+00	-3.508E+03	 1.323E+03
 349.950	 0.000E+00	-3.526E+03	 1.337E+03
 350.000	 0.000E+00	-3.541E+03	 1.350E+03
 350.050	 0.000E+00	-3.552E+03	 1.370E+03
 350.100	 0.000E+00	-3.559E+03	 1.381E+03
 350.150	 0.000E+00	-3.564E+03	 1.404E+03
 350.200	 0.000E+00	-3.565E+03	 1.424E+03
 350.250	 0.000E+00	-3.564E+03	 1.431E+03
 350.300	 0.000E+00	-3.559E+03	 1.439E+03
 350.350	 0.000E+00	-3.548E+03	 1.456E+03
 350.400	 0.000E+00	-3.535E+03	 1.458E+03
 350.450	 0.000E+00	-3.512E+03	 1.472E+03
 350.500	 0.000E+00	-3.490E+03	 1.469E+03
 350.550	 0.000E+00	-3.461E+03	 1.462E+03
 350.600	 0.000E+00	-3.424E+03	 1.449E+03
 350.650	 0.000E+00	-3.387E+03	 1.428E+03
 350.700	 0.000E+00	-3.344E+03	 1.395E+03
 350.750	 0.000E+00	-3.292E+03	 1.375E+03
 350.800	 0.000E+00	-3.244E+03	 1.362E+03
 350.850	 0.000E+00	-3.190E+03	 1.350E+03
 350.900	 0.000E+00	-3.127E+03	 1.359E+03
 350.950	 0.000E+00	-3.069E+03	 1.361E+03
 351.000	 0.000E+00	-3.004E+03	 1.361E+03
 351.050	 0.000E+00	-2.940E+03	 1.351E+03
 351.100	 0.000E+00	-2.870E+03	 1.347E+03
 351.150	 0.000E+00	-2.799E+03	 1.326E+03
 351.200	 0.000E+00	-2.721E+03	 1.311E+03
 351.250	 0.000E+00	-2.643E+03	 1.305E+03
 351.300	 0.000E+00	-2.560E+03	 1.305E+03
 351.350	 0.000E+00	-2.469E+03	 1.307E+03
 351.400	 0.000E+00	-2.380E+03	 1.316E+03
 351.450	 0.000E+00	-2.281E+03	 1.332E+03
 351.500	 0.000E+00	-2.181E+03	 1.335E+03
 351.550	 0.000E+00	-2.083E+03	 1.319E+03
 351.600	 0.000E+00	-1.979E+03	 1.284E+03
 351.650	 0.000E+00	-1.874E+03	 1.227E+03
 351.700	 0.000E+00	-1.770E+03	 1.170E+03
 351.750	 0.000E+00	-1.668E+03	 1.114E+03
 351.800	 0.000E+00	-1.560E+03	 1.065E+03
 351.850	 0.000E+00	-1.454E+03	 1.044E+03
 351.900	 0.000E+00	-1.349E+03	 1.045E+03
 351.950	 0.000E+00	-1.241E+03	 1.054E+03
 352.000	 0.000E+00	-1.127E+03	 1.057E+03
 352.050	 0.000E+00	-1.016E+03	 1.048E+03
 352.100	 0.000E+00	-9.065E+02	 1.036E+03
 352.150	 0.000E+00	-7.859E+02	 1.016E+03
 352.200	 0.000E+00	-6.679E+02	 1.000E+03
 352.250	 0.000E+00	-5.489E+02	 9.818E+02
 352.300	 0.000E+00	-4.229E+02	 9.725E+02
 352.350	 0.000E+00	-2.926E+02	 9.811E+02
 352.400	 0.000E+00	-1.674E+02	 9.836E+02
 352.450	 0.000E+00	-3.873E+01	 1.001E+03
 352.500	 0.000E+00	 9.010E+01	 1.014E+03
 352.550	 0.000E+00	 2.163E+02	 1.027E+03
 352.600	 0.000E+00	 3.426E+02	 1.037E+03
 352.650	 0.000E+00	 4.663E+02	 1.037E+03
 352.700	 0.000E+00	 5.866E+02	 1.032E+03
 352.750	 0.000E+00	 7.093E+02	 1.022E+03
 352.800	 0.000E+00	 8.245E+02	 1.024E+03
 352.850	 0.000E+00	 9.429E+02	 1.041E+03
 352.900	 0.000E+00	 1.060E+03	 1.064E+03
 352.950	 0.000E+00	 1.175E+03	 1.081E+03
 353.000	 0.000E+00	 1.288E+03	 1.094E+03
 353.050	 0.000E+00	 1.404E+03	 1.106E+03
 353.100	 0.000E+00	 1.520E+03	 1.108E+03
 353.150	 0.000E+00	 1.628E+03	 1.083E+03
 353.200	 0.000E+00	 1.741E+03	 1.072E+03
 353.250	 0.000E+00	 1.851E+03	 1.042E+03
 353.300	 0.000E+00	 1.958E+03	 1.039E+03
 353.350	 0.000E+00	 2.062E+03	 1.038E+03
 353.400	 0.000E+00	 2.166E+03	 1.042E+03
 353.450	 0.000E+00	 2.262E+03	 1.061E+03
 353.500	 0.000E+00	 2.358E+03	 1.075E+03
 353.550	 0.000E+00	 2.450E+03	 1.073E+03
 353.600	 0.000E+00	 2.535E+03	 1.083E+03
 353.650	 0.000E+00	 2.618E+03	 1.070E+03
 353.700	 0.000E+00	 2.697E+03	 1.052E+03
 353.750	 0.000E+00	 2.773E+03	 1.040E+03
 353.800	 0.000E+00	 2.843E+03	 1.020E+03
 353.850	 0.000E+00	 2.910E+03	 1.021E+03
 353.900	 0.000E+00	 2.974E+03	 1.022E+03
 353.950	 0.000E+00	 3.041E+03	 1.042E+03
 354.000	 0.000E+00	 3.100E+03	 1.042E+03
 354.050	 0.000E+00	 3.157E+03	 1.061E+03
 354.100	 0.000E+00	 3.213E+03	 1.067E+03
 354.150	 0.000E+00	 3.267E+03	 1.070E+03
 354.200	 0.000E+00	 3.316E+03	 1.061E+03
 354.250	 0.000E+00	 3.365E+03	 1.056E+03
 354.300	 0.000E+00	 3.407E+03	 1.043E+03
 354.350	 0.000E+00	 3.444E+03	 1.036E+03
 354.400	 0.000E+00	 3.479E+03	 1.056E+03
 354.450	 0.000E+00	 3.506E+03	 1.073E+03
 354.500	 0.000E+00	 3.527E+03	 1.114E+03
 354.550	 0.000E+00	 3.540E+03	 1.133E+03
 354.600	 0.000E+00	 3.550E+03	 1.171E+03
 354.650	 0.000E+00	 3.555E+03	 1.203E+03
 354.700	 0.000E+00	 3.555E+03	 1.224E+03
 354.750	 0.000E+00	 3.551E+03	 1.231E+03
 354.800	 0.000E+00	 3.543E+03	 1.242E+03
 354.850	 0.000E+00	 3.533E+03	 1.246E+03
 354.900	 0.000E+00	 3.519E+03	 1.252E+03
 354.950	 0.000E+00	 3.505E+03	 1.259E+03
 355.000	 0.000E+00	 3.487E+03	 1.271E+03
 355.050	 0.000E+00	 3.469E+03	 1.282E+03
 355.100	 0.000E+00	 3.447E+03	 1.307E+03
 355.150	 0.000E+00	 3.420E+03	 1.327E+03
 355.200	 0.000E+00	 3.391E+03	 1.335E+03
 355.250	 0.000E+00	 3.359E+03	 1.351E+03
 355.300	 0.000E+00	 3.319E+03	 1.354E+03
 355.350	 0.000E+00	 3.276E+03	 1.350E+03
 355.400	 0.000E+00	 3.227E+03	 1.360E+03
 355.450	 0.000E+00	 3.170E+03	 1.382E+03
 355.500	 0.000E+00	 3.115E+03	 1.422E+03
 355.550	 0.000E+00	 3.049E+03	 1.446E+03
 355.600	 0.000E+00	 2.981E+03	 1.495E+03
 355.650	 0.000E+00	 2.909E+03	 1.517E+03
 355.700	 0.000E+00	 2.832E+03	 1.519E+03
 355.750	 0.000E+00	 2.753E+03	 1.503E+03
 355.800	 0.000E+00	 2.670E+03	 1.474E+03
 355.850	 0.000E+00	 2.582E+03	 1.428E+03
 355.900	 0.000E+00	 2.499E+03	 1.393E+03
 355.950	 0.000E+00	 2.410E+03	 1.368E+03
 356.000	 0.000E+00	 2.318E+03	 1.354E+03
 356.050	 0.000E+00	 2.227E+03	 1.348E+03
 356.100	 0.000E+00	 2.129E+03	 1.351E+03
 356.150	 0.000E+00	 2.027E+03	 1.355E+03
 356.200	 0.000E+00	 1.927E+03	 1.374E+03
 356.250	 0.000E+00	 1.822E+03	 1.387E+03
 356.300	 0.000E+00	 1.711E+03	 1.385E+03
 356.350	 0.000E+00	 1.601E+03	 1.396E+03
 356.400	 0.000E+00	 1.490E+03	 1.397E+03
 356.450	 0.000E+00	 1.377E+03	 1.418E+03
 356.500	 0.000E+00	 1.263E+03	 1.437E+03
 356.550	 0.000E+00	 1.150E+03	 1.469E+03
 356.600	 0.000E+00	 1.036E+03	 1.506E+03
 356.650	 0.000E+00	 9.210E+02	 1.550E+03
 356.700	 0.000E+00	 8.041E+02	 1.584E+03
 356.750	 0.000E+00	 6.864E+02	 1.606E+03
 356.800	 0.000E+00	 5.704E+02	 1.623E+03
 356.850	 0.000E+00	 4.456E+02	 1.616E+03
 356.900	 0.000E+00	 3.253E+02	 1.605E+03
 356.950	 0.000E+00	 2.044E+02	 1.596E+03
 357.000	 0.000E+00	 8.014E+01	 1.576E+03
 357.050	 0.000E+00	-4.171E+01	 1.574E+03
 357.100	 0.000E+00	-1.616E+02	 1.578E+03
 357.150	 0.000E+00	-2.854E+02	 1.572E+03
 357.200	 0.000E+00	-4.092E+02	 1.557E+03
 357.250	 0.000E+00	-5.298E+02	 1.551E+03
 357.300	 0.000E+00	-6.531E+02	 1.521E+03
 357.350	 0.000E+00	-7.808E+02	 1.477E+03
 357.400	 0.000E+00	-9.001E+02	 1.439E+03
 357.450	 0.000E+00	-1.021E+03	 1.402E+03
 357.500	 0.000E+00	-1.145E+03	 1.385E+03
 357.550	 0.000E+00	-1.262E+03	 1.387E+03
 357.600	 0.000E+00	-1.373E+03	 1.423E+03
 357.650	 0.000E+00	-1.487E+03	 1.463E+03
 357.700	 0.000E+00	-1.596E+03	 1.514E+03
 357.750	 0.000E+00	-1.696E+03	 1.563E+03
 357.800	 0.000E+00	-1.800E+03	 1.589E+03
 357.850	 0.000E+00	-1.900E+03	 1.618E+03
 357.900	 0.000E+00	-1.993E+03	 1.611E+03
 357.950	 0.000E+00	-2.087E+03	 1.606E+03
 358.000	 0.000E+00	-2.182E+03	 1.599E+03
 358.050	 0.000E+00	-2.269E+03	 1.603E+03
 358.100	 0.000E+00	-2.355E+03	 1.606E+03
 358.150	 0.000E+00	-2.444E+03	 1.625E+03
 358.200	 0.000E+00	-2.530E+03	 1.652E+03
 358.250	 0.000E+00	-2.612E+03	 1.678E+03
 358.300	 0.000E+00	-2.694E+03	 1.701E+03
 358.350	 0.000E+00	-2.775E+03	 1.707E+03
 358.400	 0.000E+00	-2.852E+03	 1.694E+03
 358.450	 0.000E+00	-2.931E+03	 1.661E+03
 358.500	 0.000E+00	-3.004E+03	 1.622E+03
 358.550	 0.000E+00	-3.075E+03	 1.570E+03
 358.600	 0.000E+00	-3.142E+03	 1.528E+03
 358.650	 0.000E+00	-3.206E+03	 1.495E+03
 358.700	 0.000E+00	-3.262E+03	 1.490E+03
 358.750	 0.000E+00	-3.310E+03	 1.520E+03
 358.800	 0.000E+00	-3.355E+03	 1.558E+03
 358.850	 0.000E+00	-3.392E+03	 1.607E+03
 358.900	 0.000E+00	-3.425E+03	 1.640E+03
 358.950	 0.000E+00	-3.456E+03	 1.634E+03
 359.000	 0.000E+00	-3.483E+03	 1.599E+03
 359.050	 0.000E+00	-3.505E+03	 1.538E+03
 359.100	 0.000E+00	-3.524E+03	 1.479E+03
 359.150	 0.000E+00	-3.542E+03	 1.420E+03
 359.200	 0.000E+00	-3.553E+03	 1.407E+03
 359.250	 0.000E+00	-3.560E+03	 1.422E+03
 359.300	 0.000E+00	-3.561E+03	 1.474E+03
 359.350	 0.000E+00	-3.561E+03	 1.522E+03
 359.400	 0.000E+00	-3.558E+03	 1.561E+03
 359.450	 0.000E+00	-3.551E+03	 1.571E+03
 359.500	 0.000E+00	-3.544E+03	 1.545E+03
 359.550	 0.000E+00	-3.533E+03	 1.486E+03
 359.600	 0.000E+00	-3.517E+03	 1.419E+03
 359.650	 0.000E+00	-3.497E+03	 1.375E+03
 359.700	 0.000E+00	-3.471E+03	 1.364E+03
 359.750	 0.000E+00	-3.437E+03	 1.389E+03
 359.800	 0.000E+00	-3.396E+03	 1.451E+03
 359.850	 0.000E+00	-3.352E+03	 1.523E+03
 359.900	 0.000E+00	-3.299E+03	 1.575E+03
 359.950	 0.000E+00	-3.242E+03	 1.602E+03
 360.000	 0.000E+00	-3.183E+03	 1.577E+03
 360.050	 0.000E+00	-3.121E+03	 1.511E+03
 360.100	 0.000E+00	-3.054E+03	 1.437E+03
 360.150	 0.000E+00	-2.990E+03	 1.393E+03
 360.200	 0.000E+00	-2.919E+03	 1.365E+03
 360.250	 0.000E+00	-2.844E+03	 1.374E+03
 360.300	 0.000E+00	-2.770E+03	 1.429E+03
 360.350	 0.000E+00	-2.695E+03	 1.491E+03
 360.400	 0.000E+00	-2.614E+03	 1.550E+03
 360.450	 0.000E+00	-2.529E+03	 1.581E+03
 360.500	 0.000E+00	-2.450E+03	 1.598E+03
 360.550	 0.000E+00	-2.358E+03	 1.587E+03
 360.600	 0.000E+00	-2.265E+03	 1.566E+03
 360.650	 0.000E+00	-2.168E+03	 1.546E+03
 360.700	 0.000E+00	-2.068E+03	 1.525E+03
 360.750	 0.000E+00	-1.958E+03	 1.509E+03
 360.800	 0.000E+00	-1.857E+03	 1.507E+03
 360.850	 0.000E+00	-1.749E+03	 1.494E+03
 360.900	 0.000E+00	-1.633E+03	 1.470E+03
 360.950	 0.000E+00	-1.530E+03	 1.425E+03
 361.000	 0.000E+00	-1.426E+03	 1.368E+03
 361.050	 0.000E+00	-1.313E+03	 1.302E+03
 361.100	 0.000E+00	-1.210E+03	 1.228E+03
 361.150	 0.000E+00	-1.102E+03	 1.179E+03
 361.200	 0.000E+00	-9.904E+02	 1.118E+03
 361.250	 0.000E+00	-8.816E+02	 1.088E+03
 361.300	 0.000E+00	-7.695E+02	 1.075E+03
 361.350	 0.000E+00	-6.530E+02	 1.058E+03
 361.400	 0.000E+00	-5.376E+02	 1.062E+03
 361.450	 0.000E+00	-4.182E+02	 1.066E+03
 361.500	 0.000E+00	-2.970E+02	 1.064E+03
 361.550	 0.000E+00	-1.696E+02	 1.062E+03
 361.600	 0.000E+00	-4.411E+01	 1.046E+03
 361.650	 0.000E+00	 8.340E+01	 1.032E+03
 361.700	 0.000E+00	 2.127E+02	 1.022E+03
 361.750	 0.000E+00	 3.402E+02	 1.018E+03
 361.800	 0.000E+00	 4.673E+02	 1.038E+03
 361.850	 0.000E+00	 5.959E+02	 1.063E+03
 361.900	 0.000E+00	 7.192E+02	 1.091E+03
 361.950	 0.000E+00	 8.384E+02	 1.112E+03
 362.000	 0.000E+00	 9.565E+02	 1.132E+03
 362.050	 0.000E+00	 1.070E+03	 1.135E+03
 362.100	 0.000E+00	 1.183E+03	 1.145E+03
 362.150	 0.000E+00	 1.298E+03	 1.153E+03
 362.200	 0.000E+00	 1.407E+03	 1.137E+03
 362.250	 0.000E+00	 1.520E+03	 1.131E+03
 362.300	 0.000E+00	 1.634E+03	 1.131E+03
 362.350	 0.000E+00	 1.742E+03	 1.134E+03
 362.400	 0.000E+00	 1.855E+03	 1.158E+03
 362.450	 0.000E+00	 1.966E+03	 1.186E+03
 362.500	 0.000E+00	 2.073E+03	 1.201E+03
 362.550	 0.000E+00	 2.177E+03	 1.212E+03
 362.600	 0.000E+00	 2.279E+03	 1.203E+03
 362.650	 0.000E+00	 2.377E+03	 1.179E+03
 362.700	 0.000E+00	 2.467E+03	 1.139E+03
 362.750	 0.000E+00	 2.552E+03	 1.093E+03
 362.800	 0.000E+00	 2.632E+03	 1.050E+03
 362.850	 0.000E+00	 2.705E+03	 1.032E+03
 362.900	 0.000E+00	 2.776E+03	 1.024E+03
 362.950	 0.000E+00	 2.843E+03	 1.034E+03
 363.000	 0.000E+00	 2.901E+03	 1.043E+03
 363.050	 0.000E+00	 2.960E+03	 1.055E+03
 363.100	 0.000E+00	 3.018E+03	 1.057E+03
 363.150	 0.000E+00	 3.075E+03	 1.058E+03
 363.200	 0.000E+00	 3.132E+03	 1.061E+03
 363.250	 0.000E+00	 3.185E+03	 1.044E+03
 363.300	 0.000E+00	 3.243E+03	 1.072E+03
 363.350	 0.000E+00	 3.294E+03	 1.086E+03
 363.400	 0.000E+00	 3.346E+03	 1.120E+03
 363.450	 0.000E+00	 3.398E+03	 1.169E+03
 363.500	 0.000E+00	 3.441E+03	 1.211E+03
 363.550	 0.000E+00	 3.479E+03	 1.240E+03
 363.600	 0.000E+00	 3.513E+03	 1.289E+03
 363.650	 0.000E+00	 3.536E+03	 1.319E+03
 363.700	 0.000E+00	 3.553E+03	 1.347E+03
 363.750	 0.000E+00	 3.559E+03	 1.351E+03
 363.800	 0.000E+00	 3.565E+03	 1.396E+03
 363.850	 0.000E+00	 3.561E+03	 1.423E+03
 363.900	 0.000E+00	 3.554E+03	 1.436E+03
 363.950	 0.000E+00	 3.543E+03	 1.467E+03
 364.000	 0.000E+00	 3.530E+03	 1.485E+03
 364.050	 0.000E+00	 3.511E+03	 1.477E+03
 364.100	 0.000E+00	 3.493E+03	 1.473E+03
 364.150	 0.000E+00	 3.471E+03	 1.452E+03
 364.200	 0.000E+00	 3.450E+03	 1.447E+03
 364.250	 0.000E+00	 3.428E+03	 1.456E+03
 364.300	 0.000E+00	 3.403E+03	 1.473E+03
 364.350	 0.000E+00	 3.376E+03	 1.500E+03
 364.400	 0.000E+00	 3.346E+03	 1.540E+03
 364.450	 0.000E+00	 3.315E+03	 1.615E+03
 364.500	 0.000E+00	 3.278E+03	 1.682E+03
 364.550	 0.000E+00	 3.235E+03	 1.729E+03
 364.600	 0.000E+00	 3.185E+03	 1.775E+03
 364.650	 0.000E+00	 3.132E+03	 1.812E+03
 364.700	 0.000E+00	 3.068E+03	 1.828E+03
 364.750	 0.000E+00	 3.001E+03	 1.833E+03
 364.800	 0.000E+00	 2.930E+03	 1.834E+03
 364.850	 0.000E+00	 2.852E+03	 1.835E+03
 364.900	 0.000E+00	 2.771E+03	 1.803E+03
 364.950	 0.000E+00	 2.685E+03	 1.771E+03
 365.000	 0.000E+00	 2.593E+03	 1.731E+03
 365.050	 0.000E+00	 2.501E+03	 1.683E+03
 365.100	 0.000E+00	 2.406E+03	 1.626E+03
 365.150	 0.000E+00	 2.306E+03	 1.583E+03
 365.200	 0.000E+00	 2.207E+03	 1.536E+03
 365.250	 0.000E+00	 2.104E+03	 1.513E+03
 365.300	 0.000E+00	 1.997E+03	 1.510E+03
 365.350	 0.000E+00	 1.896E+03	 1.536E+03
 365.400	 0.000E+00	 1.790E+03	 1.575E+03
 365.450	 0.000E+00	 1.685E+03	 1.623E+03
 365.500	 0.000E+00	 1.576E+03	 1.664E+03
 365.550	 0.000E+00	 1.467E+03	 1.697E+03
 365.600	 0.000E+00	 1.360E+03	 1.720E+03
 365.650	 0.000E+00	 1.249E+03	 1.736E+03
 365.700	 0.000E+00	 1.131E+03	 1.727E+03
 365.750	 0.000E+00	 1.019E+03	 1.724E+03
 365.800	 0.000E+00	 8.952E+02	 1.715E+03
 365.850	 0.000E+00	 7.746E+02	 1.728E+03
 365.900	 0.000E+00	 6.529E+02	 1.749E+03
 365.950	 0.000E+00	 5.292E+02	 1.768E+03
 366.000	 0.000E+00	 4.028E+02	 1.767E+03
 366.050	 0.000E+00	 2.752E+02	 1.762E+03
 366.100	 0.000E+00	 1.514E+02	 1.733E+03
 366.150	 0.000E+00	 2.584E+01	 1.678E+03
 366.200	 0.000E+00	-9.780E+01	 1.641E+03
 366.250	 0.000E+00	-2.172E+02	 1.592E+03
 366.300	 0.000E+00	-3.364E+02	 1.542E+03
 366.350	 0.000E+00	-4.551E+02	 1.522E+03
 366.400	 0.000E+00	-5.743E+02	 1.515E+03
 366.450	 0.000E+00	-6.872E+02	 1.505E+03
 366.500	 0.000E+00	-8.070E+02	 1.498E+03
 366.550	 0.000E+00	-9.233E+02	 1.506E+03
 366.600	 0.000E+00	-1.042E+03	 1.493E+03
 366.650	 0.000E+00	-1.164E+03	 1.499E+03
 366.700	 0.000E+00	-1.284E+03	 1.500E+03
 366.750	 0.000E+00	-1.403E+03	 1.524E+03
 366.800	 0.000E+00	-1.522E+03	 1.562E+03
 366.850	 0.000E+00	-1.637E+03	 1.622E+03
 366.900	 0.000E+00	-1.749E+03	 1.676E+03
 366.950	 0.000E+00	-1.856E+03	 1.742E+03
 367.000	 0.000E+00	-1.963E+03	 1.777E+03
 367.050	 0.000E+00	-2.059E+03	 1.828E+03
 367.100	 0.000E+00	-2.155E+03	 1.867E+03
 367.150	 0.000E+00	-2.246E+03	 1.903E+03
 367.200	 0.000E+00	-2.328E+03	 1.935E+03
 367.250	 0.000E+00	-2.410E+03	 1.959E+03
 367.300	 0.000E+00	-2.492E+03	 1.985E+03
 367.350	 0.000E+00	-2.571E+03	 1.994E+03
 367.400	 0.000E+00	-2.648E+03	 2.001E+03
 367.450	 0.000E+00	-2.726E+03	 1.990E+03
 367.500	 0.000E+00	-2.805E+03	 1.967E+03
 367.550	 0.000E+00	-2.881E+03	 1.939E+03
 367.600	 0.000E+00	-2.958E+03	 1.902E+03
 367.650	 0.000E+00	-3.035E+03	 1.856E+03
 367.700	 0.000E+00	-3.110E+03	 1.805E+03
 367.750	 0.000E+00	-3.184E+03	 1.753E+03
 367.800	 0.000E+00	-3.247E+03	 1.730E+03
 367.850	 0.000E+00	-3.309E+03	 1.706E+03
 367.900	 0.000E+00	-3.360E+03	 1.706E+03
 367.950	 0.000E+00	-3.404E+03	 1.713E+03
 368.000	 0.000E+00	-3.439E+03	 1.733E+03
 368.050	 0.000E+00	-3.467E+03	 1.753E+03
 368.100	 0.000E+00	-3.486E+03	 1.765E+03
 368.150	 0.000E+00	-3.499E+03	 1.782E+03
 368.200	 0.000E+00	-3.504E+03	 1.786E+03
 368.250	 0.000E+00	-3.509E+03	 1.780E+03
 368.300	 0.000E+00	-3.509E+03	 1.771E+03
 368.350	 0.000E+00	-3.514E+03	 1.753E+03
 368.400	 0.000E+00	-3.515E+03	 1.745E+03
 368.450	 0.000E+00	-3.518E+03	 1.737E+03
 368.500	 0.000E+00	-3.523E+03	 1.724E+03
 368.550	 0.000E+00	-3.526E+03	 1.752E+03
 368.600	 0.000E+00	-3.527E+03	 1.793E+03
 368.650	 0.000E+00	-3.527E+03	 1.853E+03
 368.700	 0.000E+00	-3.519E+03	 1.905E+03
 368.750	 0.000E+00	-3.508E+03	 1.939E+03
 368.800	 0.000E+00	-3.490E+03	 1.945E+03
 368.850	 0.000E+00	-3.459E+03	 1.923E+03
 368.900	 0.000E+00	-3.425E+03	 1.862E+03
 368.950	 0.000E+00	-3.382E+03	 1.775E+03
 369.000	 0.000E+00	-3.328E+03	 1.691E+03
 369.050	 0.000E+00	-3.266E+03	 1.616E+03
 369.100	 0.000E+00	-3.195E+03	 1.582E+03
 369.150	 0.000E+00	-3.121E+03	 1.538E+03
 369.200	 0.000E+00	-3.041E+03	 1.513E+03
 369.250	 0.000E+00	-2.960E+03	 1.482E+03
 369.300	 0.000E+00	-2.883E+03	 1.451E+03
 369.350	 0.000E+00	-2.806E+03	 1.389E+03
 369.400	 0.000E+00	-2.734E+03	 1.331E+03
 369.450	 0.000E+00	-2.662E+03	 1.266E+03
 369.500	 0.000E+00	-2.597E+03	 1.232E+03
 369.550	 0.000E+00	-2.527E+03	 1.235E+03
 369.600	 0.000E+00	-2.461E+03	 1.274E+03
 369.650	 0.000E+00	-2.386E+03	 1.350E+03
 369.700	 0.000E+00	-2.301E+03	 1.435E+03
 369.750	 0.000E+00	-2.214E+03	 1.493E+03
 369.800	 0.000E+00	-2.125E+03	 1.537E+03
 369.850	 0.000E+00	-2.016E+03	 1.556E+03
 369.900	 0.000E+00	-1.905E+03	 1.544E+03
 369.950	 0.000E+00	-1.787E+03	 1.560E+03
 370.000	 0.000E+00	-1.663E+03	 1.567E+03
 370.050	 0.000E+00	-1.530E+03	 1.591E+03
 370.100	 0.000E+00	-1.408E+03	 1.626E+03
 370.150	 0.000E+00	-1.275E+03	 1.681E+03
 370.200	 0.000E+00	-1.145E+03	 1.692E+03
 370.250	 0.000E+00	-1.029E+03	 1.667E+03
 370.300	 0.000E+00	-9.126E+02	 1.609E+03
 370.350	 0.000E+00	-8.001E+02	 1.523E+03
 370.400	 0.000E+00	-6.955E+02	 1.397E+03
 370.450	 0.000E+00	-5.939E+02	 1.279E+03
 370.500	 0.000E+00	-4.928E+02	 1.174E+03
 370.550	 0.000E+00	-3.901E+02	 1.115E+03
 370.600	 0.000E+00	-2.870E+02	 1.080E+03
 370.650	 0.000E+00	-1.766E+02	 1.085E+03
 370.700	 0.000E+00	-6.367E+01	 1.083E+03
 370.750	 0.000E+00	 5.788E+01	 1.099E+03
 370.800	 0.000E+00	 1.854E+02	 1.085E+03
 370.850	 0.000E+00	 3.155E+02	 1.038E+03
 370.900	 0.000E+00	 4.564E+02	 1.005E+03
 370.950	 0.000E+00	 5.970E+02	 9.632E+02
 371.000	 0.000E+00	 7.447E+02	 9.643E+02
 371.050	 0.000E+00	 8.889E+02	 9.869E+02
 371.100	 0.000E+00	 1.031E+03	 1.046E+03
 371.150	 0.000E+00	 1.167E+03	 1.112E+03
 371.200	 0.000E+00	 1.292E+03	 1.169E+03
 371.250	 0.000E+00	 1.405E+03	 1.203E+03
 371.300	 0.000E+00	 1.514E+03	 1.234E+03
 371.350	 0.000E+00	 1.609E+03	 1.252E+03
 371.400	 0.000E+00	 1.704E+03	 1.272E+03
 371.450	 0.000E+00	 1.793E+03	 1.289E+03
 371.500	 0.000E+00	 1.880E+03	 1.302E+03
 371.550	 0.000E+00	 1.968E+03	 1.325E+03
 371.600	 0.000E+00	 2.057E+03	 1.347E+03
 371.650	 0.000E+00	 2.150E+03	 1.355E+03
 371.700	 0.000E+00	 2.248E+03	 1.358E+03
 371.750	 0.000E+00	 2.350E+03	 1.340E+03
 371.800	 0.000E+00	 2.450E+03	 1.293E+03
 371.850	 0.000E+00	 2.549E+03	 1.237E+03
 371.900	 0.000E+00	 2.651E+03	 1.197E+03
 371.950	 0.000E+00	 2.748E+03	 1.149E+03
 372.000	 0.000E+00	 2.841E+03	 1.135E+03
 372.050	 0.000E+00	 2.922E+03	 1.104E+03
 372.100	 0.000E+00	 3.000E+03	 1.111E+03
 372.150	 0.000E+00	 3.069E+03	 1.141E+03
 372.200	 0.000E+00	 3.125E+03	 1.147E+03
 372.250	 0.000E+00	 3.172E+03	 1.150E+03
 372.300	 0.000E+00	 3.217E+03	 1.183E+03
 372.350	 0.000E+00	 3.255E+03	 1.204E+03
 372.400	 0.000E+00	 3.288E+03	 1.223E+03
 372.450	 0.000E+00	 3.322E+03	 1.261E+03
 372.500	 0.000E+00	 3.353E+03	 1.306E+03
 372.550	 0.000E+00	 3.384E+03	 1.352E+03
 372.600	 0.000E+00	 3.418E+03	 1.428E+03
 372.650	 0.000E+00	 3.454E+03	 1.507E+03
 372.700	 0.000E+00	 3.491E+03	 1.588E+03
 372.750	 0.000E+00	 3.530E+03	 1.696E+03
 372.800	 0.000E+00	 3.564E+03	 1.775E+03
 372.850	 0.000E+00	 3.592E+03	 1.833E+03
 372.900	 0.000E+00	 3.614E+03	 1.861E+03
 372.950	 0.000E+00	 3.629E+03	 1.884E+03
 373.000	 0.000E+00	 3.637E+03	 1.897E+03
 373.050	 0.000E+00	 3.633E+03	 1.907E+03
 373.100	 0.000E+00	 3.618E+03	 1.936E+03
 373.150	 0.000E+00	 3.595E+03	 1.978E+03
 373.200	 0.000E+00	 3.563E+03	 2.016E+03
 373.250	 0.000E+00	 3.525E+03	 2.050E+03
 373.300	 0.000E+00	 3.480E+03	 2.069E+03
 373.350	 0.000E+00	 3.432E+03	 2.051E+03
 373.400	 0.000E+00	 3.386E+03	 2.029E+03
 373.450	 0.000E+00	 3.338E+03	 2.006E+03
 373.500	 0.000E+00	 3.286E+03	 1.981E+03
 373.550	 0.000E+00	 3.240E+03	 1.992E+03
 373.600	 0.000E+00	 3.189E+03	 2.003E+03
 373.650	 0.000E+00	 3.149E+03	 2.044E+03
 373.700	 0.000E+00	 3.106E+03	 2.055E+03
 373.750	 0.000E+00	 3.057E+03	 2.055E+03
 373.800	 0.000E+00	 3.001E+03	 2.023E+03
 373.850	 0.000E+00	 2.940E+03	 1.966E+03
 373.900	 0.000E+00	 2.867E+03	 1.879E+03
 373.950	 0.000E+00	 2.788E+03	 1.821E+03
 374.000	 0.000E+00	 2.693E+03	 1.740E+03
 374.050	 0.000E+00	 2.602E+03	 1.713E+03
 374.100	 0.000E+00	 2.489E+03	 1.703E+03
 374.150	 0.000E+00	 2.373E+03	 1.691E+03
 374.200	 0.000E+00	 2.259E+03	 1.693E+03
 374.250	 0.000E+00	 2.135E+03	 1.696E+03
 374.300	 0.000E+00	 2.014E+03	 1.668E+03
 374.350	 0.000E+00	 1.898E+03	 1.639E+03
 374.400	 0.000E+00	 1.780E+03	 1.611E+03
 374.450	 0.000E+00	 1.667E+03	 1.597E+03
 374.500	 0.000E+00	 1.560E+03	 1.598E+03
 374.550	 0.000E+00	 1.459E+03	 1.626E+03
 374.600	 0.000E+00	 1.354E+03	 1.646E+03
 374.650	 0.000E+00	 1.256E+03	 1.664E+03
 374.700	 0.000E+00	 1.161E+03	 1.696E+03
 374.750	 0.000E+00	 1.061E+03	 1.714E+03
 374.800	 0.000E+00	 9.569E+02	 1.725E+03
 374.850	 0.000E+00	 8.530E+02	 1.768E+03
 374.900	 0.000E+00	 7.366E+02	 1.808E+03
 374.950	 0.000E+00	 6.182E+02	 1.854E+03
 375.000	 0.000E+00	 4.947E+02	 1.888E+03
 375.050	 0.000E+00	 3.629E+02	 1.897E+03
 375.100	 0.000E+00	 2.274E+02	 1.865E+03
 375.150	 0.000E+00	 9.379E+01	 1.833E+03
 375.200	 0.000E+00	-5.080E+01	 1.788E+03
 375.250	 0.000E+00	-1.907E+02	 1.721E+03
 375.300	 0.000E+00	-3.235E+02	 1.682E+03
 375.350	 0.000E+00	-4.602E+02	 1.648E+03
 375.400	 0.000E+00	-5.899E+02	 1.619E+03
 375.450	 0.000E+00	-7.119E+02	 1.597E+03
 375.500	 0.000E+00	-8.329E+02	 1.595E+03
 375.550	 0.000E+00	-9.489E+02	 1.577E+03
 375.600	 0.000E+00	-1.061E+03	 1.575E+03
 375.650	 0.000E+00	-1.172E+03	 1.556E+03
 375.700	 0.000E+00	-1.282E+03	 1.546E+03
 375.750	 0.000E+00	-1.391E+03	 1.542E+03
 375.800	 0.000E+00	-1.504E+03	 1.551E+03
 375.850	 0.000E+00	-1.615E+03	 1.586E+03
 375.900	 0.000E+00	-1.728E+03	 1.641E+03
 375.950	 0.000E+00	-1.843E+03	 1.711E+03
 376.000	 0.000E+00	-1.955E+03	 1.765E+03
 376.050	 0.000E+00	-2.067E+03	 1.807E+03
 376.100	 0.000E+00	-2.180E+03	 1.834E+03
 376.150	 0.000E+00	-2.285E+03	 1.849E+03
 376.200	 0.000E+00	-2.384E+03	 1.850E+03
 376.250	 0.000E+00	-2.481E+03	 1.845E+03
 376.300	 0.000E+00	-2.571E+03	 1.845E+03
 376.350	 0.000E+00	-2.652E+03	 1.838E+03
 376.400	 0.000E+00	-2.734E+03	 1.834E+03
 376.450	 0.000E+00	-2.809E+03	 1.810E+03
 376.500	 0.000E+00	-2.880E+03	 1.784E+03
 376.550	 0.000E+00	-2.952E+03	 1.741E+03
 376.600	 0.000E+00	-3.021E+03	 1.689E+03
 376.650	 0.000E+00	-3.085E+03	 1.645E+03
 376.700	 0.000E+00	-3.153E+03	 1.580E+03
 376.750	 0.000E+00	-3.217E+03	 1.534E+03
 376.800	 0.000E+00	-3.276E+03	 1.518E+03
 376.850	 0.000E+00	-3.329E+03	 1.540E+03
 376.900	 0.000E+00	-3.379E+03	 1.579E+03
 376.950	 0.000E+00	-3.422E+03	 1.636E+03
 377.000	 0.000E+00	-3.459E+03	 1.696E+03
 377.050	 0.000E+00	-3.491E+03	 1.742E+03
 377.100	 0.000E+00	-3.515E+03	 1.770E+03
 377.150	 0.000E+00	-3.530E+03	 1.802E+03
 377.200	 0.000E+00	-3.541E+03	 1.814E+03
 377.250	 0.000E+00	-3.541E+03	 1.842E+03
 377.300	 0.000E+00	-3.538E+03	 1.873E+03
 377.350	 0.000E+00	-3.529E+03	 1.923E+03
 377.400	 0.000E+00	-3.519E+03	 1.978E+03
 377.450	 0.000E+00	-3.508E+03	 2.039E+03
 377.500	 0.000E+00	-3.496E+03	 2.091E+03
 377.550	 0.000E+00	-3.483E+03	 2.123E+03
 377.600	 0.000E+00	-3.474E+03	 2.124E+03
 377.650	 0.000E+00	-3.463E+03	 2.094E+03
 377.700	 0.000E+00	-3.448E+03	 2.057E+03
 377.750	 0.000E+00	-3.437E+03	 2.013E+03
 377.800	 0.000E+00	-3.417E+03	 1.960E+03
 377.850	 0.000E+00	-3.394E+03	 1.926E+03
 377.900	 0.000E+00	-3.366E+03	 1.894E+03
 377.950	 0.000E+00	-3.323E+03	 1.871E+03
 378.000	 0.000E+00	-3.277E+03	 1.831E+03
 378.050	 0.000E+00	-3.230E+03	 1.798E+03
 378.100	 0.000E+00	-3.166E+03	 1.739E+03
 378.150	 0.000E+00	-3.099E+03	 1.682E+03
 378.200	 0.000E+00	-3.028E+03	 1.624E+03
 378.250	 0.000E+00	-2.948E+03	 1.555E+03
 378.300	 0.000E+00	-2.872E+03	 1.494E+03
 378.350	 0.000E+00	-2.782E+03	 1.454E+03
 378.400	 0.000E+00	-2.701E+03	 1.432E+03
 378.450	 0.000E+00	-2.609E+03	 1.411E+03
 378.500	 0.000E+00	-2.522E+03	 1.409E+03
 378.550	 0.000E+00	-2.435E+03	 1.386E+03
 378.600	 0.000E+00	-2.349E+03	 1.375E+03
 378.650	 0.000E+00	-2.256E+03	 1.365E+03
 378.700	 0.000E+00	-2.172E+03	 1.344E+03
 378.750	 0.000E+00	-2.081E+03	 1.321E+03
 378.800	 0.000E+00	-1.990E+03	 1.316E+03
 378.850	 0.000E+00	-1.896E+03	 1.326E+03
 378.900	 0.000E+00	-1.798E+03	 1.352E+03
 378.950	 0.000E+00	-1.689E+03	 1.414E+03
 379.000	 0.000E+00	-1.577E+03	 1.481E+03
 379.050	 0.000E+00	-1.452E+03	 1.556E+03
 379.100	 0.000E+00	-1.329E+03	 1.611E+03
 379.150	 0.000E+00	-1.195E+03	 1.641E+03
 379.200	 0.000E+00	-1.064E+03	 1.639E+03
 379.250	 0.000E+00	-9.259E+02	 1.617E+03
 379.300	 0.000E+00	-7.879E+02	 1.590E+03
 379.350	 0.000E+00	-6.543E+02	 1.577E+03
 379.400	 0.000E+00	-5.187E+02	 1.581E+03
 379.450	 0.000E+00	-3.802E+02	 1.598E+03
 379.500	 0.000E+00	-2.492E+02	 1.603E+03
 379.550	 0.000E+00	-1.301E+02	 1.598E+03
 379.600	 0.000E+00	-2.016E+00	 1.564E+03
 379.650	 0.000E+00	 1.174E+02	 1.516E+03
 379.700	 0.000E+00	 2.293E+02	 1.422E+03
 379.750	 0.000E+00	 3.493E+02	 1.325E+03
 379.800	 0.000E+00	 4.682E+02	 1.234E+03
 379.850	 0.000E+00	 5.779E+02	 1.151E+03
 379.900	 0.000E+00	 6.961E+02	 1.101E+03
 379.950	 0.000E+00	 8.195E+02	 1.085E+03
 380.000	 0.000E+00	 9.388E+02	 1.106E+03
 380.050	 0.000E+00	 1.060E+03	 1.141E+03
 380.100	 0.000E+00	 1.187E+03	 1.174E+03
 380.150	 0.000E+00	 1.310E+03	 1.186E+03
 380.200	 0.000E+00	 1.430E+03	 1.180E+03
 380.250	 0.000E+00	 1.551E+03	 1.154E+03
 380.300	 0.000E+00	 1.672E+03	 1.132E+03
 380.350	 0.000E+00	 1.785E+03	 1.121E+03
 380.400	 0.000E+00	 1.901E+03	 1.141E+03
 380.450	 0.000E+00	 2.011E+03	 1.193E+03
 380.500	 0.000E+00	 2.112E+03	 1.262E+03
 380.550	 0.000E+00	 2.214E+03	 1.353E+03
 380.600	 0.000E+00	 2.309E+03	 1.430E+03
 380.650	 0.000E+00	 2.397E+03	 1.479E+03
 380.700	 0.000E+00	 2.486E+03	 1.504E+03
 380.750	 0.000E+00	 2.574E+03	 1.495E+03
 380.800	 0.000E+00	 2.656E+03	 1.443E+03
 380.850	 0.000E+00	 2.739E+03	 1.395E+03
 380.900	 0.000E+00	 2.824E+03	 1.346E+03
 380.950	 0.000E+00	 2.904E+03	 1.295E+03
 381.000	 0.000E+00	 2.982E+03	 1.284E+03
 381.050	 0.000E+00	 3.053E+03	 1.274E+03
 381.100	 0.000E+00	 3.123E+03	 1.297E+03
 381.150	 0.000E+00	 3.182E+03	 1.306E+03
 381.200	 0.000E+00	 3.234E+03	 1.316E+03
 381.250	 0.000E+00	 3.278E+03	 1.315E+03
 381.300	 0.000E+00	 3.323E+03	 1.345E+03
 381.350	 0.000E+00	 3.359E+03	 1.354E+03
 381.400	 0.000E+00	 3.393E+03	 1.390E+03
 381.450	 0.000E+00	 3.421E+03	 1.416E+03
 381.500	 0.000E+00	 3.450E+03	 1.471E+03
 381.550	 0.000E+00	 3.479E+03	 1.537E+03
 381.600	 0.000E+00	 3.503E+03	 1.578E+03
 381.650	 0.000E+00	 3.529E+03	 1.642E+03
 381.700	 0.000E+00	 3.550E+03	 1.687E+03
 381.750	 0.000E+00	 3.565E+03	 1.705E+03
 381.800	 0.000E+00	 3.577E+03	 1.721E+03
 381.850	 0.000E+00	 3.590E+03	 1.760E+03
 381.900	 0.000E+00	 3.594E+03	 1.788E+03
 381.950	 0.000E+00	 3.594E+03	 1.823E+03
 382.000	 0.000E+00	 3.585E+03	 1.876E+03
 382.050	 0.000E+00	 3.571E+03	 1.958E+03
 382.100	 0.000E+00	 3.548E+03	 2.005E+03
 382.150	 0.000E+00	 3.520E+03	 2.056E+03
 382.200	 0.000E+00	 3.483E+03	 2.110E+03
 382.250	 0.000E+00	 3.442E+03	 2.125E+03
 382.300	 0.000E+00	 3.393E+03	 2.108E+03
 382.350	 0.000E+00	 3.338E+03	 2.095E+03
 382.400	 0.000E+00	 3.277E+03	 2.077E+03
 382.450	 0.000E+00	 3.219E+03	 2.065E+03
 382.500	 0.000E+00	 3.154E+03	 2.060E+03
 382.550	 0.000E+00	 3.090E+03	 2.070E+03
 382.600	 0.000E+00	 3.029E+03	 2.056E+03
 382.650	 0.000E+00	 2.960E+03	 2.002E+03
 382.700	 0.000E+00	 2.890E+03	 1.965E+03
 382.750	 0.000E+00	 2.817E+03	 1.889E+03
 382.800	 0.000E+00	 2.741E+03	 1.809E+03
 382.850	 0.000E+00	 2.660E+03	 1.762E+03
 382.900	 0.000E+00	 2.568E+03	 1.715E+03
 382.950	 0.000E+00	 2.477E+03	 1.694E+03
 383.000	 0.000E+00	 2.380E+03	 1.696E+03
 383.050	 0.000E+00	 2.271E+03	 1.713E+03
 383.100	 0.000E+00	 2.165E+03	 1.732E+03
 383.150	 0.000E+00	 2.052E+03	 1.734E+03
 383.200	 0.000E+00	 1.935E+03	 1.721E+03
 383.250	 0.000E+00	 1.817E+03	 1.700E+03
 383.300	 0.000E+00	 1.700E+03	 1.674E+03
 383.350	 0.000E+00	 1.579E+03	 1.643E+03
 383.400	 0.000E+00	 1.464E+03	 1.659E+03
 383.450	 0.000E+00	 1.345E+03	 1.655E+03
 383.500	 0.000E+00	 1.231E+03	 1.701E+03
 383.550	 0.000E+00	 1.112E+03	 1.734E+03
 383.600	 0.000E+00	 9.959E+02	 1.766E+03
 383.650	 0.000E+00	 8.848E+02	 1.809E+03
 383.700	 0.000E+00	 7.668E+02	 1.831E+03
 383.750	 0.000E+00	 6.504E+02	 1.861E+03
 383.800	 0.000E+00	 5.315E+02	 1.869E+03
 383.850	 0.000E+00	 4.182E+02	 1.871E+03
 383.900	 0.000E+00	 2.981E+02	 1.881E+03
 383.950	 0.000E+00	 1.751E+02	 1.902E+03
 384.000	 0.000E+00	 5.818E+01	 1.912E+03
 384.050	 0.000E+00	-6.524E+01	 1.919E+03
 384.100	 0.000E+00	-1.959E+02	 1.897E+03
 384.150	 0.000E+00	-3.235E+02	 1.867E+03
 384.200	 0.000E+00	-4.518E+02	 1.817E+03
 384.250	 0.000E+00	-5.841E+02	 1.779E+03
 384.300	 0.000E+00	-7.206E+02	 1.714E+03
 384.350	 0.000E+00	-8.471E+02	 1.678E+03
 384.400	 0.000E+00	-9.808E+02	 1.638E+03
 384.450	 0.000E+00	-1.111E+03	 1.620E+03
 384.500	 0.000E+00	-1.230E+03	 1.610E+03
 384.550	 0.000E+00	-1.356E+03	 1.596E+03
 384.600	 0.000E+00	-1.479E+03	 1.583E+03
 384.650	 0.000E+00	-1.589E+03	 1.600E+03
 384.700	 0.000E+00	-1.707E+03	 1.615E+03
 384.750	 0.000E+00	-1.823E+03	 1.640E+03
 384.800	 0.000E+00	-1.927E+03	 1.685E+03
 384.850	 0.000E+00	-2.033E+03	 1.729E+03
 384.900	 0.000E+00	-2.140E+03	 1.771E+03
 384.950	 0.000E+00	-2.242E+03	 1.801E+03
 385.000	 0.000E+00	-2.337E+03	 1.844E+03
 385.050	 0.000E+00	-2.432E+03	 1.841E+03
 385.100	 0.000E+00	-2.522E+03	 1.842E+03
 385.150	 0.000E+00	-2.610E+03	 1.837E+03
 385.200	 0.000E+00	-2.696E+03	 1.830E+03
 385.250	 0.000E+00	-2.782E+03	 1.811E+03
 385.300	 0.000E+00	-2.861E+03	 1.813E+03
 385.350	 0.000E+00	-2.942E+03	 1.789E+03
 385.400	 0.000E+00	-3.018E+03	 1.786E+03
 385.450	 0.000E+00	-3.090E+03	 1.774E+03
 385.500	 0.000E+00	-3.156E+03	 1.769E+03
 385.550	 0.000E+00	-3.213E+03	 1.767E+03
 385.600	 0.000E+00	-3.267E+03	 1.775E+03
 385.650	 0.000E+00	-3.313E+03	 1.785E+03
 385.700	 0.000E+00	-3.354E+03	 1.796E+03
 385.750	 0.000E+00	-3.386E+03	 1.835E+03
 385.800	 0.000E+00	-3.414E+03	 1.873E+03
 385.850	 0.000E+00	-3.436E+03	 1.935E+03
 385.900	 0.000E+00	-3.454E+03	 2.012E+03
 385.950	 0.000E+00	-3.467E+03	 2.096E+03
 386.000	 0.000E+00	-3.478E+03	 2.182E+03
 386.050	 0.000E+00	-3.485E+03	 2.264E+03
 386.100	 0.000E+00	-3.493E+03	 2.325E+03
 386.150	 0.000E+00	-3.497E+03	 2.353E+03
 386.200	 0.000E+00	-3.498E+03	 2.368E+03
 386.250	 0.000E+00	-3.502E+03	 2.337E+03
 386.300	 0.000E+00	-3.498E+03	 2.310E+03
 386.350	 0.000E+00	-3.493E+03	 2.264E+03
 386.400	 0.000E+00	-3.482E+03	 2.234E+03
 386.450	 0.000E+00	-3.464E+03	 2.211E+03
 386.500	 0.000E+00	-3.440E+03	 2.206E+03
 386.550	 0.000E+00	-3.416E+03	 2.212E+03
 386.600	 0.000E+00	-3.380E+03	 2.242E+03
 386.650	 0.000E+00	-3.339E+03	 2.274E+03
 386.700	 0.000E+00	-3.291E+03	 2.289E+03
 386.750	 0.000E+00	-3.237E+03	 2.276E+03
 386.800	 0.000E+00	-3.180E+03	 2.243E+03
 386.850	 0.000E+00	-3.118E+03	 2.192E+03
 386.900	 0.000E+00	-3.052E+03	 2.112E+03
 386.950	 0.000E+00	-2.992E+03	 2.047E+03
 387.000	 0.000E+00	-2.925E+03	 1.985E+03
 387.050	 0.000E+00	-2.855E+03	 1.930E+03
 387.100	 0.000E+00	-2.792E+03	 1.881E+03
 387.150	 0.000E+00	-2.719E+03	 1.823E+03
 387.200	 0.000E+00	-2.655E+03	 1.759E+03
 387.250	 0.000E+00	-2.578E+03	 1.689E+03
 387.300	 0.000E+00	-2.506E+03	 1.573E+03
 387.350	 0.000E+00	-2.426E+03	 1.468E+03
 387.400	 0.000E+00	-2.341E+03	 1.371E+03
 387.450	 0.000E+00	-2.251E+03	 1.271E+03
 387.500	 0.000E+00	-2.155E+03	 1.209E+03
 387.550	 0.000E+00	-2.054E+03	 1.182E+03
 387.600	 0.000E+00	-1.943E+03	 1.198E+03
 387.650	 0.000E+00	-1.831E+03	 1.255E+03
 387.700	 0.000E+00	-1.709E+03	 1.334E+03
 387.750	 0.000E+00	-1.585E+03	 1.423E+03
 387.800	 0.000E+00	-1.453E+03	 1.537E+03
 387.850	 0.000E+00	-1.317E+03	 1.661E+03
 387.900	 0.000E+00	-1.179E+03	 1.756E+03
 387.950	 0.000E+00	-1.046E+03	 1.829E+03
 388.000	 0.000E+00	-9.084E+02	 1.893E+03
 388.050	 0.000E+00	-7.699E+02	 1.957E+03
 388.100	 0.000E+00	-6.357E+02	 2.002E+03
 388.150	 0.000E+00	-4.985E+02	 2.055E+03
 388.200	 0.000E+00	-3.638E+02	 2.069E+03
 388.250	 0.000E+00	-2.380E+02	 2.066E+03
 388.300	 0.000E+00	-1.078E+02	 2.013E+03
 388.350	 0.000E+00	 1.723E+01	 1.930E+03
 388.400	 0.000E+00	 1.414E+02	 1.802E+03
 388.450	 0.000E+00	 2.609E+02	 1.660E+03
 388.500	 0.000E+00	 3.825E+02	 1.488E+03
 388.550	 0.000E+00	 5.030E+02	 1.340E+03
 388.600	 0.000E+00	 6.210E+02	 1.233E+03
 388.650	 0.000E+00	 7.429E+02	 1.161E+03
 388.700	 0.000E+00	 8.608E+02	 1.132E+03
 388.750	 0.000E+00	 9.785E+02	 1.110E+03
 388.800	 0.000E+00	 1.095E+03	 1.100E+03
 388.850	 0.000E+00	 1.213E+03	 1.105E+03
 388.900	 0.000E+00	 1.331E+03	 1.086E+03
 388.950	 0.000E+00	 1.452E+03	 1.075E+03
 389.000	 0.000E+00	 1.570E+03	 1.054E+03
 389.050	 0.000E+00	 1.691E+03	 1.051E+03
 389.100	 0.000E+00	 1.813E+03	 1.072E+03
 389.150	 0.000E+00	 1.933E+03	 1.118E+03
 389.200	 0.000E+00	 2.051E+03	 1.166E+03
 389.250	 0.000E+00	 2.166E+03	 1.220E+03
 389.300	 0.000E+00	 2.275E+03	 1.271E+03
 389.350	 0.000E+00	 2.378E+03	 1.306E+03
 389.400	 0.000E+00	 2.475E+03	 1.319E+03
 389.450	 0.000E+00	 2.565E+03	 1.303E+03
 389.500	 0.000E+00	 2.651E+03	 1.297E+03
 389.550	 0.000E+00	 2.731E+03	 1.283E+03
 389.600	 0.000E+00	 2.805E+03	 1.255E+03
 389.650	 0.000E+00	 2.874E+03	 1.237E+03
 389.700	 0.000E+00	 2.943E+03	 1.245E+03
 389.750	 0.000E+00	 3.002E+03	 1.230E+03
 389.800	 0.000E+00	 3.060E+03	 1.247E+03
 389.850	 0.000E+00	 3.121E+03	 1.297E+03
 389.900	 0.000E+00	 3.174E+03	 1.330E+03
 389.950	 0.000E+00	 3.227E+03	 1.383E+03
 390.000	 0.000E+00	 3.279E+03	 1.430E+03
 390.050	 0.000E+00	 3.340E+03	 1.531E+03
 390.100	 0.000E+00	 3.389E+03	 1.590E+03
 390.150	 0.000E+00	 3.445E+03	 1.701E+03
 390.200	 0.000E+00	 3.496E+03	 1.812E+03
 390.250	 0.000E+00	 3.543E+03	 1.913E+03
 390.300	 0.000E+00	 3.586E+03	 2.004E+03
 390.350	 0.000E+00	 3.619E+03	 2.068E+03
 390.400	 0.000E+00	 3.646E+03	 2.103E+03
 390.450	 0.000E+00	 3.662E+03	 2.115E+03
 390.500	 0.000E+00	 3.677E+03	 2.119E+03
 390.550	 0.000E+00	 3.672E+03	 2.111E+03
 390.600	 0.000E+00	 3.664E+03	 2.110E+03
 390.650	 0.000E+00	 3.641E+03	 2.098E+03
 390.700	 0.000E+00	 3.612E+03	 2.083E+03
 390.750	 0.000E+00	 3.573E+03	 2.027E+03
 390.800	 0.000E+00	 3.534E+03	 1.979E+03
 390.850	 0.000E+00	 3.485E+03	 1.917E+03
 390.900	 0.000E+00	 3.434E+03	 1.849E+03
 390.950	 0.000E+00	 3.381E+03	 1.769E+03
 391.000	 0.000E+00	 3.324E+03	 1.722E+03
 391.050	 0.000E+00	 3.269E+03	 1.706E+03
 391.100	 0.000E+00	 3.219E+03	 1.738E+03
 391.150	 0.000E+00	 3.162E+03	 1.784E+03
 391.200	 0.000E+00	 3.111E+03	 1.858E+03
 391.250	 0.000E+00	 3.059E+03	 1.916E+03
 391.300	 0.000E+00	 3.004E+03	 1.973E+03
 391.350	 0.000E+00	 2.941E+03	 1.987E+03
 391.400	 0.000E+00	 2.880E+03	 2.011E+03
 391.450	 0.000E+00	 2.807E+03	 1.984E+03
 391.500	 0.000E+00	 2.733E+03	 2.009E+03
 391.550	 0.000E+00	 2.647E+03	 2.009E+03
 391.600	 0.000E+00	 2.563E+03	 2.044E+03
 391.650	 0.000E+00	 2.458E+03	 2.059E+03
 391.700	 0.000E+00	 2.356E+03	 2.081E+03
 391.750	 0.000E+00	 2.247E+03	 2.069E+03
 391.800	 0.000E+00	 2.129E+03	 2.047E+03
 391.850	 0.000E+00	 2.007E+03	 1.993E+03
 391.900	 0.000E+00	 1.882E+03	 1.938E+03
 391.950	 0.000E+00	 1.757E+03	 1.883E+03
 392.000	 0.000E+00	 1.635E+03	 1.863E+03
 392.050	 0.000E+00	 1.512E+03	 1.840E+03
 392.100	 0.000E+00	 1.397E+03	 1.827E+03
 392.150	 0.000E+00	 1.273E+03	 1.828E+03
 392.200	 0.000E+00	 1.155E+03	 1.819E+03
 392.250	 0.000E+00	 1.046E+03	 1.819E+03
 392.300	 0.000E+00	 9.242E+02	 1.827E+03
 392.350	 0.000E+00	 8.071E+02	 1.834E+03
 392.400	 0.000E+00	 6.947E+02	 1.857E+03
 392.450	 0.000E+00	 5.735E+02	 1.893E+03
 392.500	 0.000E+00	 4.530E+02	 1.927E+03
 392.550	 0.000E+00	 3.329E+02	 1.948E+03
 392.600	 0.000E+00	 2.068E+02	 1.968E+03
 392.650	 0.000E+00	 7.789E+01	 1.976E+03
 392.700	 0.000E+00	-4.711E+01	 1.992E+03
 392.750	 0.000E+00	-1.799E+02	 2.016E+03
 392.800	 0.000E+00	-3.067E+02	 2.033E+03
 392.850	 0.000E+00	-4.323E+02	 2.053E+03
 392.900	 0.000E+00	-5.614E+02	 2.066E+03
 392.950	 0.000E+00	-6.919E+02	 2.082E+03
 393.000	 0.000E+00	-8.110E+02	 2.081E+03
 393.050	 0.000E+00	-9.306E+02	 2.076E+03
 393.100	 0.000E+00	-1.062E+03	 2.033E+03
 393.150	 0.000E+00	-1.180E+03	 1.984E+03
 393.200	 0.000E+00	-1.300E+03	 1.939E+03
 393.250	 0.000E+00	-1.427E+03	 1.875E+03
 393.300	 0.000E+00	-1.544E+03	 1.828E+03
 393.350	 0.000E+00	-1.671E+03	 1.777E+03
 393.400	 0.000E+00	-1.796E+03	 1.751E+03
 393.450	 0.000E+00	-1.914E+03	 1.728E+03
 393.500	 0.000E+00	-2.035E+03	 1.714E+03
 393.550	 0.000E+00	-2.153E+03	 1.715E+03
 393.600	 0.000E+00	-2.265E+03	 1.724E+03
 393.650	 0.000E+00	-2.367E+03	 1.753E+03
 393.700	 0.000E+00	-2.468E+03	 1.765E+03
 393.750	 0.000E+00	-2.564E+03	 1.753E+03
 393.800	 0.000E+00	-2.651E+03	 1.748E+03
 393.850	 0.000E+00	-2.731E+03	 1.756E+03
 393.900	 0.000E+00	-2.806E+03	 1.761E+03
 393.950	 0.000E+00	-2.876E+03	 1.803E+03
 394.000	 0.000E+00	-2.938E+03	 1.869E+03
 394.050	 0.000E+00	-3.003E+03	 1.932E+03
 394.100	 0.000E+00	-3.060E+03	 2.012E+03
 394.150	 0.000E+00	-3.114E+03	 2.085E+03
 394.200	 0.000E+00	-3.166E+03	 2.134E+03
 394.250	 0.000E+00	-3.212E+03	 2.201E+03
 394.300	 0.000E+00	-3.254E+03	 2.257E+03
 394.350	 0.000E+00	-3.291E+03	 2.303E+03
 394.400	 0.000E+00	-3.324E+03	 2.352E+03
 394.450	 0.000E+00	-3.356E+03	 2.391E+03
 394.500	 0.000E+00	-3.384E+03	 2.398E+03
 394.550	 0.000E+00	-3.407E+03	 2.408E+03
 394.600	 0.000E+00	-3.428E+03	 2.401E+03
 394.650	 0.000E+00	-3.446E+03	 2.386E+03
 394.700	 0.000E+00	-3.460E+03	 2.382E+03
 394.750	 0.000E+00	-3.470E+03	 2.374E+03
 394.800	 0.000E+00	-3.478E+03	 2.379E+03
 394.850	 0.000E+00	-3.479E+03	 2.403E+03
 394.900	 0.000E+00	-3.479E+03	 2.406E+03
 394.950	 0.000E+00	-3.470E+03	 2.401E+03
 395.000	 0.000E+00	-3.461E+03	 2.367E+03
 395.050	 0.000E+00	-3.446E+03	 2.319E+03
 395.100	 0.000E+00	-3.421E+03	 2.282E+03
 395.150	 0.000E+00	-3.393E+03	 2.258E+03
 395.200	 0.000E+00	-3.360E+03	 2.239E+03
 395.250	 0.000E+00	-3.316E+03	 2.233E+03
 395.300	 0.000E+00	-3.270E+03	 2.251E+03
 395.350	 0.000E+00	-3.214E+03	 2.255E+03
 395.400	 0.000E+00	-3.161E+03	 2.216E+03
 395.450	 0.000E+00	-3.101E+03	 2.193E+03
 395.500	 0.000E+00	-3.045E+03	 2.125E+03
 395.550	 0.000E+00	-2.974E+03	 2.064E+03
 395.600	 0.000E+00	-2.917E+03	 1.998E+03
 395.650	 0.000E+00	-2.851E+03	 1.950E+03
 395.700	 0.000E+00	-2.781E+03	 1.887E+03
 395.750	 0.000E+00	-2.715E+03	 1.847E+03
 395.800	 0.000E+00	-2.641E+03	 1.809E+03
 395.850	 0.000E+00	-2.571E+03	 1.764E+03
 395.900	 0.000E+00	-2.492E+03	 1.742E+03
 395.950	 0.000E+00	-2.406E+03	 1.695E+03
 396.000	 0.000E+00	-2.319E+03	 1.664E+03
 396.050	 0.000E+00	-2.224E+03	 1.610E+03
 396.100	 0.000E+00	-2.119E+03	 1.564E+03
 396.150	 0.000E+00	-2.017E+03	 1.514E+03
 396.200	 0.000E+00	-1.899E+03	 1.488E+03
 396.250	 0.000E+00	-1.781E+03	 1.475E+03
 396.300	 0.000E+00	-1.661E+03	 1.484E+03
 396.350	 0.000E+00	-1.534E+03	 1.511E+03
 396.400	 0.000E+00	-1.399E+03	 1.588E+03
 396.450	 0.000E+00	-1.268E+03	 1.676E+03
 396.500	 0.000E+00	-1.137E+03	 1.794E+03
 396.550	 0.000E+00	-1.005E+03	 1.900E+03
 396.600	 0.000E+00	-8.786E+02	 2.011E+03
 396.650	 0.000E+00	-7.467E+02	 2.107E+03
 396.700	 0.000E+00	-6.151E+02	 2.170E+03
 396.750	 0.000E+00	-4.843E+02	 2.217E+03
 396.800	 0.000E+00	-3.518E+02	 2.226E+03
 396.850	 0.000E+00	-2.210E+02	 2.185E+03
 396.900	 0.000E+00	-8.480E+01	 2.115E+03
 396.950	 0.000E+00	 4.160E+01	 2.016E+03
 397.000	 0.000E+00	 1.722E+02	 1.905E+03
 397.050	 0.000E+00	 3.001E+02	 1.780E+03
 397.100	 0.000E+00	 4.269E+02	 1.670E+03
 397.150	 0.000E+00	 5.507E+02	 1.581E+03
 397.200	 0.000E+00	 6.700E+02	 1.497E+03
 397.250	 0.000E+00	 7.888E+02	 1.427E+03
 397.300	 0.000E+00	 9.033E+02	 1.379E+03
 397.350	 0.000E+00	 1.020E+03	 1.344E+03
 397.400	 0.000E+00	 1.136E+03	 1.311E+03
 397.450	 0.000E+00	 1.255E+03	 1.273E+03
 397.500	 0.000E+00	 1.367E+03	 1.237E+03
 397.550	 0.000E+00	 1.487E+03	 1.227E+03
 397.600	 0.000E+00	 1.606E+03	 1.232E+03
 397.650	 0.000E+00	 1.725E+03	 1.250E+03
 397.700	 0.000E+00	 1.848E+03	 1.282E+03
 397.750	 0.000E+00	 1.969E+03	 1.319E+03
 397.800	 0.000E+00	 2.091E+03	 1.362E+03
 397.850	 0.000E+00	 2.204E+03	 1.371E+03
 397.900	 0.000E+00	 2.320E+03	 1.399E+03
 397.950	 0.000E+00	 2.433E+03	 1.407E+03
 398.000	 0.000E+00	 2.534E+03	 1.398E+03
 398.050	 0.000E+00	 2.631E+03	 1.413E+03
 398.100	 0.000E+00	 2.724E+03	 1.402E+03
 398.150	 0.000E+00	 2.805E+03	 1.391E+03
 398.200	 0.000E+00	 2.882E+03	 1.401E+03
 398.250	 0.000E+00	 2.949E+03	 1.384E+03
 398.300	 0.000E+00	 3.014E+03	 1.382E+03
 398.350	 0.000E+00	 3.075E+03	 1.393E+03
 398.400	 0.000E+00	 3.131E+03	 1.388E+03
 398.450	 0.000E+00	 3.183E+03	 1.387E+03
 398.500	 0.000E+00	 3.234E+03	 1.397E+03
 398.550	 0.000E+00	 3.286E+03	 1.427E+03
 398.600	 0.000E+00	 3.338E+03	 1.476E+03
 398.650	 0.000E+00	 3.387E+03	 1.521E+03
 398.700	 0.000E+00	 3.437E+03	 1.570E+03
 398.750	 0.000E+00	 3.485E+03	 1.621E+03
 398.800	 0.000E+00	 3.532E+03	 1.679E+03
 398.850	 0.000E+00	 3.565E+03	 1.688E+03
 398.900	 0.000E+00	 3.600E+03	 1.749E+03
 398.950	 0.000E+00	 3.624E+03	 1.802E+03
 399.000	 0.000E+00	 3.646E+03	 1.888E+03
 399.050	 0.000E+00	 3.661E+03	 1.981E+03
 399.100	 0.000E+00	 3.670E+03	 2.117E+03
 399.150	 0.000E+00	 3.668E+03	 2.221E+03
 399.200	 0.000E+00	 3.659E+03	 2.307E+03
 399.250	 0.000E+00	 3.645E+03	 2.343E+03
 399.300	 0.000E+00	 3.619E+03	 2.332E+03
 399.350	 0.000E+00	 3.591E+03	 2.309E+03
 399.400	 0.000E+00	 3.557E+03	 2.281E+03
 399.450	 0.000E+00	 3.521E+03	 2.267E+03
 399.500	 0.000E+00	 3.476E+03	 2.252E+03
 399.550	 0.000E+00	 3.430E+03	 2.231E+03
 399.600	 0.000E+00	 3.374E+03	 2.192E+03
 399.650	 0.000E+00	 3.319E+03	 2.128E+03
 399.700	 0.000E+00	 3.262E+03	 2.060E+03
 399.750	 0.000E+00	 3.198E+03	 1.992E+03
 399.800	 0.000E+00	 3.131E+03	 1.919E+03
 399.850	 0.000E+00	 3.065E+03	 1.876E+03
 399.900	 0.000E+00	 2.985E+03	 1.844E+03
 399.950	 0.000E+00	 2.905E+03	 1.849E+03
 400.000	 0.000E+00	 2.819E+03	 1.864E+03
 400.050	 0.000E+00	 2.734E+03	 1.912E+03
 400.100	 0.000E+00	 2.637E+03	 1.957E+03
 400.150	 0.000E+00	 2.546E+03	 2.013E+03
 400.200	 0.000E+00	 2.448E+03	 2.067E+03
 400.250	 0.000E+00	 2.349E+03	 2.107E+03
 400.300	 0.000E+00	 2.240E+03	 2.097E+03
 400.350	 0.000E+00	 2.142E+03	 2.113E+03
 400.400	 0.000E+00	 2.035E+03	 2.113E+03
 400.450	 0.000E+00	 1.928E+03	 2.136E+03
 400.500	 0.000E+00	 1.820E+03	 2.168E+03
 400.550	 0.000E+00	 1.708E+03	 2.222E+03
 400.600	 0.000E+00	 1.600E+03	 2.294E+03
 400.650	 0.000E+00	 1.485E+03	 2.340E+03
 400.700	 0.000E+00	 1.370E+03	 2.344E+03
 400.750	 0.000E+00	 1.250E+03	 2.308E+03
 400.800	 0.000E+00	 1.130E+03	 2.259E+03
 400.850	 0.000E+00	 1.004E+03	 2.169E+03
 400.900	 0.000E+00	 8.682E+02	 2.076E+03
 400.950	 0.000E+00	 7.425E+02	 2.034E+03
 401.000	 0.000E+00	 6.069E+02	 1.981E+03
 401.050	 0.000E+00	 4.695E+02	 1.960E+03
 401.100	 0.000E+00	 3.351E+02	 1.966E+03
 401.150	 0.000E+00	 1.973E+02	 1.991E+03
 401.200	 0.000E+00	 5.937E+01	 1.991E+03
 401.250	 0.000E+00	-7.645E+01	 1.973E+03
 401.300	 0.000E+00	-2.096E+02	 1.957E+03
 401.350	 0.000E+00	-3.399E+02	 1.920E+03
 401.400	 0.000E+00	-4.690E+02	 1.889E+03
 401.450	 0.000E+00	-5.900E+02	 1.900E+03
 401.500	 0.000E+00	-7.187E+02	 1.929E+03
 401.550	 0.000E+00	-8.374E+02	 1.975E+03
 401.600	 0.000E+00	-9.550E+02	 2.046E+03
 401.650	 0.000E+00	-1.081E+03	 2.084E+03
 401.700	 0.000E+00	-1.204E+03	 2.120E+03
 401.750	 0.000E+00	-1.323E+03	 2.120E+03
 401.800	 0.000E+00	-1.451E+03	 2.071E+03
 401.850	 0.000E+00	-1.576E+03	 2.042E+03
 401.900	 0.000E+00	-1.697E+03	 2.008E+03
 401.950	 0.000E+00	-1.821E+03	 1.958E+03
 402.000	 0.000E+00	-1.938E+03	 1.946E+03
 402.050	 0.000E+00	-2.056E+03	 1.921E+03
 402.100	 0.000E+00	-2.163E+03	 1.909E+03
 402.150	 0.000E+00	-2.271E+03	 1.883E+03
 402.200	 0.000E+00	-2.372E+03	 1.866E+03
 402.250	 0.000E+00	-2.462E+03	 1.862E+03
 402.300	 0.000E+00	-2.545E+03	 1.845E+03
 402.350	 0.000E+00	-2.632E+03	 1.811E+03
 402.400	 0.000E+00	-2.711E+03	 1.775E+03
 402.450	 0.000E+00	-2.787E+03	 1.731E+03
 402.500	 0.000E+00	-2.860E+03	 1.694E+03
 402.550	 0.000E+00	-2.928E+03	 1.673E+03
 402.600	 0.000E+00	-2.994E+03	 1.675E+03
 402.650	 0.000E+00	-3.056E+03	 1.695E+03
 402.700	 0.000E+00	-3.120E+03	 1.711E+03
 402.750	 0.000E+00	-3.179E+03	 1.752E+03
 402.800	 0.000E+00	-3.237E+03	 1.791E+03
 402.850	 0.000E+00	-3.289E+03	 1.819E+03
 402.900	 0.000E+00	-3.338E+03	 1.854E+03
 402.950	 0.000E+00	-3.379E+03	 1.889E+03
 403.000	 0.000E+00	-3.415E+03	 1.920E+03
 403.050	 0.000E+00	-3.445E+03	 1.964E+03
 403.100	 0.000E+00	-3.466E+03	 2.029E+03
 403.150	 0.000E+00	-3.476E+03	 2.124E+03
 403.200	 0.000E+00	-3.479E+03	 2.222E+03
 403.250	 0.000E+00	-3.480E+03	 2.323E+03
 403.300	 0.000E+00	-3.474E+03	 2.416E+03
 403.350	 0.000E+00	-3.465E+03	 2.501E+03
 403.400	 0.000E+00	-3.455E+03	 2.555E+03
 403.450	 0.000E+00	-3.441E+03	 2.597E+03
 403.500	 0.000E+00	-3.429E+03	 2.617E+03
 403.550	 0.000E+00	-3.413E+03	 2.620E+03
 403.600	 0.000E+00	-3.390E+03	 2.614E+03
 403.650	 0.000E+00	-3.365E+03	 2.604E+03
 403.700	 0.000E+00	-3.339E+03	 2.580E+03
 403.750	 0.000E+00	-3.309E+03	 2.543E+03
 403.800	 0.000E+00	-3.278E+03	 2.494E+03
 403.850	 0.000E+00	-3.236E+03	 2.438E+03
 403.900	 0.000E+00	-3.196E+03	 2.354E+03
 403.950	 0.000E+00	-3.147E+03	 2.279E+03
 404.000	 0.000E+00	-3.096E+03	 2.195E+03
 404.050	 0.000E+00	-3.037E+03	 2.133E+03
 404.100	 0.000E+00	-2.974E+03	 2.080E+03
 404.150	 0.000E+00	-2.904E+03	 2.044E+03
 404.200	 0.000E+00	-2.831E+03	 2.023E+03
 404.250	 0.000E+00	-2.749E+03	 1.998E+03
 404.300	 0.000E+00	-2.669E+03	 1.957E+03
 404.350	 0.000E+00	-2.581E+03	 1.932E+03
 404.400	 0.000E+00	-2.494E+03	 1.877E+03
 404.450	 0.000E+00	-2.410E+03	 1.812E+03
 404.500	 0.000E+00	-2.316E+03	 1.754E+03
 404.550	 0.000E+00	-2.228E+03	 1.723E+03
 404.600	 0.000E+00	-2.127E+03	 1.709E+03
 404.650	 0.000E+00	-2.023E+03	 1.747E+03
 404.700	 0.000E+00	-1.918E+03	 1.809E+03
 404.750	 0.000E+00	-1.804E+03	 1.916E+03
 404.800	 0.000E+00	-1.685E+03	 2.036E+03
 404.850	 0.000E+00	-1.561E+03	 2.139E+03
 404.900	 0.000E+00	-1.436E+03	 2.217E+03
 404.950	 0.000E+00	-1.301E+03	 2.255E+03
 405.000	 0.000E+00	-1.162E+03	 2.250E+03
 405.050	 0.000E+00	-1.035E+03	 2.205E+03
 405.100	 0.000E+00	-8.941E+02	 2.163E+03
 405.150	 0.000E+00	-7.567E+02	 2.136E+03
 405.200	 0.000E+00	-6.211E+02	 2.160E+03
 405.250	 0.000E+00	-4.820E+02	 2.201E+03
 405.300	 0.000E+00	-3.491E+02	 2.232E+03
 405.350	 0.000E+00	-2.164E+02	 2.238E+03
 405.400	 0.000E+00	-8.995E+01	 2.190E+03
 405.450	 0.000E+00	 3.028E+01	 2.083E+03
 405.500	 0.000E+00	 1.474E+02	 1.932E+03
 405.550	 0.000E+00	 2.634E+02	 1.752E+03
 405.600	 0.000E+00	 3.774E+02	 1.582E+03
 405.650	 0.000E+00	 4.942E+02	 1.449E+03
 405.700	 0.000E+00	 6.071E+02	 1.392E+03
 405.750	 0.000E+00	 7.294E+02	 1.388E+03
 405.800	 0.000E+00	 8.505E+02	 1.437E+03
 405.850	 0.000E+00	 9.802E+02	 1.538E+03
 405.900	 0.000E+00	 1.105E+03	 1.598E+03
 405.950	 0.000E+00	 1.234E+03	 1.610E+03
 406.000	 0.000E+00	 1.358E+03	 1.583E+03
 406.050	 0.000E+00	 1.487E+03	 1.529E+03
 406.100	 0.000E+00	 1.618E+03	 1.495E+03
 406.150	 0.000E+00	 1.744E+03	 1.488E+03
 406.200	 0.000E+00	 1.869E+03	 1.522E+03
 406.250	 0.000E+00	 1.990E+03	 1.605E+03
 406.300	 0.000E+00	 2.100E+03	 1.673E+03
 406.350	 0.000E+00	 2.208E+03	 1.754E+03
 406.400	 0.000E+00	 2.309E+03	 1.790E+03
 406.450	 0.000E+00	 2.398E+03	 1.779E+03
 406.500	 0.000E+00	 2.479E+03	 1.729E+03
 406.550	 0.000E+00	 2.565E+03	 1.665E+03
 406.600	 0.000E+00	 2.645E+03	 1.605E+03
 406.650	 0.000E+00	 2.721E+03	 1.543E+03
 406.700	 0.000E+00	 2.802E+03	 1.521E+03
 406.750	 0.000E+00	 2.885E+03	 1.516E+03
 406.800	 0.000E+00	 2.956E+03	 1.508E+03
 406.850	 0.000E+00	 3.040E+03	 1.546E+03
 406.900	 0.000E+00	 3.116E+03	 1.554E+03
 406.950	 0.000E+00	 3.191E+03	 1.569E+03
 407.000	 0.000E+00	 3.256E+03	 1.544E+03
 407.050	 0.000E+00	 3.325E+03	 1.554E+03
 407.100	 0.000E+00	 3.382E+03	 1.562E+03
 407.150	 0.000E+00	 3.441E+03	 1.598E+03
 407.200	 0.000E+00	 3.491E+03	 1.657E+03
 407.250	 0.000E+00	 3.538E+03	 1.768E+03
 407.300	 0.000E+00	 3.574E+03	 1.833E+03
 407.350	 0.000E+00	 3.606E+03	 1.926E+03
 407.400	 0.000E+00	 3.626E+03	 1.969E+03
 407.450	 0.000E+00	 3.638E+03	 1.994E+03
 407.500	 0.000E+00	 3.644E+03	 2.000E+03
 407.550	 0.000E+00	 3.649E+03	 2.037E+03
 407.600	 0.000E+00	 3.647E+03	 2.079E+03
 407.650	 0.000E+00	 3.643E+03	 2.132E+03
 407.700	 0.000E+00	 3.628E+03	 2.175E+03
 407.750	 0.000E+00	 3.615E+03	 2.222E+03
 407.800	 0.000E+00	 3.597E+03	 2.217E+03
 407.850	 0.000E+00	 3.577E+03	 2.197E+03
 407.900	 0.000E+00	 3.554E+03	 2.142E+03
 407.950	 0.000E+00	 3.523E+03	 2.047E+03
 408.000	 0.000E+00	 3.489E+03	 1.961E+03
 408.050	 0.000E+00	 3.439E+03	 1.884E+03
 408.100	 0.000E+00	 3.388E+03	 1.826E+03
 408.150	 0.000E+00	 3.336E+03	 1.818E+03
 408.200	 0.000E+00	 3.275E+03	 1.849E+03
 408.250	 0.000E+00	 3.209E+03	 1.898E+03
 408.300	 0.000E+00	 3.138E+03	 1.932E+03
 408.350	 0.000E+00	 3.062E+03	 1.957E+03
 408.400	 0.000E+00	 2.984E+03	 1.971E+03
 408.450	 0.000E+00	 2.904E+03	 1.957E+03
 408.500	 0.000E+00	 2.821E+03	 1.942E+03
 408.550	 0.000E+00	 2.735E+03	 1.945E+03
 408.600	 0.000E+00	 2.653E+03	 1.968E+03
 408.650	 0.000E+00	 2.568E+03	 2.029E+03
 408.700	 0.000E+00	 2.477E+03	 2.128E+03
 408.750	 0.000E+00	 2.388E+03	 2.250E+03
 408.800	 0.000E+00	 2.298E+03	 2.366E+03
 408.850	 0.000E+00	 2.198E+03	 2.458E+03
 408.900	 0.000E+00	 2.098E+03	 2.514E+03
 408.950	 0.000E+00	 1.994E+03	 2.542E+03
 409.000	 0.000E+00	 1.885E+03	 2.564E+03
 409.050	 0.000E+00	 1.767E+03	 2.567E+03
 409.100	 0.000E+00	 1.650E+03	 2.562E+03
 409.150	 0.000E+00	 1.520E+03	 2.565E+03
 409.200	 0.000E+00	 1.398E+03	 2.564E+03
 409.250	 0.000E+00	 1.271E+03	 2.534E+03
 409.300	 0.000E+00	 1.132E+03	 2.460E+03
 409.350	 0.000E+00	 9.928E+02	 2.374E+03
 409.400	 0.000E+00	 8.587E+02	 2.290E+03
 409.450	 0.000E+00	 7.153E+02	 2.174E+03
 409.500	 0.000E+00	 5.810E+02	 2.081E+03
 409.550	 0.000E+00	 4.490E+02	 1.999E+03
 409.600	 0.000E+00	 3.189E+02	 1.939E+03
 409.650	 0.000E+00	 1.886E+02	 1.921E+03
 409.700	 0.000E+00	 6.246E+01	 1.913E+03
 409.750	 0.000E+00	-5.863E+01	 1.931E+03
 409.800	 0.000E+00	-1.926E+02	 1.952E+03
 409.850	 0.000E+00	-3.249E+02	 1.976E+03
 409.900	 0.000E+00	-4.476E+02	 2.013E+03
 409.950	 0.000E+00	-5.841E+02	 2.039E+03
 410.000	 0.000E+00	-7.208E+02	 2.048E+03
 410.050	 0.000E+00	-8.446E+02	 2.110E+03
 410.100	 0.000E+00	-9.825E+02	 2.156E+03
 410.150	 0.000E+00	-1.113E+03	 2.205E+03
 410.200	 0.000E+00	-1.238E+03	 2.252E+03
 410.250	 0.000E+00	-1.366E+03	 2.276E+03
 410.300	 0.000E+00	-1.489E+03	 2.289E+03
 410.350	 0.000E+00	-1.613E+03	 2.269E+03
 410.400	 0.000E+00	-1.733E+03	 2.236E+03
 410.450	 0.000E+00	-1.847E+03	 2.185E+03
 410.500	 0.000E+00	-1.961E+03	 2.122E+03
 410.550	 0.000E+00	-2.071E+03	 2.047E+03
 410.600	 0.000E+00	-2.175E+03	 1.954E+03
 410.650	 0.000E+00	-2.273E+03	 1.880E+03
 410.700	 0.000E+00	-2.367E+03	 1.823E+03
 410.750	 0.000E+00	-2.460E+03	 1.769E+03
 410.800	 0.000E+00	-2.546E+03	 1.729E+03
 410.850	 0.000E+00	-2.629E+03	 1.713E+03
 410.900	 0.000E+00	-2.712E+03	 1.715E+03
 410.950	 0.000E+00	-2.790E+03	 1.736E+03
 411.000	 0.000E+00	-2.873E+03	 1.747E+03
 411.050	 0.000E+00	-2.952E+03	 1.752E+03
 411.100	 0.000E+00	-3.024E+03	 1.768E+03
 411.150	 0.000E+00	-3.095E+03	 1.784E+03
 411.200	 0.000E+00	-3.161E+03	 1.785E+03
 411.250	 0.000E+00	-3.218E+03	 1.799E+03
 411.300	 0.000E+00	-3.267E+03	 1.824E+03
 411.350	 0.000E+00	-3.313E+03	 1.850E+03
 411.400	 0.000E+00	-3.347E+03	 1.882E+03
 411.450	 0.000E+00	-3.380E+03	 1.920E+03
 411.500	 0.000E+00	-3.409E+03	 1.951E+03
 411.550	 0.000E+00	-3.432E+03	 1.984E+03
 411.600	 0.000E+00	-3.453E+03	 2.018E+03
 411.650	 0.000E+00	-3.470E+03	 2.075E+03
 411.700	 0.000E+00	-3.485E+03	 2.115E+03
 411.750	 0.000E+00	-3.500E+03	 2.148E+03
 411.800	 0.000E+00	-3.508E+03	 2.187E+03
 411.850	 0.000E+00	-3.509E+03	 2.214E+03
 411.900	 0.000E+00	-3.505E+03	 2.240E+03
 411.950	 0.000E+00	-3.496E+03	 2.264E+03
 412.000	 0.000E+00	-3.483E+03	 2.277E+03
 412.050	 0.000E+00	-3.460E+03	 2.291E+03
 412.100	 0.000E+00	-3.433E+03	 2.300E+03
 412.150	 0.000E+00	-3.398E+03	 2.298E+03
 412.200	 0.000E+00	-3.355E+03	 2.336E+03
 412.250	 0.000E+00	-3.305E+03	 2.381E+03
 412.300	 0.000E+00	-3.247E+03	 2.406E+03
 412.350	 0.000E+00	-3.193E+03	 2.436E+03
 412.400	 0.000E+00	-3.130E+03	 2.454E+03
 412.450	 0.000E+00	-3.066E+03	 2.460E+03
 412.500	 0.000E+00	-2.997E+03	 2.449E+03
 412.550	 0.000E+00	-2.939E+03	 2.416E+03
 412.600	 0.000E+00	-2.869E+03	 2.385E+03
 412.650	 0.000E+00	-2.809E+03	 2.366E+03
 412.700	 0.000E+00	-2.743E+03	 2.360E+03
 412.750	 0.000E+00	-2.677E+03	 2.358E+03
 412.800	 0.000E+00	-2.608E+03	 2.338E+03
 412.850	 0.000E+00	-2.536E+03	 2.328E+03
 412.900	 0.000E+00	-2.458E+03	 2.270E+03
 412.950	 0.000E+00	-2.373E+03	 2.209E+03
 413.000	 0.000E+00	-2.288E+03	 2.116E+03
 413.050	 0.000E+00	-2.192E+03	 2.049E+03
 413.100	 0.000E+00	-2.091E+03	 1.964E+03
 413.150	 0.000E+00	-1.975E+03	 1.917E+03
 413.200	 0.000E+00	-1.860E+03	 1.874E+03
 413.250	 0.000E+00	-1.732E+03	 1.866E+03
 413.300	 0.000E+00	-1.601E+03	 1.913E+03
 413.350	 0.000E+00	-1.465E+03	 1.965E+03
 413.400	 0.000E+00	-1.330E+03	 2.017E+03
 413.450	 0.000E+00	-1.194E+03	 2.055E+03
 413.500	 0.000E+00	-1.060E+03	 2.050E+03
 413.550	 0.000E+00	-9.303E+02	 2.016E+03
 413.600	 0.000E+00	-8.022E+02	 1.961E+03
 413.650	 0.000E+00	-6.710E+02	 1.908E+03
 413.700	 0.000E+00	-5.458E+02	 1.881E+03
 413.750	 0.000E+00	-4.268E+02	 1.860E+03
 413.800	 0.000E+00	-2.947E+02	 1.883E+03
 413.850	 0.000E+00	-1.711E+02	 1.924E+03
 413.900	 0.000E+00	-4.929E+01	 1.962E+03
 413.950	 0.000E+00	 8.294E+01	 1.995E+03
 414.000	 0.000E+00	 2.147E+02	 1.999E+03
 414.050	 0.000E+00	 3.436E+02	 1.992E+03
 414.100	 0.000E+00	 4.823E+02	 1.973E+03
 414.150	 0.000E+00	 6.177E+02	 1.942E+03
 414.200	 0.000E+00	 7.553E+02	 1.924E+03
 414.250	 0.000E+00	 8.928E+02	 1.916E+03
 414.300	 0.000E+00	 1.032E+03	 1.957E+03
 414.350	 0.000E+00	 1.167E+03	 2.025E+03
 414.400	 0.000E+00	 1.297E+03	 2.093E+03
 414.450	 0.000E+00	 1.426E+03	 2.143E+03
 414.500	 0.000E+00	 1.547E+03	 2.155E+03
 414.550	 0.000E+00	 1.658E+03	 2.114E+03
 414.600	 0.000E+00	 1.764E+03	 2.040E+03
 414.650	 0.000E+00	 1.869E+03	 1.926E+03
 414.700	 0.000E+00	 1.967E+03	 1.830E+03
 414.750	 0.000E+00	 2.062E+03	 1.731E+03
 414.800	 0.000E+00	 2.161E+03	 1.658E+03
 414.850	 0.000E+00	 2.250E+03	 1.600E+03
 414.900	 0.000E+00	 2.343E+03	 1.555E+03
 414.950	 0.000E+00	 2.434E+03	 1.495E+03
 415.000	 0.000E+00	 2.520E+03	 1.440E+03
 415.050	 0.000E+00	 2.609E+03	 1.399E+03
 415.100	 0.000E+00	 2.697E+03	 1.351E+03
 415.150	 0.000E+00	 2.779E+03	 1.322E+03
 415.200	 0.000E+00	 2.866E+03	 1.345E+03
 415.250	 0.000E+00	 2.952E+03	 1.406E+03
 415.300	 0.000E+00	 3.034E+03	 1.530E+03
 415.350	 0.000E+00	 3.111E+03	 1.665E+03
 415.400	 0.000E+00	 3.189E+03	 1.831E+03
 415.450	 0.000E+00	 3.259E+03	 1.968E+03
 415.500	 0.000E+00	 3.327E+03	 2.084E+03
 415.550	 0.000E+00	 3.391E+03	 2.189E+03
 415.600	 0.000E+00	 3.445E+03	 2.253E+03
 415.650	 0.000E+00	 3.490E+03	 2.289E+03
 415.700	 0.000E+00	 3.533E+03	 2.345E+03
 415.750	 0.000E+00	 3.572E+03	 2.394E+03
 415.800	 0.000E+00	 3.602E+03	 2.413E+03
 415.850	 0.000E+00	 3.628E+03	 2.446E+03
 415.900	 0.000E+00	 3.647E+03	 2.451E+03
 415.950	 0.000E+00	 3.656E+03	 2.388E+03
 416.000	 0.000E+00	 3.659E+03	 2.303E+03
 416.050	 0.000E+00	 3.658E+03	 2.227E+03
 416.100	 0.000E+00	 3.645E+03	 2.109E+03
 416.150	 0.000E+00	 3.632E+03	 2.016E+03
 416.200	 0.000E+00	 3.620E+03	 1.976E+03
 416.250	 0.000E+00	 3.596E+03	 1.943E+03
 416.300	 0.000E+00	 3.573E+03	 1.900E+03
 416.350	 0.000E+00	 3.541E+03	 1.860E+03
 416.400	 0.000E+00	 3.497E+03	 1.789E+03
 416.450	 0.000E+00	 3.456E+03	 1.724E+03
 416.500	 0.000E+00	 3.411E+03	 1.647E+03
 416.550	 0.000E+00	 3.359E+03	 1.589E+03
 416.600	 0.000E+00	 3.310E+03	 1.570E+03
 416.650	 0.000E+00	 3.255E+03	 1.588E+03
 416.700	 0.000E+00	 3.191E+03	 1.649E+03
 416.750	 0.000E+00	 3.135E+03	 1.744E+03
 416.800	 0.000E+00	 3.063E+03	 1.804E+03
 416.850	 0.000E+00	 2.997E+03	 1.862E+03
 416.900	 0.000E+00	 2.927E+03	 1.895E+03
 416.950	 0.000E+00	 2.846E+03	 1.915E+03
 417.000	 0.000E+00	 2.757E+03	 1.916E+03
 417.050	 0.000E+00	 2.671E+03	 1.955E+03
 417.100	 0.000E+00	 2.574E+03	 2.008E+03
 417.150	 0.000E+00	 2.481E+03	 2.107E+03
 417.200	 0.000E+00	 2.384E+03	 2.202E+03
 417.250	 0.000E+00	 2.288E+03	 2.315E+03
 417.300	 0.000E+00	 2.178E+03	 2.379E+03
 417.350	 0.000E+00	 2.071E+03	 2.414E+03
 417.400	 0.000E+00	 1.967E+03	 2.420E+03
 417.450	 0.000E+00	 1.856E+03	 2.397E+03
 417.500	 0.000E+00	 1.742E+03	 2.366E+03
 417.550	 0.000E+00	 1.629E+03	 2.326E+03
 417.600	 0.000E+00	 1.515E+03	 2.319E+03
 417.650	 0.000E+00	 1.395E+03	 2.319E+03
 417.700	 0.000E+00	 1.278E+03	 2.315E+03
 417.750	 0.000E+00	 1.157E+03	 2.314E+03
 417.800	 0.000E+00	 1.027E+03	 2.322E+03
 417.850	 0.000E+00	 9.036E+02	 2.292E+03
 417.900	 0.000E+00	 7.752E+02	 2.252E+03
 417.950	 0.000E+00	 6.448E+02	 2.230E+03
 418.000	 0.000E+00	 5.104E+02	 2.207E+03
 418.050	 0.000E+00	 3.795E+02	 2.191E+03
 418.100	 0.000E+00	 2.431E+02	 2.221E+03
 418.150	 0.000E+00	 1.111E+02	 2.248E+03
 418.200	 0.000E+00	-2.732E+01	 2.278E+03
 418.250	 0.000E+00	-1.587E+02	 2.333E+03
 418.300	 0.000E+00	-2.968E+02	 2.360E+03
 418.350	 0.000E+00	-4.315E+02	 2.369E+03
 418.400	 0.000E+00	-5.675E+02	 2.362E+03
 418.450	 0.000E+00	-6.974E+02	 2.340E+03
 418.500	 0.000E+00	-8.265E+02	 2.348E+03
 418.550	 0.000E+00	-9.539E+02	 2.388E+03
 418.600	 0.000E+00	-1.071E+03	 2.452E+03
 418.650	 0.000E+00	-1.189E+03	 2.541E+03
 418.700	 0.000E+00	-1.307E+03	 2.616E+03
 418.750	 0.000E+00	-1.425E+03	 2.644E+03
 418.800	 0.000E+00	-1.540E+03	 2.594E+03
 418.850	 0.000E+00	-1.656E+03	 2.517E+03
 418.900	 0.000E+00	-1.772E+03	 2.391E+03
 418.950	 0.000E+00	-1.881E+03	 2.252E+03
 419.000	 0.000E+00	-1.992E+03	 2.158E+03
 419.050	 0.000E+00	-2.105E+03	 2.078E+03
 419.100	 0.000E+00	-2.206E+03	 2.069E+03
 419.150	 0.000E+00	-2.308E+03	 2.065E+03
 419.200	 0.000E+00	-2.413E+03	 2.070E+03
 419.250	 0.000E+00	-2.507E+03	 2.091E+03
 419.300	 0.000E+00	-2.608E+03	 2.061E+03
 419.350	 0.000E+00	-2.709E+03	 2.001E+03
 419.400	 0.000E+00	-2.800E+03	 1.966E+03
 419.450	 0.000E+00	-2.885E+03	 1.925E+03
 419.500	 0.000E+00	-2.970E+03	 1.900E+03
 419.550	 0.000E+00	-3.048E+03	 1.887E+03
 419.600	 0.000E+00	-3.111E+03	 1.907E+03
 419.650	 0.000E+00	-3.170E+03	 1.953E+03
 419.700	 0.000E+00	-3.227E+03	 1.983E+03
 419.750	 0.000E+00	-3.274E+03	 2.006E+03
 419.800	 0.000E+00	-3.316E+03	 2.014E+03
 419.850	 0.000E+00	-3.357E+03	 2.007E+03
 419.900	 0.000E+00	-3.393E+03	 1.984E+03
 419.950	 0.000E+00	-3.423E+03	 1.976E+03
 420.000	 0.000E+00	-3.452E+03	 1.965E+03
 420.050	 0.000E+00	-3.477E+03	 1.961E+03
 420.100	 0.000E+00	-3.495E+03	 1.995E+03
 420.150	 0.000E+00	-3.514E+03	 2.019E+03
 420.200	 0.000E+00	-3.521E+03	 2.053E+03
 420.250	 0.000E+00	-3.529E+03	 2.082E+03
 420.300	 0.000E+00	-3.529E+03	 2.091E+03
 420.350	 0.000E+00	-3.527E+03	 2.079E+03
 420.400	 0.000E+00	-3.517E+03	 2.072E+03
 420.450	 0.000E+00	-3.504E+03	 2.047E+03
 420.500	 0.000E+00	-3.479E+03	 2.052E+03
 420.550	 0.000E+00	-3.454E+03	 2.053E+03
 420.600	 0.000E+00	-3.413E+03	 2.067E+03
 420.650	 0.000E+00	-3.372E+03	 2.075E+03
 420.700	 0.000E+00	-3.324E+03	 2.086E+03
 420.750	 0.000E+00	-3.267E+03	 2.084E+03
 420.800	 0.000E+00	-3.218E+03	 2.070E+03
 420.850	 0.000E+00	-3.160E+03	 2.068E+03
 420.900	 0.000E+00	-3.103E+03	 2.060E+03
 420.950	 0.000E+00	-3.052E+03	 2.073E+03
 421.000	 0.000E+00	-2.990E+03	 2.106E+03
 421.050	 0.000E+00	-2.926E+03	 2.141E+03
 421.100	 0.000E+00	-2.872E+03	 2.144E+03
 421.150	 0.000E+00	-2.802E+03	 2.122E+03
 421.200	 0.000E+00	-2.729E+03	 2.094E+03
 421.250	 0.000E+00	-2.657E+03	 2.044E+03
 421.300	 0.000E+00	-2.577E+03	 1.981E+03
 421.350	 0.000E+00	-2.484E+03	 1.903E+03
 421.400	 0.000E+00	-2.394E+03	 1.848E+03
 421.450	 0.000E+00	-2.296E+03	 1.810E+03
 421.500	 0.000E+00	-2.188E+03	 1.793E+03
 421.550	 0.000E+00	-2.077E+03	 1.792E+03
 421.600	 0.000E+00	-1.962E+03	 1.819E+03
 421.650	 0.000E+00	-1.838E+03	 1.832E+03
 421.700	 0.000E+00	-1.710E+03	 1.851E+03
 421.750	 0.000E+00	-1.588E+03	 1.856E+03
 421.800	 0.000E+00	-1.461E+03	 1.858E+03
 421.850	 0.000E+00	-1.323E+03	 1.888E+03
 421.900	 0.000E+00	-1.196E+03	 1.917E+03
 421.950	 0.000E+00	-1.065E+03	 1.973E+03
 422.000	 0.000E+00	-9.326E+02	 2.019E+03
 422.050	 0.000E+00	-8.020E+02	 2.094E+03
 422.100	 0.000E+00	-6.746E+02	 2.159E+03
 422.150	 0.000E+00	-5.417E+02	 2.234E+03
 422.200	 0.000E+00	-4.091E+02	 2.298E+03
 422.250	 0.000E+00	-2.806E+02	 2.319E+03
 422.300	 0.000E+00	-1.451E+02	 2.314E+03
 422.350	 0.000E+00	-1.311E+01	 2.289E+03
 422.400	 0.000E+00	 1.243E+02	 2.240E+03
 422.450	 0.000E+00	 2.648E+02	 2.206E+03
 422.500	 0.000E+00	 4.033E+02	 2.186E+03
 422.550	 0.000E+00	 5.450E+02	 2.198E+03
 422.600	 0.000E+00	 6.905E+02	 2.245E+03
 422.650	 0.000E+00	 8.341E+02	 2.342E+03
 422.700	 0.000E+00	 9.728E+02	 2.431E+03
 422.750	 0.000E+00	 1.114E+03	 2.540E+03
 422.800	 0.000E+00	 1.248E+03	 2.620E+03
 422.850	 0.000E+00	 1.373E+03	 2.645E+03
 422.900	 0.000E+00	 1.490E+03	 2.605E+03
 422.950	 0.000E+00	 1.607E+03	 2.530E+03
 423.000	 0.000E+00	 1.718E+03	 2.441E+03
 423.050	 0.000E+00	 1.824E+03	 2.331E+03
 423.100	 0.000E+00	 1.927E+03	 2.227E+03
 423.150	 0.000E+00	 2.029E+03	 2.167E+03
 423.200	 0.000E+00	 2.127E+03	 2.120E+03
 423.250	 0.000E+00	 2.220E+03	 2.063E+03
 423.300	 0.000E+00	 2.312E+03	 1.998E+03
 423.350	 0.000E+00	 2.401E+03	 1.924E+03
 423.400	 0.000E+00	 2.491E+03	 1.812E+03
 423.450	 0.000E+00	 2.580E+03	 1.691E+03
 423.500	 0.000E+00	 2.666E+03	 1.561E+03
 423.550	 0.000E+00	 2.754E+03	 1.448E+03
 423.600	 0.000E+00	 2.837E+03	 1.370E+03
 423.650	 0.000E+00	 2.924E+03	 1.372E+03
 423.700	 0.000E+00	 3.002E+03	 1.418E+03
 423.750	 0.000E+00	 3.080E+03	 1.535E+03
 423.800	 0.000E+00	 3.155E+03	 1.713E+03
 423.850	 0.000E+00	 3.217E+03	 1.862E+03
 423.900	 0.000E+00	 3.276E+03	 1.998E+03
 423.950	 0.000E+00	 3.338E+03	 2.134E+03
 424.000	 0.000E+00	 3.385E+03	 2.178E+03
 424.050	 0.000E+00	 3.435E+03	 2.225E+03
 424.100	 0.000E+00	 3.477E+03	 2.229E+03
 424.150	 0.000E+00	 3.522E+03	 2.286E+03
 424.200	 0.000E+00	 3.566E+03	 2.370E+03
 424.250	 0.000E+00	 3.605E+03	 2.469E+03
 424.300	 0.000E+00	 3.638E+03	 2.551E+03
 424.350	 0.000E+00	 3.663E+03	 2.592E+03
 424.400	 0.000E+00	 3.679E+03	 2.573E+03
 424.450	 0.000E+00	 3.684E+03	 2.470E+03
 424.500	 0.000E+00	 3.680E+03	 2.343E+03
 424.550	 0.000E+00	 3.667E+03	 2.166E+03
 424.600	 0.000E+00	 3.650E+03	 2.010E+03
 424.650	 0.000E+00	 3.624E+03	 1.865E+03
 424.700	 0.000E+00	 3.591E+03	 1.770E+03
 424.750	 0.000E+00	 3.555E+03	 1.724E+03
 424.800	 0.000E+00	 3.512E+03	 1.694E+03
 424.850	 0.000E+00	 3.467E+03	 1.676E+03
 424.900	 0.000E+00	 3.424E+03	 1.658E+03
 424.950	 0.000E+00	 3.369E+03	 1.616E+03
 425.000	 0.000E+00	 3.313E+03	 1.562E+03
 425.050	 0.000E+00	 3.257E+03	 1.511E+03
 425.100	 0.000E+00	 3.201E+03	 1.512E+03
 425.150	 0.000E+00	 3.149E+03	 1.568E+03
 425.200	 0.000E+00	 3.094E+03	 1.650E+03
 425.250	 0.000E+00	 3.046E+03	 1.785E+03
 425.300	 0.000E+00	 2.984E+03	 1.911E+03
 425.350	 0.000E+00	 2.930E+03	 2.043E+03
 425.400	 0.000E+00	 2.863E+03	 2.122E+03
 425.450	 0.000E+00	 2.785E+03	 2.181E+03
 425.500	 0.000E+00	 2.699E+03	 2.193E+03
 425.550	 0.000E+00	 2.604E+03	 2.174E+03
 425.600	 0.000E+00	 2.496E+03	 2.137E+03
 425.650	 0.000E+00	 2.384E+03	 2.106E+03
 425.700	 0.000E+00	 2.268E+03	 2.090E+03
 425.750	 0.000E+00	 2.142E+03	 2.088E+03
 425.800	 0.000E+00	 2.020E+03	 2.145E+03
 425.850	 0.000E+00	 1.897E+03	 2.184E+03
 425.900	 0.000E+00	 1.783E+03	 2.249E+03
 425.950	 0.000E+00	 1.655E+03	 2.258E+03
 426.000	 0.000E+00	 1.540E+03	 2.240E+03
 426.050	 0.000E+00	 1.425E+03	 2.201E+03
 426.100	 0.000E+00	 1.304E+03	 2.150E+03
 426.150	 0.000E+00	 1.194E+03	 2.101E+03
 426.200	 0.000E+00	 1.078E+03	 2.100E+03
 426.250	 0.000E+00	 9.632E+02	 2.155E+03
 426.300	 0.000E+00	 8.547E+02	 2.260E+03
 426.350	 0.000E+00	 7.401E+02	 2.376E+03
 426.400	 0.000E+00	 6.227E+02	 2.512E+03
 426.450	 0.000E+00	 5.078E+02	 2.628E+03
 426.500	 0.000E+00	 3.892E+02	 2.719E+03
 426.550	 0.000E+00	 2.601E+02	 2.767E+03
 426.600	 0.000E+00	 1.248E+02	 2.793E+03
 426.650	 0.000E+00	-8.150E+00	 2.835E+03
 426.700	 0.000E+00	-1.558E+02	 2.842E+03
 426.750	 0.000E+00	-3.011E+02	 2.865E+03
 426.800	 0.000E+00	-4.492E+02	 2.868E+03
 426.850	 0.000E+00	-5.907E+02	 2.850E+03
 426.900	 0.000E+00	-7.420E+02	 2.797E+03
 426.950	 0.000E+00	-8.834E+02	 2.734E+03
 427.000	 0.000E+00	-1.019E+03	 2.646E+03
 427.050	 0.000E+00	-1.152E+03	 2.539E+03
 427.100	 0.000E+00	-1.279E+03	 2.416E+03
 427.150	 0.000E+00	-1.405E+03	 2.291E+03
 427.200	 0.000E+00	-1.525E+03	 2.161E+03
 427.250	 0.000E+00	-1.645E+03	 2.046E+03
 427.300	 0.000E+00	-1.757E+03	 1.948E+03
 427.350	 0.000E+00	-1.866E+03	 1.892E+03
 427.400	 0.000E+00	-1.977E+03	 1.846E+03
 427.450	 0.000E+00	-2.086E+03	 1.831E+03
 427.500	 0.000E+00	-2.186E+03	 1.832E+03
 427.550	 0.000E+00	-2.288E+03	 1.816E+03
 427.600	 0.000E+00	-2.388E+03	 1.814E+03
 427.650	 0.000E+00	-2.486E+03	 1.793E+03
 427.700	 0.000E+00	-2.582E+03	 1.785E+03
 427.750	 0.000E+00	-2.676E+03	 1.787E+03
 427.800	 0.000E+00	-2.762E+03	 1.805E+03
 427.850	 0.000E+00	-2.841E+03	 1.835E+03
 427.900	 0.000E+00	-2.921E+03	 1.873E+03
 427.950	 0.000E+00	-2.995E+03	 1.902E+03
 428.000	 0.000E+00	-3.064E+03	 1.936E+03
 428.050	 0.000E+00	-3.127E+03	 1.949E+03
 428.100	 0.000E+00	-3.182E+03	 1.972E+03
 428.150	 0.000E+00	-3.236E+03	 1.975E+03
 428.200	 0.000E+00	-3.283E+03	 1.996E+03
 428.250	 0.000E+00	-3.324E+03	 2.011E+03
 428.300	 0.000E+00	-3.361E+03	 2.029E+03
 428.350	 0.000E+00	-3.395E+03	 2.042E+03
 428.400	 0.000E+00	-3.430E+03	 2.052E+03
 428.450	 0.000E+00	-3.457E+03	 2.052E+03
 428.500	 0.000E+00	-3.484E+03	 2.055E+03
 428.550	 0.000E+00	-3.505E+03	 2.035E+03
 428.600	 0.000E+00	-3.524E+03	 2.024E+03
 428.650	 0.000E+00	-3.534E+03	 2.015E+03
 428.700	 0.000E+00	-3.543E+03	 2.011E+03
 428.750	 0.000E+00	-3.540E+03	 2.003E+03
 428.800	 0.000E+00	-3.535E+03	 1.970E+03
 428.850	 0.000E+00	-3.523E+03	 1.948E+03
 428.900	 0.000E+00	-3.506E+03	 1.875E+03
 428.950	 0.000E+00	-3.485E+03	 1.792E+03
 429.000	 0.000E+00	-3.455E+03	 1.719E+03
 429.050	 0.000E+00	-3.427E+03	 1.644E+03
 429.100	 0.000E+00	-3.385E+03	 1.604E+03
 429.150	 0.000E+00	-3.339E+03	 1.592E+03
 429.200	 0.000E+00	-3.293E+03	 1.614E+03
 429.250	 0.000E+00	-3.239E+03	 1.655E+03
 429.300	 0.000E+00	-3.182E+03	 1.711E+03
 429.350	 0.000E+00	-3.126E+03	 1.741E+03
 429.400	 0.000E+00	-3.064E+03	 1.768E+03
 429.450	 0.000E+00	-2.999E+03	 1.775E+03
 429.500	 0.000E+00	-2.932E+03	 1.765E+03
 429.550	 0.000E+00	-2.857E+03	 1.734E+03
 429.600	 0.000E+00	-2.779E+03	 1.730E+03
 429.650	 0.000E+00	-2.700E+03	 1.699E+03
 429.700	 0.000E+00	-2.613E+03	 1.709E+03
 429.750	 0.000E+00	-2.520E+03	 1.750E+03
 429.800	 0.000E+00	-2.417E+03	 1.810E+03
 429.850	 0.000E+00	-2.309E+03	 1.869E+03
 429.900	 0.000E+00	-2.202E+03	 1.949E+03
 429.950	 0.000E+00	-2.086E+03	 2.015E+03
 430.000	 0.000E+00	-1.962E+03	 2.089E+03
 430.050	 0.000E+00	-1.842E+03	 2.141E+03
 430.100	 0.000E+00	-1.714E+03	 2.198E+03
 430.150	 0.000E+00	-1.588E+03	 2.238E+03
 430.200	 0.000E+00	-1.459E+03	 2.250E+03
 430.250	 0.000E+00	-1.330E+03	 2.261E+03
 430.300	 0.000E+00	-1.204E+03	 2.237E+03
 430.350	 0.000E+00	-1.077E+03	 2.207E+03
 430.400	 0.000E+00	-9.573E+02	 2.154E+03
 430.450	 0.000E+00	-8.350E+02	 2.122E+03
 430.500	 0.000E+00	-7.148E+02	 2.097E+03
 430.550	 0.000E+00	-5.898E+02	 2.090E+03
 430.600	 0.000E+00	-4.676E+02	 2.087E+03
 430.650	 0.000E+00	-3.437E+02	 2.086E+03
 430.700	 0.000E+00	-2.195E+02	 2.073E+03
 430.750	 0.000E+00	-8.967E+01	 2.025E+03
 430.800	 0.000E+00	 3.485E+01	 1.969E+03
 430.850	 0.000E+00	 1.626E+02	 1.872E+03
 430.900	 0.000E+00	 2.914E+02	 1.797E+03
 430.950	 0.000E+00	 4.232E+02	 1.732E+03
 431.000	 0.000E+00	 5.523E+02	 1.702E+03
 431.050	 0.000E+00	 6.859E+02	 1.699E+03
 431.100	 0.000E+00	 8.165E+02	 1.725E+03
 431.150	 0.000E+00	 9.464E+02	 1.792E+03
 431.200	 0.000E+00	 1.076E+03	 1.839E+03
 431.250	 0.000E+00	 1.203E+03	 1.903E+03
 431.300	 0.000E+00	 1.329E+03	 1.952E+03
 431.350	 0.000E+00	 1.457E+03	 2.004E+03
 431.400	 0.000E+00	 1.577E+03	 2.024E+03
 431.450	 0.000E+00	 1.699E+03	 2.068E+03
 431.500	 0.000E+00	 1.819E+03	 2.109E+03
 431.550	 0.000E+00	 1.940E+03	 2.175E+03
 431.600	 0.000E+00	 2.055E+03	 2.231E+03
 431.650	 0.000E+00	 2.174E+03	 2.303E+03
 431.700	 0.000E+00	 2.286E+03	 2.339E+03
 431.750	 0.000E+00	 2.393E+03	 2.356E+03
 431.800	 0.000E+00	 2.501E+03	 2.337E+03
 431.850	 0.000E+00	 2.599E+03	 2.282E+03
 431.900	 0.000E+00	 2.688E+03	 2.194E+03
 431.950	 0.000E+00	 2.774E+03	 2.101E+03
 432.000	 0.000E+00	 2.852E+03	 2.015E+03
 432.050	 0.000E+00	 2.924E+03	 1.949E+03
 432.100	 0.000E+00	 2.991E+03	 1.898E+03
 432.150	 0.000E+00	 3.052E+03	 1.859E+03
 432.200	 0.000E+00	 3.109E+03	 1.841E+03
 432.250	 0.000E+00	 3.159E+03	 1.832E+03
 432.300	 0.000E+00	 3.213E+03	 1.830E+03
 432.350	 0.000E+00	 3.262E+03	 1.831E+03
 432.400	 0.000E+00	 3.307E+03	 1.811E+03
 432.450	 0.000E+00	 3.350E+03	 1.781E+03
 432.500	 0.000E+00	 3.400E+03	 1.769E+03
 432.550	 0.000E+00	 3.447E+03	 1.762E+03
 432.600	 0.000E+00	 3.486E+03	 1.747E+03
 432.650	 0.000E+00	 3.530E+03	 1.799E+03
 432.700	 0.000E+00	 3.565E+03	 1.825E+03
 432.750	 0.000E+00	 3.594E+03	 1.858E+03
 432.800	 0.000E+00	 3.620E+03	 1.924E+03
 432.850	 0.000E+00	 3.635E+03	 1.958E+03
 432.900	 0.000E+00	 3.644E+03	 1.984E+03
 432.950	 0.000E+00	 3.645E+03	 1.992E+03
 433.000	 0.000E+00	 3.640E+03	 2.006E+03
 433.050	 0.000E+00	 3.626E+03	 1.989E+03
 433.100	 0.000E+00	 3.605E+03	 1.959E+03
 433.150	 0.000E+00	 3.578E+03	 1.939E+03
 433.200	 0.000E+00	 3.543E+03	 1.924E+03
 433.250	 0.000E+00	 3.511E+03	 1.908E+03
 433.300	 0.000E+00	 3.473E+03	 1.910E+03
 433.350	 0.000E+00	 3.426E+03	 1.901E+03
 433.400	 0.000E+00	 3.383E+03	 1.886E+03
 433.450	 0.000E+00	 3.336E+03	 1.883E+03
 433.500	 0.000E+00	 3.285E+03	 1.878E+03
 433.550	 0.000E+00	 3.235E+03	 1.870E+03
 433.600	 0.000E+00	 3.185E+03	 1.876E+03
 433.650	 0.000E+00	 3.123E+03	 1.882E+03
 433.700	 0.000E+00	 3.063E+03	 1.898E+03
 433.750	 0.000E+00	 2.994E+03	 1.902E+03
 433.800	 0.000E+00	 2.919E+03	 1.930E+03
 433.850	 0.000E+00	 2.835E+03	 1.922E+03
 433.900	 0.000E+00	 2.752E+03	 1.922E+03
 433.950	 0.000E+00	 2.655E+03	 1.919E+03
 434.000	 0.000E+00	 2.557E+03	 1.933E+03
 434.050	 0.000E+00	 2.453E+03	 1.918E+03
 434.100	 0.000E+00	 2.345E+03	 1.936E+03
 434.150	 0.000E+00	 2.231E+03	 1.940E+03
 434.200	 0.000E+00	 2.122E+03	 1.972E+03
 434.250	 0.000E+00	 2.011E+03	 2.016E+03
 434.300	 0.000E+00	 1.901E+03	 2.084E+03
 434.350	 0.000E+00	 1.788E+03	 2.145E+03
 434.400	 0.000E+00	 1.686E+03	 2.250E+03
 434.450	 0.000E+00	 1.573E+03	 2.328E+03
 434.500	 0.000E+00	 1.460E+03	 2.384E+03
 434.550	 0.000E+00	 1.351E+03	 2.437E+03
 434.600	 0.000E+00	 1.238E+03	 2.468E+03
 434.650	 0.000E+00	 1.121E+03	 2.493E+03
 434.700	 0.000E+00	 9.988E+02	 2.511E+03
 434.750	 0.000E+00	 8.789E+02	 2.577E+03
 434.800	 0.000E+00	 7.515E+02	 2.665E+03
 434.850	 0.000E+00	 6.286E+02	 2.779E+03
 434.900	 0.000E+00	 5.029E+02	 2.871E+03
 434.950	 0.000E+00	 3.748E+02	 2.923E+03
 435.000	 0.000E+00	 2.393E+02	 2.911E+03
 435.050	 0.000E+00	 1.014E+02	 2.848E+03
 435.100	 0.000E+00	-3.630E+01	 2.753E+03
 435.150	 0.000E+00	-1.731E+02	 2.661E+03
 435.200	 0.000E+00	-3.070E+02	 2.594E+03
 435.250	 0.000E+00	-4.384E+02	 2.570E+03
 435.300	 0.000E+00	-5.764E+02	 2.585E+03
 435.350	 0.000E+00	-7.039E+02	 2.624E+03
 435.400	 0.000E+00	-8.329E+02	 2.647E+03
 435.450	 0.000E+00	-9.734E+02	 2.619E+03
 435.500	 0.000E+00	-1.105E+03	 2.544E+03
 435.550	 0.000E+00	-1.237E+03	 2.398E+03
 435.600	 0.000E+00	-1.372E+03	 2.228E+03
 435.650	 0.000E+00	-1.505E+03	 2.052E+03
 435.700	 0.000E+00	-1.629E+03	 1.926E+03
 435.750	 0.000E+00	-1.751E+03	 1.847E+03
 435.800	 0.000E+00	-1.872E+03	 1.837E+03
 435.850	 0.000E+00	-1.982E+03	 1.863E+03
 435.900	 0.000E+00	-2.088E+03	 1.919E+03
 435.950	 0.000E+00	-2.195E+03	 1.971E+03
 436.000	 0.000E+00	-2.295E+03	 1.983E+03
 436.050	 0.000E+00	-2.394E+03	 1.981E+03
 436.100	 0.000E+00	-2.493E+03	 1.941E+03
 436.150	 0.000E+00	-2.586E+03	 1.898E+03
 436.200	 0.000E+00	-2.673E+03	 1.871E+03
 436.250	 0.000E+00	-2.755E+03	 1.866E+03
 436.300	 0.000E+00	-2.835E+03	 1.879E+03
 436.350	 0.000E+00	-2.912E+03	 1.913E+03
 436.400	 0.000E+00	-2.983E+03	 1.963E+03
 436.450	 0.000E+00	-3.052E+03	 2.002E+03
 436.500	 0.000E+00	-3.120E+03	 2.018E+03
 436.550	 0.000E+00	-3.183E+03	 2.003E+03
 436.600	 0.000E+00	-3.241E+03	 1.973E+03
 436.650	 0.000E+00	-3.297E+03	 1.932E+03
 436.700	 0.000E+00	-3.348E+03	 1.889E+03
 436.750	 0.000E+00	-3.394E+03	 1.847E+03
 436.800	 0.000E+00	-3.433E+03	 1.834E+03
 436.850	 0.000E+00	-3.465E+03	 1.823E+03
 436.900	 0.000E+00	-3.489E+03	 1.831E+03
 436.950	 0.000E+00	-3.507E+03	 1.854E+03
 437.000	 0.000E+00	-3.521E+03	 1.848E+03
 437.050	 0.000E+00	-3.531E+03	 1.839E+03
 437.100	 0.000E+00	-3.535E+03	 1.853E+03
 437.150	 0.000E+00	-3.536E+03	 1.855E+03
 437.200	 0.000E+00	-3.531E+03	 1.885E+03
 437.250	 0.000E+00	-3.522E+03	 1.904E+03
 437.300	 0.000E+00	-3.513E+03	 1.915E+03
 437.350	 0.000E+00	-3.500E+03	 1.909E+03
 437.400	 0.000E+00	-3.486E+03	 1.874E+03
 437.450	 0.000E+00	-3.473E+03	 1.798E+03
 437.500	 0.000E+00	-3.450E+03	 1.724E+03
 437.550	 0.000E+00	-3.419E+03	 1.655E+03
 437.600	 0.000E+00	-3.389E+03	 1.594E+03
 437.650	 0.000E+00	-3.351E+03	 1.559E+03
 437.700	 0.000E+00	-3.304E+03	 1.547E+03
 437.750	 0.000E+00	-3.255E+03	 1.569E+03
 437.800	 0.000E+00	-3.199E+03	 1.599E+03
 437.850	 0.000E+00	-3.137E+03	 1.606E+03
 437.900	 0.000E+00	-3.067E+03	 1.619E+03
 437.950	 0.000E+00	-2.997E+03	 1.616E+03
 438.000	 0.000E+00	-2.919E+03	 1.580E+03
 438.050	 0.000E+00	-2.833E+03	 1.551E+03
 438.100	 0.000E+00	-2.747E+03	 1.525E+03
 438.150	 0.000E+00	-2.654E+03	 1.507E+03
 438.200	 0.000E+00	-2.555E+03	 1.496E+03
 438.250	 0.000E+00	-2.454E+03	 1.524E+03
 438.300	 0.000E+00	-2.349E+03	 1.604E+03
 438.350	 0.000E+00	-2.236E+03	 1.662E+03
 438.400	 0.000E+00	-2.130E+03	 1.745E+03
 438.450	 0.000E+00	-2.023E+03	 1.805E+03
 438.500	 0.000E+00	-1.913E+03	 1.842E+03
 438.550	 0.000E+00	-1.802E+03	 1.860E+03
 438.600	 0.000E+00	-1.689E+03	 1.869E+03
 438.650	 0.000E+00	-1.573E+03	 1.868E+03
 438.700	 0.000E+00	-1.447E+03	 1.883E+03
 438.750	 0.000E+00	-1.325E+03	 1.902E+03
 438.800	 0.000E+00	-1.193E+03	 1.949E+03
 438.850	 0.000E+00	-1.059E+03	 1.974E+03
 438.900	 0.000E+00	-9.251E+02	 2.021E+03
 438.950	 0.000E+00	-7.923E+02	 2.046E+03
 439.000	 0.000E+00	-6.512E+02	 2.067E+03
 439.050	 0.000E+00	-5.140E+02	 2.063E+03
 439.100	 0.000E+00	-3.822E+02	 2.049E+03
 439.150	 0.000E+00	-2.428E+02	 2.042E+03
 439.200	 0.000E+00	-1.072E+02	 2.034E+03
 439.250	 0.000E+00	 2.606E+01	 2.050E+03
 439.300	 0.000E+00	 1.621E+02	 2.055E+03
 439.350	 0.000E+00	 2.939E+02	 2.080E+03
 439.400	 0.000E+00	 4.212E+02	 2.068E+03
 439.450	 0.000E+00	 5.478E+02	 2.038E+03
 439.500	 0.000E+00	 6.713E+02	 1.984E+03
 439.550	 0.000E+00	 7.933E+02	 1.920E+03
 439.600	 0.000E+00	 9.094E+02	 1.857E+03
 439.650	 0.000E+00	 1.032E+03	 1.837E+03
 439.700	 0.000E+00	 1.155E+03	 1.833E+03
 439.750	 0.000E+00	 1.274E+03	 1.853E+03
 439.800	 0.000E+00	 1.400E+03	 1.900E+03
 439.850	 0.000E+00	 1.521E+03	 1.934E+03
 439.900	 0.000E+00	 1.644E+03	 1.962E+03
 439.950	 0.000E+00	 1.763E+03	 1.961E+03
 440.000	 0.000E+00	 1.881E+03	 1.945E+03
 440.050	 0.000E+00	 1.995E+03	 1.926E+03
 440.100	 0.000E+00	 2.104E+03	 1.910E+03
 440.150	 0.000E+00	 2.209E+03	 1.935E+03
 440.200	 0.000E+00	 2.310E+03	 1.986E+03
 440.250	 0.000E+00	 2.409E+03	 2.068E+03
 440.300	 0.000E+00	 2.506E+03	 2.159E+03
 440.350	 0.000E+00	 2.597E+03	 2.227E+03
 440.400	 0.000E+00	 2.685E+03	 2.256E+03
 440.450	 0.000E+00	 2.770E+03	 2.223E+03
 440.500	 0.000E+00	 2.853E+03	 2.159E+03
 440.550	 0.000E+00	 2.929E+03	 2.042E+03
 440.600	 0.000E+00	 3.004E+03	 1.943E+03
 440.650	 0.000E+00	 3.079E+03	 1.887E+03
 440.700	 0.000E+00	 3.148E+03	 1.876E+03
 440.750	 0.000E+00	 3.209E+03	 1.897E+03
 440.800	 0.000E+00	 3.271E+03	 1.971E+03
 440.850	 0.000E+00	 3.326E+03	 2.020E+03
 440.900	 0.000E+00	 3.378E+03	 2.062E+03
 440.950	 0.000E+00	 3.424E+03	 2.041E+03
 441.000	 0.000E+00	 3.460E+03	 1.979E+03
 441.050	 0.000E+00	 3.499E+03	 1.928E+03
 441.100	 0.000E+00	 3.532E+03	 1.871E+03
 441.150	 0.000E+00	 3.563E+03	 1.857E+03
 441.200	 0.000E+00	 3.584E+03	 1.854E+03
 441.250	 0.000E+00	 3.603E+03	 1.889E+03
 441.300	 0.000E+00	 3.623E+03	 1.974E+03
 441.350	 0.000E+00	 3.629E+03	 2.006E+03
 441.400	 0.000E+00	 3.636E+03	 2.029E+03
 441.450	 0.000E+00	 3.631E+03	 1.999E+03
 441.500	 0.000E+00	 3.618E+03	 1.920E+03
 441.550	 0.000E+00	 3.601E+03	 1.840E+03
 441.600	 0.000E+00	 3.575E+03	 1.753E+03
 441.650	 0.000E+00	 3.552E+03	 1.699E+03
 441.700	 0.000E+00	 3.517E+03	 1.647E+03
 441.750	 0.000E+00	 3.482E+03	 1.641E+03
 441.800	 0.000E+00	 3.439E+03	 1.636E+03
 441.850	 0.000E+00	 3.394E+03	 1.636E+03
 441.900	 0.000E+00	 3.343E+03	 1.626E+03
 441.950	 0.000E+00	 3.283E+03	 1.582E+03
 442.000	 0.000E+00	 3.226E+03	 1.554E+03
 442.050	 0.000E+00	 3.160E+03	 1.513E+03
 442.100	 0.000E+00	 3.096E+03	 1.503E+03
 442.150	 0.000E+00	 3.025E+03	 1.518E+03
 442.200	 0.000E+00	 2.952E+03	 1.568E+03
 442.250	 0.000E+00	 2.884E+03	 1.674E+03
 442.300	 0.000E+00	 2.804E+03	 1.776E+03
 442.350	 0.000E+00	 2.732E+03	 1.875E+03
 442.400	 0.000E+00	 2.650E+03	 1.951E+03
 442.450	 0.000E+00	 2.572E+03	 2.015E+03
 442.500	 0.000E+00	 2.480E+03	 2.025E+03
 442.550	 0.000E+00	 2.395E+03	 2.051E+03
 442.600	 0.000E+00	 2.300E+03	 2.062E+03
 442.650	 0.000E+00	 2.198E+03	 2.101E+03
 442.700	 0.000E+00	 2.098E+03	 2.168E+03
 442.750	 0.000E+00	 1.995E+03	 2.264E+03
 442.800	 0.000E+00	 1.879E+03	 2.343E+03
 442.850	 0.000E+00	 1.774E+03	 2.429E+03
 442.900	 0.000E+00	 1.656E+03	 2.505E+03
 442.950	 0.000E+00	 1.532E+03	 2.519E+03
 443.000	 0.000E+00	 1.412E+03	 2.540E+03
 443.050	 0.000E+00	 1.287E+03	 2.552E+03
 443.100	 0.000E+00	 1.159E+03	 2.553E+03
 443.150	 0.000E+00	 1.036E+03	 2.594E+03
 443.200	 0.000E+00	 9.064E+02	 2.626E+03
 443.250	 0.000E+00	 7.750E+02	 2.688E+03
 443.300	 0.000E+00	 6.511E+02	 2.755E+03
 443.350	 0.000E+00	 5.213E+02	 2.775E+03
 443.400	 0.000E+00	 3.952E+02	 2.760E+03
 443.450	 0.000E+00	 2.624E+02	 2.670E+03
 443.500	 0.000E+00	 1.328E+02	 2.549E+03
 443.550	 0.000E+00	-2.382E+00	 2.415E+03
 443.600	 0.000E+00	-1.345E+02	 2.293E+03
 443.650	 0.000E+00	-2.655E+02	 2.225E+03
 443.700	 0.000E+00	-3.953E+02	 2.184E+03
 443.750	 0.000E+00	-5.249E+02	 2.195E+03
 443.800	 0.000E+00	-6.574E+02	 2.220E+03
 443.850	 0.000E+00	-7.851E+02	 2.245E+03
 443.900	 0.000E+00	-9.166E+02	 2.255E+03
 443.950	 0.000E+00	-1.049E+03	 2.236E+03
 444.000	 0.000E+00	-1.177E+03	 2.203E+03
 444.050	 0.000E+00	-1.308E+03	 2.137E+03
 444.100	 0.000E+00	-1.435E+03	 2.082E+03
 444.150	 0.000E+00	-1.554E+03	 2.066E+03
 444.200	 0.000E+00	-1.670E+03	 2.103E+03
 444.250	 0.000E+00	-1.784E+03	 2.151E+03
 444.300	 0.000E+00	-1.892E+03	 2.242E+03
 444.350	 0.000E+00	-1.999E+03	 2.320E+03
 444.400	 0.000E+00	-2.099E+03	 2.382E+03
 444.450	 0.000E+00	-2.206E+03	 2.373E+03
 444.500	 0.000E+00	-2.310E+03	 2.342E+03
 444.550	 0.000E+00	-2.412E+03	 2.253E+03
 444.600	 0.000E+00	-2.511E+03	 2.164E+03
 444.650	 0.000E+00	-2.610E+03	 2.070E+03
 444.700	 0.000E+00	-2.700E+03	 2.007E+03
 444.750	 0.000E+00	-2.787E+03	 1.975E+03
 444.800	 0.000E+00	-2.869E+03	 1.974E+03
 444.850	 0.000E+00	-2.946E+03	 1.993E+03
 444.900	 0.000E+00	-3.022E+03	 2.004E+03
 444.950	 0.000E+00	-3.094E+03	 2.008E+03
 445.000	 0.000E+00	-3.161E+03	 1.972E+03
 445.050	 0.000E+00	-3.226E+03	 1.908E+03
 445.100	 0.000E+00	-3.288E+03	 1.811E+03
 445.150	 0.000E+00	-3.345E+03	 1.726E+03
 445.200	 0.000E+00	-3.392E+03	 1.675E+03
 445.250	 0.000E+00	-3.432E+03	 1.663E+03
 445.300	 0.000E+00	-3.468E+03	 1.667E+03
 445.350	 0.000E+00	-3.491E+03	 1.736E+03
 445.400	 0.000E+00	-3.512E+03	 1.788E+03
 445.450	 0.000E+00	-3.523E+03	 1.845E+03
 445.500	 0.000E+00	-3.530E+03	 1.874E+03
 445.550	 0.000E+00	-3.541E+03	 1.850E+03
 445.600	 0.000E+00	-3.540E+03	 1.827E+03
 445.650	 0.000E+00	-3.538E+03	 1.788E+03
 445.700	 0.000E+00	-3.530E+03	 1.767E+03
 445.750	 0.000E+00	-3.523E+03	 1.741E+03
 445.800	 0.000E+00	-3.514E+03	 1.744E+03
 445.850	 0.000E+00	-3.499E+03	 1.750E+03
 445.900	 0.000E+00	-3.482E+03	 1.739E+03
 445.950	 0.000E+00	-3.466E+03	 1.713E+03
 446.000	 0.000E+00	-3.442E+03	 1.677E+03
 446.050	 0.000E+00	-3.415E+03	 1.618E+03
 446.100	 0.000E+00	-3.377E+03	 1.565E+03
 446.150	 0.000E+00	-3.333E+03	 1.531E+03
 446.200	 0.000E+00	-3.286E+03	 1.508E+03
 446.250	 0.000E+00	-3.228E+03	 1.526E+03
 446.300	 0.000E+00	-3.159E+03	 1.548E+03
 446.350	 0.000E+00	-3.090E+03	 1.577E+03
 446.400	 0.000E+00	-3.010E+03	 1.617E+03
 446.450	 0.000E+00	-2.919E+03	 1.656E+03
 446.500	 0.000E+00	-2.831E+03	 1.659E+03
 446.550	 0.000E+00	-2.742E+03	 1.662E+03
 446.600	 0.000E+00	-2.648E+03	 1.645E+03
 446.650	 0.000E+00	-2.554E+03	 1.628E+03
 446.700	 0.000E+00	-2.456E+03	 1.653E+03
 446.750	 0.000E+00	-2.355E+03	 1.718E+03
 446.800	 0.000E+00	-2.255E+03	 1.784E+03
 446.850	 0.000E+00	-2.157E+03	 1.897E+03
 446.900	 0.000E+00	-2.058E+03	 1.986E+03
 446.950	 0.000E+00	-1.956E+03	 2.051E+03
 447.000	 0.000E+00	-1.857E+03	 2.086E+03
 447.050	 0.000E+00	-1.747E+03	 2.084E+03
 447.100	 0.000E+00	-1.633E+03	 2.061E+03
 447.150	 0.000E+00	-1.521E+03	 2.030E+03
 447.200	 0.000E+00	-1.397E+03	 2.032E+03
 447.250	 0.000E+00	-1.262E+03	 2.051E+03
 447.300	 0.000E+00	-1.127E+03	 2.091E+03
 447.350	 0.000E+00	-9.905E+02	 2.131E+03
 447.400	 0.000E+00	-8.442E+02	 2.166E+03
 447.450	 0.000E+00	-7.067E+02	 2.172E+03
 447.500	 0.000E+00	-5.649E+02	 2.157E+03
 447.550	 0.000E+00	-4.247E+02	 2.132E+03
 447.600	 0.000E+00	-2.905E+02	 2.080E+03
 447.650	 0.000E+00	-1.590E+02	 2.058E+03
 447.700	 0.000E+00	-2.772E+01	 2.014E+03
 447.750	 0.000E+00	 9.856E+01	 2.013E+03
 447.800	 0.000E+00	 2.192E+02	 2.033E+03
 447.850	 0.000E+00	 3.467E+02	 2.067E+03
 447.900	 0.000E+00	 4.692E+02	 2.069E+03
 447.950	 0.000E+00	 5.831E+02	 2.051E+03
 448.000	 0.000E+00	 7.109E+02	 2.032E+03
 448.050	 0.000E+00	 8.364E+02	 1.970E+03
 448.100	 0.000E+00	 9.598E+02	 1.918E+03
 448.150	 0.000E+00	 1.088E+03	 1.882E+03
 448.200	 0.000E+00	 1.221E+03	 1.887E+03
 448.250	 0.000E+00	 1.351E+03	 1.920E+03
 448.300	 0.000E+00	 1.481E+03	 1.974E+03
 448.350	 0.000E+00	 1.611E+03	 2.012E+03
 448.400	 0.000E+00	 1.737E+03	 2.025E+03
 448.450	 0.000E+00	 1.854E+03	 1.993E+03
 448.500	 0.000E+00	 1.965E+03	 1.948E+03
 448.550	 0.000E+00	 2.079E+03	 1.920E+03
 448.600	 0.000E+00	 2.182E+03	 1.911E+03
 448.650	 0.000E+00	 2.280E+03	 1.951E+03
 448.700	 0.000E+00	 2.383E+03	 2.075E+03
 448.750	 0.000E+00	 2.481E+03	 2.208E+03
 448.800	 0.000E+00	 2.573E+03	 2.366E+03
 448.850	 0.000E+00	 2.666E+03	 2.507E+03
 448.900	 0.000E+00	 2.757E+03	 2.587E+03
 448.950	 0.000E+00	 2.844E+03	 2.614E+03
 449.000	 0.000E+00	 2.924E+03	 2.542E+03
 449.050	 0.000E+00	 3.004E+03	 2.466E+03
 449.100	 0.000E+00	 3.078E+03	 2.364E+03
 449.150	 0.000E+00	 3.152E+03	 2.295E+03
 449.200	 0.000E+00	 3.220E+03	 2.239E+03
 449.250	 0.000E+00	 3.281E+03	 2.206E+03
 449.300	 0.000E+00	 3.335E+03	 2.184E+03
 449.350	 0.000E+00	 3.382E+03	 2.130E+03
 449.400	 0.000E+00	 3.417E+03	 2.064E+03
 449.450	 0.000E+00	 3.446E+03	 1.985E+03
 449.500	 0.000E+00	 3.471E+03	 1.915E+03
 449.550	 0.000E+00	 3.489E+03	 1.839E+03
 449.600	 0.000E+00	 3.505E+03	 1.781E+03
 449.650	 0.000E+00	 3.512E+03	 1.713E+03
 449.700	 0.000E+00	 3.524E+03	 1.711E+03
 449.750	 0.000E+00	 3.536E+03	 1.705E+03
 449.800	 0.000E+00	 3.551E+03	 1.739E+03
 449.850	 0.000E+00	 3.567E+03	 1.770E+03
 449.900	 0.000E+00	 3.577E+03	 1.802E+03
 449.950	 0.000E+00	 3.585E+03	 1.822E+03
 450.000	 0.000E+00	 3.589E+03	 1.820E+03
 450.050	 0.000E+00	 3.587E+03	 1.795E+03
 450.100	 0.000E+00	 3.582E+03	 1.788E+03
 450.150	 0.000E+00	 3.563E+03	 1.756E+03
 450.200	 0.000E+00	 3.540E+03	 1.726E+03
 450.250	 0.000E+00	 3.504E+03	 1.699E+03
 450.300	 0.000E+00	 3.463E+03	 1.708E+03
 450.350	 0.000E+00	 3.412E+03	 1.702E+03
 450.400	 0.000E+00	 3.354E+03	 1.690E+03
 450.450	 0.000E+00	 3.287E+03	 1.680E+03
 450.500	 0.000E+00	 3.221E+03	 1.672E+03
 450.550	 0.000E+00	 3.145E+03	 1.640E+03
 450.600	 0.000E+00	 3.069E+03	 1.606E+03
 450.650	 0.000E+00	 2.990E+03	 1.577E+03
 450.700	 0.000E+00	 2.907E+03	 1.542E+03
 450.750	 0.000E+00	 2.830E+03	 1.551E+03
 450.800	 0.000E+00	 2.754E+03	 1.576E+03
 450.850	 0.000E+00	 2.672E+03	 1.601E+03
 450.900	 0.000E+00	 2.600E+03	 1.667E+03
 450.950	 0.000E+00	 2.519E+03	 1.726E+03
 451.000	 0.000E+00	 2.438E+03	 1.779E+03
 451.050	 0.000E+00	 2.348E+03	 1.823E+03
 451.100	 0.000E+00	 2.260E+03	 1.875E+03
 451.150	 0.000E+00	 2.169E+03	 1.929E+03
 451.200	 0.000E+00	 2.060E+03	 1.955E+03
 451.250	 0.000E+00	 1.955E+03	 2.010E+03
 451.300	 0.000E+00	 1.839E+03	 2.053E+03
 451.350	 0.000E+00	 1.718E+03	 2.097E+03
 451.400	 0.000E+00	 1.591E+03	 2.158E+03
 451.450	 0.000E+00	 1.465E+03	 2.212E+03
 451.500	 0.000E+00	 1.332E+03	 2.251E+03
 451.550	 0.000E+00	 1.196E+03	 2.288E+03
 451.600	 0.000E+00	 1.063E+03	 2.308E+03
 451.650	 0.000E+00	 9.241E+02	 2.295E+03
 451.700	 0.000E+00	 7.886E+02	 2.273E+03
 451.750	 0.000E+00	 6.591E+02	 2.250E+03
 451.800	 0.000E+00	 5.266E+02	 2.227E+03
 451.850	 0.000E+00	 3.978E+02	 2.216E+03
 451.900	 0.000E+00	 2.719E+02	 2.212E+03
 451.950	 0.000E+00	 1.474E+02	 2.197E+03
 452.000	 0.000E+00	 2.002E+01	 2.180E+03
 452.050	 0.000E+00	-1.014E+02	 2.172E+03
 452.100	 0.000E+00	-2.287E+02	 2.157E+03
 452.150	 0.000E+00	-3.536E+02	 2.170E+03
 452.200	 0.000E+00	-4.800E+02	 2.176E+03
 452.250	 0.000E+00	-6.030E+02	 2.238E+03
 452.300	 0.000E+00	-7.309E+02	 2.291E+03
 452.350	 0.000E+00	-8.535E+02	 2.367E+03
 452.400	 0.000E+00	-9.805E+02	 2.437E+03
 452.450	 0.000E+00	-1.104E+03	 2.484E+03
 452.500	 0.000E+00	-1.219E+03	 2.489E+03
 452.550	 0.000E+00	-1.341E+03	 2.460E+03
 452.600	 0.000E+00	-1.465E+03	 2.387E+03
 452.650	 0.000E+00	-1.581E+03	 2.273E+03
 452.700	 0.000E+00	-1.693E+03	 2.167E+03
 452.750	 0.000E+00	-1.808E+03	 2.088E+03
 452.800	 0.000E+00	-1.920E+03	 2.041E+03
 452.850	 0.000E+00	-2.027E+03	 2.018E+03
 452.900	 0.000E+00	-2.135E+03	 2.004E+03
 452.950	 0.000E+00	-2.246E+03	 2.017E+03
 453.000	 0.000E+00	-2.351E+03	 1.989E+03
 453.050	 0.000E+00	-2.460E+03	 1.957E+03
 453.100	 0.000E+00	-2.571E+03	 1.897E+03
 453.150	 0.000E+00	-2.674E+03	 1.842E+03
 453.200	 0.000E+00	-2.771E+03	 1.797E+03
 453.250	 0.000E+00	-2.868E+03	 1.773E+03
 453.300	 0.000E+00	-2.956E+03	 1.782E+03
 453.350	 0.000E+00	-3.032E+03	 1.841E+03
 453.400	 0.000E+00	-3.102E+03	 1.907E+03
 453.450	 0.000E+00	-3.163E+03	 1.987E+03
 453.500	 0.000E+00	-3.213E+03	 2.067E+03
 453.550	 0.000E+00	-3.257E+03	 2.113E+03
 453.600	 0.000E+00	-3.299E+03	 2.110E+03
 453.650	 0.000E+00	-3.332E+03	 2.085E+03
 453.700	 0.000E+00	-3.362E+03	 2.028E+03
 453.750	 0.000E+00	-3.390E+03	 1.973E+03
 453.800	 0.000E+00	-3.414E+03	 1.928E+03
 453.850	 0.000E+00	-3.437E+03	 1.904E+03
 453.900	 0.000E+00	-3.459E+03	 1.890E+03
 453.950	 0.000E+00	-3.477E+03	 1.897E+03
 454.000	 0.000E+00	-3.500E+03	 1.871E+03
 454.050	 0.000E+00	-3.517E+03	 1.857E+03
 454.100	 0.000E+00	-3.534E+03	 1.823E+03
 454.150	 0.000E+00	-3.548E+03	 1.770E+03
 454.200	 0.000E+00	-3.557E+03	 1.689E+03
 454.250	 0.000E+00	-3.560E+03	 1.634E+03
 454.300	 0.000E+00	-3.557E+03	 1.581E+03
 454.350	 0.000E+00	-3.544E+03	 1.551E+03
 454.400	 0.000E+00	-3.525E+03	 1.537E+03
 454.450	 0.000E+00	-3.493E+03	 1.564E+03
 454.500	 0.000E+00	-3.451E+03	 1.628E+03
 454.550	 0.000E+00	-3.401E+03	 1.675E+03
 454.600	 0.000E+00	-3.341E+03	 1.716E+03
 454.650	 0.000E+00	-3.279E+03	 1.749E+03
 454.700	 0.000E+00	-3.210E+03	 1.747E+03
 454.750	 0.000E+00	-3.138E+03	 1.748E+03
 454.800	 0.000E+00	-3.061E+03	 1.732E+03
 454.850	 0.000E+00	-2.994E+03	 1.704E+03
 454.900	 0.000E+00	-2.917E+03	 1.704E+03
 454.950	 0.000E+00	-2.849E+03	 1.715E+03
 455.000	 0.000E+00	-2.779E+03	 1.701E+03
 455.050	 0.000E+00	-2.701E+03	 1.701E+03
 455.100	 0.000E+00	-2.634E+03	 1.671E+03
 455.150	 0.000E+00	-2.562E+03	 1.645E+03
 455.200	 0.000E+00	-2.481E+03	 1.603E+03
 455.250	 0.000E+00	-2.395E+03	 1.559E+03
 455.300	 0.000E+00	-2.308E+03	 1.542E+03
 455.350	 0.000E+00	-2.203E+03	 1.530E+03
 455.400	 0.000E+00	-2.090E+03	 1.556E+03
 455.450	 0.000E+00	-1.979E+03	 1.589E+03
 455.500	 0.000E+00	-1.854E+03	 1.640E+03
 455.550	 0.000E+00	-1.718E+03	 1.709E+03
 455.600	 0.000E+00	-1.582E+03	 1.791E+03
 455.650	 0.000E+00	-1.448E+03	 1.874E+03
 455.700	 0.000E+00	-1.304E+03	 1.940E+03
 455.750	 0.000E+00	-1.166E+03	 2.027E+03
 455.800	 0.000E+00	-1.031E+03	 2.112E+03
 455.850	 0.000E+00	-8.916E+02	 2.195E+03
 455.900	 0.000E+00	-7.629E+02	 2.284E+03
 455.950	 0.000E+00	-6.346E+02	 2.359E+03
 456.000	 0.000E+00	-5.066E+02	 2.407E+03
 456.050	 0.000E+00	-3.857E+02	 2.440E+03
 456.100	 0.000E+00	-2.673E+02	 2.439E+03
 456.150	 0.000E+00	-1.418E+02	 2.422E+03
 456.200	 0.000E+00	-2.448E+01	 2.382E+03
 456.250	 0.000E+00	 1.008E+02	 2.344E+03
 456.300	 0.000E+00	 2.265E+02	 2.290E+03
 456.350	 0.000E+00	 3.567E+02	 2.252E+03
 456.400	 0.000E+00	 4.855E+02	 2.204E+03
 456.450	 0.000E+00	 6.177E+02	 2.158E+03
 456.500	 0.000E+00	 7.567E+02	 2.126E+03
 456.550	 0.000E+00	 8.862E+02	 2.048E+03
 456.600	 0.000E+00	 1.022E+03	 1.978E+03
 456.650	 0.000E+00	 1.152E+03	 1.902E+03
 456.700	 0.000E+00	 1.281E+03	 1.839E+03
 456.750	 0.000E+00	 1.404E+03	 1.776E+03
 456.800	 0.000E+00	 1.524E+03	 1.722E+03
 456.850	 0.000E+00	 1.636E+03	 1.678E+03
 456.900	 0.000E+00	 1.743E+03	 1.631E+03
 456.950	 0.000E+00	 1.846E+03	 1.605E+03
 457.000	 0.000E+00	 1.945E+03	 1.589E+03
 457.050	 0.000E+00	 2.045E+03	 1.607E+03
 457.100	 0.000E+00	 2.146E+03	 1.650E+03
 457.150	 0.000E+00	 2.245E+03	 1.713E+03
 457.200	 0.000E+00	 2.348E+03	 1.803E+03
 457.250	 0.000E+00	 2.452E+03	 1.907E+03
 457.300	 0.000E+00	 2.558E+03	 2.018E+03
 457.350	 0.000E+00	 2.665E+03	 2.120E+03
 457.400	 0.000E+00	 2.773E+03	 2.206E+03
 457.450	 0.000E+00	 2.870E+03	 2.242E+03
 457.500	 0.000E+00	 2.966E+03	 2.278E+03
 457.550	 0.000E+00	 3.051E+03	 2.271E+03
 457.600	 0.000E+00	 3.131E+03	 2.273E+03
 457.650	 0.000E+00	 3.200E+03	 2.251E+03
 457.700	 0.000E+00	 3.268E+03	 2.274E+03
 457.750	 0.000E+00	 3.318E+03	 2.266E+03
 457.800	 0.000E+00	 3.356E+03	 2.237E+03
 457.850	 0.000E+00	 3.394E+03	 2.234E+03
 457.900	 0.000E+00	 3.423E+03	 2.180E+03
 457.950	 0.000E+00	 3.440E+03	 2.082E+03
 458.000	 0.000E+00	 3.457E+03	 1.982E+03
 458.050	 0.000E+00	 3.475E+03	 1.871E+03
 458.100	 0.000E+00	 3.488E+03	 1.768E+03
 458.150	 0.000E+00	 3.505E+03	 1.705E+03
 458.200	 0.000E+00	 3.519E+03	 1.668E+03
 458.250	 0.000E+00	 3.535E+03	 1.647E+03
 458.300	 0.000E+00	 3.549E+03	 1.627E+03
 458.350	 0.000E+00	 3.558E+03	 1.594E+03
 458.400	 0.000E+00	 3.568E+03	 1.562E+03
 458.450	 0.000E+00	 3.571E+03	 1.514E+03
 458.500	 0.000E+00	 3.568E+03	 1.480E+03
 458.550	 0.000E+00	 3.555E+03	 1.478E+03
 458.600	 0.000E+00	 3.536E+03	 1.488E+03
 458.650	 0.000E+00	 3.514E+03	 1.541E+03
 458.700	 0.000E+00	 3.485E+03	 1.611E+03
 458.750	 0.000E+00	 3.447E+03	 1.668E+03
 458.800	 0.000E+00	 3.407E+03	 1.707E+03
 458.850	 0.000E+00	 3.352E+03	 1.719E+03
 458.900	 0.000E+00	 3.300E+03	 1.713E+03
 458.950	 0.000E+00	 3.242E+03	 1.681E+03
 459.000	 0.000E+00	 3.180E+03	 1.629E+03
 459.050	 0.000E+00	 3.121E+03	 1.596E+03
 459.100	 0.000E+00	 3.058E+03	 1.566E+03
 459.150	 0.000E+00	 2.987E+03	 1.551E+03
 459.200	 0.000E+00	 2.914E+03	 1.560E+03
 459.250	 0.000E+00	 2.841E+03	 1.598E+03
 459.300	 0.000E+00	 2.761E+03	 1.619E+03
 459.350	 0.000E+00	 2.675E+03	 1.640E+03
 459.400	 0.000E+00	 2.588E+03	 1.657E+03
 459.450	 0.000E+00	 2.498E+03	 1.666E+03
 459.500	 0.000E+00	 2.399E+03	 1.665E+03
 459.550	 0.000E+00	 2.304E+03	 1.693E+03
 459.600	 0.000E+00	 2.195E+03	 1.694E+03
 459.650	 0.000E+00	 2.095E+03	 1.711E+03
 459.700	 0.000E+00	 1.987E+03	 1.754E+03
 459.750	 0.000E+00	 1.880E+03	 1.805E+03
 459.800	 0.000E+00	 1.773E+03	 1.883E+03
 459.850	 0.000E+00	 1.662E+03	 1.964E+03
 459.900	 0.000E+00	 1.548E+03	 2.051E+03
 459.950	 0.000E+00	 1.434E+03	 2.131E+03
 460.000	 0.000E+00	 1.322E+03	 2.176E+03
 460.050	 0.000E+00	 1.204E+03	 2.177E+03
 460.100	 0.000E+00	 1.082E+03	 2.143E+03
 460.150	 0.000E+00	 9.578E+02	 2.100E+03
 460.200	 0.000E+00	 8.262E+02	 2.034E+03
 460.250	 0.000E+00	 6.942E+02	 2.001E+03
 460.300	 0.000E+00	 5.596E+02	 1.989E+03
 460.350	 0.000E+00	 4.205E+02	 1.975E+03
 460.400	 0.000E+00	 2.796E+02	 1.960E+03
 460.450	 0.000E+00	 1.345E+02	 1.967E+03
 460.500	 0.000E+00	-5.558E+00	 1.954E+03
 460.550	 0.000E+00	-1.451E+02	 1.935E+03
 460.600	 0.000E+00	-2.834E+02	 1.942E+03
 460.650	 0.000E+00	-4.155E+02	 1.999E+03
 460.700	 0.000E+00	-5.375E+02	 2.091E+03
 460.750	 0.000E+00	-6.533E+02	 2.209E+03
 460.800	 0.000E+00	-7.731E+02	 2.356E+03
 460.850	 0.000E+00	-8.868E+02	 2.478E+03
 460.900	 0.000E+00	-9.889E+02	 2.583E+03
 460.950	 0.000E+00	-1.108E+03	 2.600E+03
 461.000	 0.000E+00	-1.215E+03	 2.591E+03
 461.050	 0.000E+00	-1.322E+03	 2.528E+03
 461.100	 0.000E+00	-1.435E+03	 2.450E+03
 461.150	 0.000E+00	-1.552E+03	 2.371E+03
 461.200	 0.000E+00	-1.666E+03	 2.322E+03
 461.250	 0.000E+00	-1.779E+03	 2.299E+03
 461.300	 0.000E+00	-1.899E+03	 2.271E+03
 461.350	 0.000E+00	-2.016E+03	 2.262E+03
 461.400	 0.000E+00	-2.138E+03	 2.193E+03
 461.450	 0.000E+00	-2.259E+03	 2.109E+03
 461.500	 0.000E+00	-2.373E+03	 2.009E+03
 461.550	 0.000E+00	-2.487E+03	 1.892E+03
 461.600	 0.000E+00	-2.596E+03	 1.783E+03
 461.650	 0.000E+00	-2.694E+03	 1.717E+03
 461.700	 0.000E+00	-2.783E+03	 1.688E+03
 461.750	 0.000E+00	-2.866E+03	 1.686E+03
 461.800	 0.000E+00	-2.942E+03	 1.710E+03
 461.850	 0.000E+00	-3.006E+03	 1.775E+03
 461.900	 0.000E+00	-3.066E+03	 1.848E+03
 461.950	 0.000E+00	-3.117E+03	 1.932E+03
 462.000	 0.000E+00	-3.165E+03	 2.002E+03
 462.050	 0.000E+00	-3.209E+03	 2.085E+03
 462.100	 0.000E+00	-3.252E+03	 2.141E+03
 462.150	 0.000E+00	-3.294E+03	 2.196E+03
 462.200	 0.000E+00	-3.333E+03	 2.247E+03
 462.250	 0.000E+00	-3.367E+03	 2.271E+03
 462.300	 0.000E+00	-3.404E+03	 2.260E+03
 462.350	 0.000E+00	-3.432E+03	 2.232E+03
 462.400	 0.000E+00	-3.465E+03	 2.167E+03
 462.450	 0.000E+00	-3.491E+03	 2.096E+03
 462.500	 0.000E+00	-3.516E+03	 2.019E+03
 462.550	 0.000E+00	-3.538E+03	 1.955E+03
 462.600	 0.000E+00	-3.554E+03	 1.901E+03
 462.650	 0.000E+00	-3.561E+03	 1.879E+03
 462.700	 0.000E+00	-3.561E+03	 1.874E+03
 462.750	 0.000E+00	-3.554E+03	 1.861E+03
 462.800	 0.000E+00	-3.540E+03	 1.850E+03
 462.850	 0.000E+00	-3.520E+03	 1.841E+03
 462.900	 0.000E+00	-3.490E+03	 1.825E+03
 462.950	 0.000E+00	-3.449E+03	 1.798E+03
 463.000	 0.000E+00	-3.402E+03	 1.777E+03
 463.050	 0.000E+00	-3.358E+03	 1.743E+03
 463.100	 0.000E+00	-3.295E+03	 1.743E+03
 463.150	 0.000E+00	-3.241E+03	 1.749E+03
 463.200	 0.000E+00	-3.181E+03	 1.766E+03
 463.250	 0.000E+00	-3.122E+03	 1.756E+03
 463.300	 0.000E+00	-3.061E+03	 1.759E+03
 463.350	 0.000E+00	-2.997E+03	 1.749E+03
 463.400	 0.000E+00	-2.931E+03	 1.737E+03
 463.450	 0.000E+00	-2.869E+03	 1.710E+03
 463.500	 0.000E+00	-2.792E+03	 1.705E+03
 463.550	 0.000E+00	-2.727E+03	 1.681E+03
 463.600	 0.000E+00	-2.650E+03	 1.659E+03
 463.650	 0.000E+00	-2.567E+03	 1.651E+03
 463.700	 0.000E+00	-2.484E+03	 1.645E+03
 463.750	 0.000E+00	-2.391E+03	 1.611E+03
 463.800	 0.000E+00	-2.293E+03	 1.605E+03
 463.850	 0.000E+00	-2.190E+03	 1.588E+03
 463.900	 0.000E+00	-2.080E+03	 1.571E+03
 463.950	 0.000E+00	-1.967E+03	 1.558E+03
 464.000	 0.000E+00	-1.845E+03	 1.558E+03
 464.050	 0.000E+00	-1.723E+03	 1.566E+03
 464.100	 0.000E+00	-1.593E+03	 1.599E+03
 464.150	 0.000E+00	-1.462E+03	 1.619E+03
 464.200	 0.000E+00	-1.338E+03	 1.642E+03
 464.250	 0.000E+00	-1.211E+03	 1.635E+03
 464.300	 0.000E+00	-1.085E+03	 1.604E+03
 464.350	 0.000E+00	-9.638E+02	 1.587E+03
 464.400	 0.000E+00	-8.425E+02	 1.568E+03
 464.450	 0.000E+00	-7.232E+02	 1.560E+03
 464.500	 0.000E+00	-5.991E+02	 1.572E+03
 464.550	 0.000E+00	-4.771E+02	 1.619E+03
 464.600	 0.000E+00	-3.537E+02	 1.671E+03
 464.650	 0.000E+00	-2.266E+02	 1.708E+03
 464.700	 0.000E+00	-8.912E+01	 1.764E+03
 464.750	 0.000E+00	 4.172E+01	 1.790E+03
 464.800	 0.000E+00	 1.774E+02	 1.801E+03
 464.850	 0.000E+00	 3.185E+02	 1.827E+03
 464.900	 0.000E+00	 4.573E+02	 1.835E+03
 464.950	 0.000E+00	 5.945E+02	 1.848E+03
 465.000	 0.000E+00	 7.330E+02	 1.856E+03
 465.050	 0.000E+00	 8.699E+02	 1.877E+03
 465.100	 0.000E+00	 1.004E+03	 1.898E+03
 465.150	 0.000E+00	 1.132E+03	 1.894E+03
 465.200	 0.000E+00	 1.259E+03	 1.881E+03
 465.250	 0.000E+00	 1.378E+03	 1.851E+03
 465.300	 0.000E+00	 1.500E+03	 1.803E+03
 465.350	 0.000E+00	 1.612E+03	 1.722E+03
 465.400	 0.000E+00	 1.719E+03	 1.623E+03
 465.450	 0.000E+00	 1.818E+03	 1.527E+03
 465.500	 0.000E+00	 1.924E+03	 1.488E+03
 465.550	 0.000E+00	 2.024E+03	 1.467E+03
 465.600	 0.000E+00	 2.121E+03	 1.480E+03
 465.650	 0.000E+00	 2.223E+03	 1.517E+03
 465.700	 0.000E+00	 2.324E+03	 1.590E+03
 465.750	 0.000E+00	 2.423E+03	 1.655E+03
 465.800	 0.000E+00	 2.525E+03	 1.717E+03
 465.850	 0.000E+00	 2.624E+03	 1.755E+03
 465.900	 0.000E+00	 2.719E+03	 1.774E+03
 465.950	 0.000E+00	 2.810E+03	 1.765E+03
 466.000	 0.000E+00	 2.899E+03	 1.761E+03
 466.050	 0.000E+00	 2.982E+03	 1.749E+03
 466.100	 0.000E+00	 3.060E+03	 1.756E+03
 466.150	 0.000E+00	 3.133E+03	 1.777E+03
 466.200	 0.000E+00	 3.198E+03	 1.795E+03
 466.250	 0.000E+00	 3.253E+03	 1.785E+03
 466.300	 0.000E+00	 3.303E+03	 1.768E+03
 466.350	 0.000E+00	 3.343E+03	 1.719E+03
 466.400	 0.000E+00	 3.376E+03	 1.668E+03
 466.450	 0.000E+00	 3.403E+03	 1.597E+03
 466.500	 0.000E+00	 3.426E+03	 1.564E+03
 466.550	 0.000E+00	 3.446E+03	 1.527E+03
 466.600	 0.000E+00	 3.465E+03	 1.517E+03
 466.650	 0.000E+00	 3.482E+03	 1.504E+03
 466.700	 0.000E+00	 3.497E+03	 1.495E+03
 466.750	 0.000E+00	 3.512E+03	 1.488E+03
 466.800	 0.000E+00	 3.526E+03	 1.472E+03
 466.850	 0.000E+00	 3.543E+03	 1.467E+03
 466.900	 0.000E+00	 3.552E+03	 1.435E+03
 466.950	 0.000E+00	 3.558E+03	 1.415E+03
 467.000	 0.000E+00	 3.559E+03	 1.423E+03
 467.050	 0.000E+00	 3.552E+03	 1.432E+03
 467.100	 0.000E+00	 3.540E+03	 1.444E+03
 467.150	 0.000E+00	 3.521E+03	 1.460E+03
 467.200	 0.000E+00	 3.494E+03	 1.477E+03
 467.250	 0.000E+00	 3.459E+03	 1.459E+03
 467.300	 0.000E+00	 3.417E+03	 1.430E+03
 467.350	 0.000E+00	 3.369E+03	 1.414E+03
 467.400	 0.000E+00	 3.315E+03	 1.389E+03
 467.450	 0.000E+00	 3.257E+03	 1.385E+03
 467.500	 0.000E+00	 3.196E+03	 1.399E+03
 467.550	 0.000E+00	 3.132E+03	 1.422E+03
 467.600	 0.000E+00	 3.068E+03	 1.447E+03
 467.650	 0.000E+00	 3.001E+03	 1.459E+03
 467.700	 0.000E+00	 2.928E+03	 1.471E+03
 467.750	 0.000E+00	 2.852E+03	 1.459E+03
 467.800	 0.000E+00	 2.779E+03	 1.448E+03
 467.850	 0.000E+00	 2.695E+03	 1.432E+03
 467.900	 0.000E+00	 2.618E+03	 1.436E+03
 467.950	 0.000E+00	 2.530E+03	 1.446E+03
 468.000	 0.000E+00	 2.438E+03	 1.463E+03
 468.050	 0.000E+00	 2.339E+03	 1.505E+03
 468.100	 0.000E+00	 2.239E+03	 1.547E+03
 468.150	 0.000E+00	 2.128E+03	 1.572E+03
 468.200	 0.000E+00	 2.018E+03	 1.621E+03
 468.250	 0.000E+00	 1.895E+03	 1.605E+03
 468.300	 0.000E+00	 1.779E+03	 1.636E+03
 468.350	 0.000E+00	 1.655E+03	 1.662E+03
 468.400	 0.000E+00	 1.537E+03	 1.712E+03
 468.450	 0.000E+00	 1.419E+03	 1.796E+03
 468.500	 0.000E+00	 1.300E+03	 1.873E+03
 468.550	 0.000E+00	 1.185E+03	 1.953E+03
 468.600	 0.000E+00	 1.072E+03	 2.014E+03
 468.650	 0.000E+00	 9.610E+02	 2.047E+03
 468.700	 0.000E+00	 8.490E+02	 2.074E+03
 468.750	 0.000E+00	 7.300E+02	 2.070E+03
 468.800	 0.000E+00	 6.110E+02	 2.068E+03
 468.850	 0.000E+00	 4.894E+02	 2.085E+03
 468.900	 0.000E+00	 3.624E+02	 2.102E+03
 468.950	 0.000E+00	 2.325E+02	 2.129E+03
 469.000	 0.000E+00	 9.875E+01	 2.168E+03
 469.050	 0.000E+00	-3.497E+01	 2.213E+03
 469.100	 0.000E+00	-1.725E+02	 2.236E+03
 469.150	 0.000E+00	-3.085E+02	 2.257E+03
 469.200	 0.000E+00	-4.416E+02	 2.270E+03
 469.250	 0.000E+00	-5.714E+02	 2.275E+03
 469.300	 0.000E+00	-7.001E+02	 2.295E+03
 469.350	 0.000E+00	-8.272E+02	 2.334E+03
 469.400	 0.000E+00	-9.499E+02	 2.365E+03
 469.450	 0.000E+00	-1.069E+03	 2.388E+03
 469.500	 0.000E+00	-1.188E+03	 2.412E+03
 469.550	 0.000E+00	-1.304E+03	 2.423E+03
 469.600	 0.000E+00	-1.414E+03	 2.406E+03
 469.650	 0.000E+00	-1.530E+03	 2.381E+03
 469.700	 0.000E+00	-1.639E+03	 2.357E+03
 469.750	 0.000E+00	-1.746E+03	 2.340E+03
 469.800	 0.000E+00	-1.859E+03	 2.322E+03
 469.850	 0.000E+00	-1.966E+03	 2.311E+03
 469.900	 0.000E+00	-2.073E+03	 2.297E+03
 469.950	 0.000E+00	-2.186E+03	 2.258E+03
 470.000	 0.000E+00	-2.294E+03	 2.234E+03
 470.050	 0.000E+00	-2.399E+03	 2.170E+03
 470.100	 0.000E+00	-2.507E+03	 2.080E+03
 470.150	 0.000E+00	-2.607E+03	 2.006E+03
 470.200	 0.000E+00	-2.704E+03	 1.912E+03
 470.250	 0.000E+00	-2.797E+03	 1.835E+03
 470.300	 0.000E+00	-2.881E+03	 1.788E+03
 470.350	 0.000E+00	-2.957E+03	 1.781E+03
 470.400	 0.000E+00	-3.028E+03	 1.811E+03
 470.450	 0.000E+00	-3.090E+03	 1.874E+03
 470.500	 0.000E+00	-3.147E+03	 1.943E+03
 470.550	 0.000E+00	-3.196E+03	 2.012E+03
 470.600	 0.000E+00	-3.244E+03	 2.056E+03
 470.650	 0.000E+00	-3.289E+03	 2.073E+03
 470.700	 0.000E+00	-3.332E+03	 2.076E+03
 470.750	 0.000E+00	-3.369E+03	 2.074E+03
 470.800	 0.000E+00	-3.404E+03	 2.086E+03
 470.850	 0.000E+00	-3.430E+03	 2.122E+03
 470.900	 0.000E+00	-3.457E+03	 2.171E+03
 470.950	 0.000E+00	-3.476E+03	 2.245E+03
 471.000	 0.000E+00	-3.494E+03	 2.305E+03
 471.050	 0.000E+00	-3.503E+03	 2.363E+03
 471.100	 0.000E+00	-3.513E+03	 2.380E+03
 471.150	 0.000E+00	-3.519E+03	 2.374E+03
 471.200	 0.000E+00	-3.512E+03	 2.363E+03
 471.250	 0.000E+00	-3.508E+03	 2.291E+03
 471.300	 0.000E+00	-3.494E+03	 2.216E+03
 471.350	 0.000E+00	-3.478E+03	 2.115E+03
 471.400	 0.000E+00	-3.456E+03	 2.031E+03
 471.450	 0.000E+00	-3.433E+03	 1.933E+03
 471.500	 0.000E+00	-3.400E+03	 1.856E+03
 471.550	 0.000E+00	-3.367E+03	 1.791E+03
 471.600	 0.000E+00	-3.331E+03	 1.751E+03
 471.650	 0.000E+00	-3.291E+03	 1.696E+03
 471.700	 0.000E+00	-3.244E+03	 1.682E+03
 471.750	 0.000E+00	-3.198E+03	 1.657E+03
 471.800	 0.000E+00	-3.148E+03	 1.640E+03
 471.850	 0.000E+00	-3.089E+03	 1.627E+03
 471.900	 0.000E+00	-3.024E+03	 1.649E+03
 471.950	 0.000E+00	-2.958E+03	 1.654E+03
 472.000	 0.000E+00	-2.878E+03	 1.675E+03
 472.050	 0.000E+00	-2.797E+03	 1.723E+03
 472.100	 0.000E+00	-2.713E+03	 1.770E+03
 472.150	 0.000E+00	-2.612E+03	 1.829E+03
 472.200	 0.000E+00	-2.515E+03	 1.878E+03
 472.250	 0.000E+00	-2.422E+03	 1.910E+03
 472.300	 0.000E+00	-2.303E+03	 1.938E+03
 472.350	 0.000E+00	-2.203E+03	 1.939E+03
 472.400	 0.000E+00	-2.103E+03	 1.905E+03
 472.450	 0.000E+00	-1.991E+03	 1.870E+03
 472.500	 0.000E+00	-1.882E+03	 1.813E+03
 472.550	 0.000E+00	-1.779E+03	 1.777E+03
 472.600	 0.000E+00	-1.667E+03	 1.745E+03
 472.650	 0.000E+00	-1.557E+03	 1.720E+03
 472.700	 0.000E+00	-1.449E+03	 1.706E+03
 472.750	 0.000E+00	-1.337E+03	 1.706E+03
 472.800	 0.000E+00	-1.223E+03	 1.694E+03
 472.850	 0.000E+00	-1.104E+03	 1.680E+03
 472.900	 0.000E+00	-9.889E+02	 1.636E+03
 472.950	 0.000E+00	-8.621E+02	 1.591E+03
 473.000	 0.000E+00	-7.361E+02	 1.526E+03
 473.050	 0.000E+00	-6.110E+02	 1.471E+03
 473.100	 0.000E+00	-4.716E+02	 1.447E+03
 473.150	 0.000E+00	-3.329E+02	 1.414E+03
 473.200	 0.000E+00	-1.939E+02	 1.421E+03
 473.250	 0.000E+00	-5.068E+01	 1.439E+03
 473.300	 0.000E+00	 8.936E+01	 1.465E+03
 473.350	 0.000E+00	 2.268E+02	 1.486E+03
 473.400	 0.000E+00	 3.585E+02	 1.513E+03
 473.450	 0.000E+00	 4.945E+02	 1.540E+03
 473.500	 0.000E+00	 6.192E+02	 1.562E+03
 473.550	 0.000E+00	 7.404E+02	 1.578E+03
 473.600	 0.000E+00	 8.647E+02	 1.610E+03
 473.650	 0.000E+00	 9.882E+02	 1.659E+03
 473.700	 0.000E+00	 1.109E+03	 1.703E+03
 473.750	 0.000E+00	 1.232E+03	 1.765E+03
 473.800	 0.000E+00	 1.361E+03	 1.822E+03
 473.850	 0.000E+00	 1.482E+03	 1.824E+03
 473.900	 0.000E+00	 1.602E+03	 1.811E+03
 473.950	 0.000E+00	 1.727E+03	 1.764E+03
 474.000	 0.000E+00	 1.844E+03	 1.690E+03
 474.050	 0.000E+00	 1.958E+03	 1.609E+03
 474.100	 0.000E+00	 2.070E+03	 1.548E+03
 474.150	 0.000E+00	 2.180E+03	 1.514E+03
 474.200	 0.000E+00	 2.285E+03	 1.520E+03
 474.250	 0.000E+00	 2.385E+03	 1.545E+03
 474.300	 0.000E+00	 2.481E+03	 1.586E+03
 474.350	 0.000E+00	 2.574E+03	 1.624E+03
 474.400	 0.000E+00	 2.662E+03	 1.651E+03
 474.450	 0.000E+00	 2.742E+03	 1.641E+03
 474.500	 0.000E+00	 2.817E+03	 1.623E+03
 474.550	 0.000E+00	 2.889E+03	 1.596E+03
 474.600	 0.000E+00	 2.958E+03	 1.580E+03
 474.650	 0.000E+00	 3.024E+03	 1.574E+03
 474.700	 0.000E+00	 3.085E+03	 1.579E+03
 474.750	 0.000E+00	 3.144E+03	 1.598E+03
 474.800	 0.000E+00	 3.204E+03	 1.631E+03
 474.850	 0.000E+00	 3.255E+03	 1.621E+03
 474.900	 0.000E+00	 3.310E+03	 1.627E+03
 474.950	 0.000E+00	 3.356E+03	 1.607E+03
 475.000	 0.000E+00	 3.396E+03	 1.569E+03
 475.050	 0.000E+00	 3.432E+03	 1.515E+03
 475.100	 0.000E+00	 3.462E+03	 1.462E+03
 475.150	 0.000E+00	 3.489E+03	 1.435E+03
 475.200	 0.000E+00	 3.506E+03	 1.387E+03
 475.250	 0.000E+00	 3.519E+03	 1.366E+03
 475.300	 0.000E+00	 3.526E+03	 1.357E+03
 475.350	 0.000E+00	 3.528E+03	 1.340E+03
 475.400	 0.000E+00	 3.529E+03	 1.340E+03
 475.450	 0.000E+00	 3.526E+03	 1.346E+03
 475.500	 0.000E+00	 3.522E+03	 1.360E+03
 475.550	 0.000E+00	 3.513E+03	 1.364E+03
 475.600	 0.000E+00	 3.504E+03	 1.374E+03
 475.650	 0.000E+00	 3.490E+03	 1.389E+03
 475.700	 0.000E+00	 3.473E+03	 1.400E+03
 475.750	 0.000E+00	 3.455E+03	 1.418E+03
 475.800	 0.000E+00	 3.431E+03	 1.442E+03
 475.850	 0.000E+00	 3.406E+03	 1.461E+03
 475.900	 0.000E+00	 3.375E+03	 1.488E+03
 475.950	 0.000E+00	 3.337E+03	 1.515E+03
 476.000	 0.000E+00	 3.294E+03	 1.530E+03
 476.050	 0.000E+00	 3.248E+03	 1.534E+03
 476.100	 0.000E+00	 3.188E+03	 1.522E+03
 476.150	 0.000E+00	 3.124E+03	 1.508E+03
 476.200	 0.000E+00	 3.052E+03	 1.502E+03
 476.250	 0.000E+00	 2.968E+03	 1.476E+03
 476.300	 0.000E+00	 2.882E+03	 1.469E+03
 476.350	 0.000E+00	 2.786E+03	 1.476E+03
 476.400	 0.000E+00	 2.689E+03	 1.481E+03
 476.450	 0.000E+00	 2.588E+03	 1.490E+03
 476.500	 0.000E+00	 2.490E+03	 1.510E+03
 476.550	 0.000E+00	 2.385E+03	 1.515E+03
 476.600	 0.000E+00	 2.288E+03	 1.533E+03
 476.650	 0.000E+00	 2.186E+03	 1.524E+03
 476.700	 0.000E+00	 2.088E+03	 1.539E+03
 476.750	 0.000E+00	 1.990E+03	 1.546E+03
 476.800	 0.000E+00	 1.892E+03	 1.574E+03
 476.850	 0.000E+00	 1.798E+03	 1.637E+03
 476.900	 0.000E+00	 1.698E+03	 1.715E+03
 476.950	 0.000E+00	 1.597E+03	 1.806E+03
 477.000	 0.000E+00	 1.491E+03	 1.903E+03
 477.050	 0.000E+00	 1.375E+03	 1.945E+03
 477.100	 0.000E+00	 1.260E+03	 1.960E+03
 477.150	 0.000E+00	 1.136E+03	 1.952E+03
 477.200	 0.000E+00	 9.993E+02	 1.887E+03
 477.250	 0.000E+00	 8.646E+02	 1.842E+03
 477.300	 0.000E+00	 7.224E+02	 1.793E+03
 477.350	 0.000E+00	 5.771E+02	 1.776E+03
 477.400	 0.000E+00	 4.339E+02	 1.801E+03
 477.450	 0.000E+00	 2.892E+02	 1.853E+03
 477.500	 0.000E+00	 1.452E+02	 1.928E+03
 477.550	 0.000E+00	 1.382E+01	 1.980E+03
 477.600	 0.000E+00	-1.141E+02	 2.029E+03
 477.650	 0.000E+00	-2.437E+02	 2.060E+03
 477.700	 0.000E+00	-3.597E+02	 2.039E+03
 477.750	 0.000E+00	-4.700E+02	 2.029E+03
 477.800	 0.000E+00	-5.833E+02	 2.006E+03
 477.850	 0.000E+00	-6.949E+02	 2.016E+03
 477.900	 0.000E+00	-8.024E+02	 2.043E+03
 477.950	 0.000E+00	-9.144E+02	 2.094E+03
 478.000	 0.000E+00	-1.035E+03	 2.145E+03
 478.050	 0.000E+00	-1.154E+03	 2.209E+03
 478.100	 0.000E+00	-1.274E+03	 2.240E+03
 478.150	 0.000E+00	-1.402E+03	 2.247E+03
 478.200	 0.000E+00	-1.531E+03	 2.238E+03
 478.250	 0.000E+00	-1.653E+03	 2.227E+03
 478.300	 0.000E+00	-1.779E+03	 2.200E+03
 478.350	 0.000E+00	-1.902E+03	 2.178E+03
 478.400	 0.000E+00	-2.014E+03	 2.169E+03
 478.450	 0.000E+00	-2.121E+03	 2.147E+03
 478.500	 0.000E+00	-2.227E+03	 2.102E+03
 478.550	 0.000E+00	-2.325E+03	 2.064E+03
 478.600	 0.000E+00	-2.413E+03	 2.014E+03
 478.650	 0.000E+00	-2.501E+03	 1.951E+03
 478.700	 0.000E+00	-2.585E+03	 1.906E+03
 478.750	 0.000E+00	-2.661E+03	 1.893E+03
 478.800	 0.000E+00	-2.738E+03	 1.892E+03
 478.850	 0.000E+00	-2.816E+03	 1.911E+03
 478.900	 0.000E+00	-2.888E+03	 1.952E+03
 478.950	 0.000E+00	-2.961E+03	 1.986E+03
 479.000	 0.000E+00	-3.035E+03	 2.011E+03
 479.050	 0.000E+00	-3.105E+03	 2.042E+03
 479.100	 0.000E+00	-3.177E+03	 2.019E+03
 479.150	 0.000E+00	-3.246E+03	 1.988E+03
 479.200	 0.000E+00	-3.307E+03	 1.967E+03
 479.250	 0.000E+00	-3.365E+03	 1.943E+03
 479.300	 0.000E+00	-3.415E+03	 1.928E+03
 479.350	 0.000E+00	-3.456E+03	 1.939E+03
 479.400	 0.000E+00	-3.486E+03	 1.963E+03
 479.450	 0.000E+00	-3.511E+03	 1.971E+03
 479.500	 0.000E+00	-3.526E+03	 1.964E+03
 479.550	 0.000E+00	-3.536E+03	 1.930E+03
 479.600	 0.000E+00	-3.540E+03	 1.870E+03
 479.650	 0.000E+00	-3.542E+03	 1.772E+03
 479.700	 0.000E+00	-3.539E+03	 1.675E+03
 479.750	 0.000E+00	-3.539E+03	 1.571E+03
 479.800	 0.000E+00	-3.535E+03	 1.496E+03
 479.850	 0.000E+00	-3.530E+03	 1.454E+03
 479.900	 0.000E+00	-3.521E+03	 1.452E+03
 479.950	 0.000E+00	-3.511E+03	 1.462E+03
 480.000	 0.000E+00	-3.497E+03	 1.463E+03
 480.050	 0.000E+00	-3.480E+03	 1.454E+03
 480.100	 0.000E+00	-3.455E+03	 1.432E+03
 480.150	 0.000E+00	-3.423E+03	 1.378E+03
 480.200	 0.000E+00	-3.384E+03	 1.326E+03
 480.250	 0.000E+00	-3.341E+03	 1.281E+03
 480.300	 0.000E+00	-3.282E+03	 1.255E+03
 480.350	 0.000E+00	-3.222E+03	 1.248E+03
 480.400	 0.000E+00	-3.150E+03	 1.272E+03
 480.450	 0.000E+00	-3.071E+03	 1.308E+03
 480.500	 0.000E+00	-2.989E+03	 1.381E+03
 480.550	 0.000E+00	-2.901E+03	 1.440E+03
 480.600	 0.000E+00	-2.810E+03	 1.518E+03
 480.650	 0.000E+00	-2.721E+03	 1.599E+03
 480.700	 0.000E+00	-2.624E+03	 1.663E+03
 480.750	 0.000E+00	-2.530E+03	 1.723E+03
 480.800	 0.000E+00	-2.436E+03	 1.773E+03
 480.850	 0.000E+00	-2.337E+03	 1.816E+03
 480.900	 0.000E+00	-2.245E+03	 1.826E+03
 480.950	 0.000E+00	-2.147E+03	 1.851E+03
 481.000	 0.000E+00	-2.048E+03	 1.839E+03
 481.050	 0.000E+00	-1.947E+03	 1.841E+03
 481.100	 0.000E+00	-1.845E+03	 1.833E+03
 481.150	 0.000E+00	-1.734E+03	 1.843E+03
 481.200	 0.000E+00	-1.624E+03	 1.842E+03
 481.250	 0.000E+00	-1.506E+03	 1.829E+03
 481.300	 0.000E+00	-1.387E+03	 1.798E+03
 481.350	 0.000E+00	-1.266E+03	 1.739E+03
 481.400	 0.000E+00	-1.141E+03	 1.641E+03
 481.450	 0.000E+00	-1.017E+03	 1.541E+03
 481.500	 0.000E+00	-8.917E+02	 1.436E+03
 481.550	 0.000E+00	-7.627E+02	 1.373E+03
 481.600	 0.000E+00	-6.381E+02	 1.339E+03
 481.650	 0.000E+00	-5.096E+02	 1.364E+03
 481.700	 0.000E+00	-3.787E+02	 1.418E+03
 481.750	 0.000E+00	-2.518E+02	 1.485E+03
 481.800	 0.000E+00	-1.281E+02	 1.539E+03
 481.850	 0.000E+00	-2.848E+00	 1.558E+03
 481.900	 0.000E+00	 1.217E+02	 1.567E+03
 481.950	 0.000E+00	 2.442E+02	 1.554E+03
 482.000	 0.000E+00	 3.716E+02	 1.551E+03
 482.050	 0.000E+00	 5.009E+02	 1.570E+03
 482.100	 0.000E+00	 6.345E+02	 1.631E+03
 482.150	 0.000E+00	 7.712E+02	 1.726E+03
 482.200	 0.000E+00	 9.125E+02	 1.826E+03
 482.250	 0.000E+00	 1.053E+03	 1.924E+03
 482.300	 0.000E+00	 1.192E+03	 1.975E+03
 482.350	 0.000E+00	 1.332E+03	 1.973E+03
 482.400	 0.000E+00	 1.465E+03	 1.932E+03
 482.450	 0.000E+00	 1.591E+03	 1.840E+03
 482.500	 0.000E+00	 1.711E+03	 1.738E+03
 482.550	 0.000E+00	 1.829E+03	 1.667E+03
 482.600	 0.000E+00	 1.934E+03	 1.612E+03
 482.650	 0.000E+00	 2.037E+03	 1.613E+03
 482.700	 0.000E+00	 2.135E+03	 1.644E+03
 482.750	 0.000E+00	 2.227E+03	 1.689E+03
 482.800	 0.000E+00	 2.318E+03	 1.724E+03
 482.850	 0.000E+00	 2.407E+03	 1.731E+03
 482.900	 0.000E+00	 2.490E+03	 1.699E+03
 482.950	 0.000E+00	 2.574E+03	 1.644E+03
 483.000	 0.000E+00	 2.660E+03	 1.578E+03
 483.050	 0.000E+00	 2.746E+03	 1.539E+03
 483.100	 0.000E+00	 2.832E+03	 1.523E+03
 483.150	 0.000E+00	 2.920E+03	 1.552E+03
 483.200	 0.000E+00	 3.002E+03	 1.596E+03
 483.250	 0.000E+00	 3.085E+03	 1.667E+03
 483.300	 0.000E+00	 3.165E+03	 1.718E+03
 483.350	 0.000E+00	 3.235E+03	 1.722E+03
 483.400	 0.000E+00	 3.297E+03	 1.696E+03
 483.450	 0.000E+00	 3.349E+03	 1.636E+03
 483.500	 0.000E+00	 3.394E+03	 1.576E+03
 483.550	 0.000E+00	 3.424E+03	 1.509E+03
 483.600	 0.000E+00	 3.450E+03	 1.470E+03
 483.650	 0.000E+00	 3.470E+03	 1.490E+03
 483.700	 0.000E+00	 3.485E+03	 1.537E+03
 483.750	 0.000E+00	 3.497E+03	 1.586E+03
 483.800	 0.000E+00	 3.503E+03	 1.629E+03
 483.850	 0.000E+00	 3.508E+03	 1.629E+03
 483.900	 0.000E+00	 3.513E+03	 1.593E+03
 483.950	 0.000E+00	 3.517E+03	 1.526E+03
 484.000	 0.000E+00	 3.521E+03	 1.443E+03
 484.050	 0.000E+00	 3.527E+03	 1.376E+03
 484.100	 0.000E+00	 3.528E+03	 1.344E+03
 484.150	 0.000E+00	 3.529E+03	 1.356E+03
 484.200	 0.000E+00	 3.526E+03	 1.405E+03
 484.250	 0.000E+00	 3.517E+03	 1.461E+03
 484.300	 0.000E+00	 3.500E+03	 1.503E+03
 484.350	 0.000E+00	 3.477E+03	 1.520E+03
 484.400	 0.000E+00	 3.445E+03	 1.525E+03
 484.450	 0.000E+00	 3.405E+03	 1.504E+03
 484.500	 0.000E+00	 3.359E+03	 1.472E+03
 484.550	 0.000E+00	 3.306E+03	 1.456E+03
 484.600	 0.000E+00	 3.246E+03	 1.473E+03
 484.650	 0.000E+00	 3.185E+03	 1.496E+03
 484.700	 0.000E+00	 3.116E+03	 1.532E+03
 484.750	 0.000E+00	 3.048E+03	 1.555E+03
 484.800	 0.000E+00	 2.970E+03	 1.558E+03
 484.850	 0.000E+00	 2.896E+03	 1.557E+03
 484.900	 0.000E+00	 2.817E+03	 1.524E+03
 484.950	 0.000E+00	 2.739E+03	 1.507E+03
 485.000	 0.000E+00	 2.658E+03	 1.487E+03
 485.050	 0.000E+00	 2.577E+03	 1.458E+03
 485.100	 0.000E+00	 2.497E+03	 1.481E+03
 485.150	 0.000E+00	 2.403E+03	 1.483E+03
 485.200	 0.000E+00	 2.320E+03	 1.529E+03
 485.250	 0.000E+00	 2.220E+03	 1.553E+03
 485.300	 0.000E+00	 2.124E+03	 1.600E+03
 485.350	 0.000E+00	 2.021E+03	 1.626E+03
 485.400	 0.000E+00	 1.911E+03	 1.648E+03
 485.450	 0.000E+00	 1.801E+03	 1.695E+03
 485.500	 0.000E+00	 1.689E+03	 1.733E+03
 485.550	 0.000E+00	 1.571E+03	 1.785E+03
 485.600	 0.000E+00	 1.453E+03	 1.865E+03
 485.650	 0.000E+00	 1.334E+03	 1.923E+03
 485.700	 0.000E+00	 1.214E+03	 1.969E+03
 485.750	 0.000E+00	 1.085E+03	 1.966E+03
 485.800	 0.000E+00	 9.582E+02	 1.921E+03
 485.850	 0.000E+00	 8.284E+02	 1.855E+03
 485.900	 0.000E+00	 6.955E+02	 1.773E+03
 485.950	 0.000E+00	 5.657E+02	 1.707E+03
 486.000	 0.000E+00	 4.358E+02	 1.658E+03
 486.050	 0.000E+00	 3.057E+02	 1.636E+03
 486.100	 0.000E+00	 1.698E+02	 1.646E+03
 486.150	 0.000E+00	 4.126E+01	 1.660E+03
 486.200	 0.000E+00	-8.891E+01	 1.674E+03
 486.250	 0.000E+00	-2.179E+02	 1.689E+03
 486.300	 0.000E+00	-3.517E+02	 1.677E+03
 486.350	 0.000E+00	-4.791E+02	 1.647E+03
 486.400	 0.000E+00	-6.048E+02	 1.644E+03
 486.450	 0.000E+00	-7.365E+02	 1.640E+03
 486.500	 0.000E+00	-8.581E+02	 1.682E+03
 486.550	 0.000E+00	-9.814E+02	 1.738E+03
 486.600	 0.000E+00	-1.105E+03	 1.800E+03
 486.650	 0.000E+00	-1.221E+03	 1.863E+03
 486.700	 0.000E+00	-1.337E+03	 1.899E+03
 486.750	 0.000E+00	-1.456E+03	 1.900E+03
 486.800	 0.000E+00	-1.569E+03	 1.869E+03
 486.850	 0.000E+00	-1.680E+03	 1.836E+03
 486.900	 0.000E+00	-1.789E+03	 1.802E+03
 486.950	 0.000E+00	-1.897E+03	 1.795E+03
 487.000	 0.000E+00	-2.004E+03	 1.818E+03
 487.050	 0.000E+00	-2.104E+03	 1.872E+03
 487.100	 0.000E+00	-2.206E+03	 1.927E+03
 487.150	 0.000E+00	-2.308E+03	 1.965E+03
 487.200	 0.000E+00	-2.404E+03	 1.964E+03
 487.250	 0.000E+00	-2.500E+03	 1.921E+03
 487.300	 0.000E+00	-2.597E+03	 1.840E+03
 487.350	 0.000E+00	-2.689E+03	 1.756E+03
 487.400	 0.000E+00	-2.777E+03	 1.678E+03
 487.450	 0.000E+00	-2.863E+03	 1.642E+03
 487.500	 0.000E+00	-2.942E+03	 1.645E+03
 487.550	 0.000E+00	-3.017E+03	 1.680E+03
 487.600	 0.000E+00	-3.087E+03	 1.727E+03
 487.650	 0.000E+00	-3.150E+03	 1.772E+03
 487.700	 0.000E+00	-3.208E+03	 1.793E+03
 487.750	 0.000E+00	-3.263E+03	 1.756E+03
 487.800	 0.000E+00	-3.313E+03	 1.699E+03
 487.850	 0.000E+00	-3.356E+03	 1.639E+03
 487.900	 0.000E+00	-3.397E+03	 1.578E+03
 487.950	 0.000E+00	-3.430E+03	 1.553E+03
 488.000	 0.000E+00	-3.458E+03	 1.572E+03
 488.050	 0.000E+00	-3.485E+03	 1.613E+03
 488.100	 0.000E+00	-3.505E+03	 1.686E+03
 488.150	 0.000E+00	-3.524E+03	 1.746E+03
 488.200	 0.000E+00	-3.540E+03	 1.781E+03
 488.250	 0.000E+00	-3.557E+03	 1.762E+03
 488.300	 0.000E+00	-3.566E+03	 1.723E+03
 488.350	 0.000E+00	-3.572E+03	 1.646E+03
 488.400	 0.000E+00	-3.575E+03	 1.563E+03
 488.450	 0.000E+00	-3.571E+03	 1.517E+03
 488.500	 0.000E+00	-3.565E+03	 1.489E+03
 488.550	 0.000E+00	-3.550E+03	 1.482E+03
 488.600	 0.000E+00	-3.531E+03	 1.475E+03
 488.650	 0.000E+00	-3.505E+03	 1.466E+03
 488.700	 0.000E+00	-3.474E+03	 1.427E+03
 488.750	 0.000E+00	-3.434E+03	 1.359E+03
 488.800	 0.000E+00	-3.391E+03	 1.278E+03
 488.850	 0.000E+00	-3.344E+03	 1.187E+03
 488.900	 0.000E+00	-3.286E+03	 1.126E+03
 488.950	 0.000E+00	-3.229E+03	 1.087E+03
 489.000	 0.000E+00	-3.165E+03	 1.081E+03
 489.050	 0.000E+00	-3.092E+03	 1.120E+03
 489.100	 0.000E+00	-3.023E+03	 1.157E+03
 489.150	 0.000E+00	-2.951E+03	 1.190E+03
 489.200	 0.000E+00	-2.873E+03	 1.222E+03
 489.250	 0.000E+00	-2.792E+03	 1.244E+03
 489.300	 0.000E+00	-2.709E+03	 1.262E+03
 489.350	 0.000E+00	-2.618E+03	 1.265E+03
 489.400	 0.000E+00	-2.527E+03	 1.263E+03
 489.450	 0.000E+00	-2.436E+03	 1.273E+03
 489.500	 0.000E+00	-2.339E+03	 1.305E+03
 489.550	 0.000E+00	-2.233E+03	 1.355E+03
 489.600	 0.000E+00	-2.130E+03	 1.415E+03
 489.650	 0.000E+00	-2.022E+03	 1.480E+03
 489.700	 0.000E+00	-1.907E+03	 1.534E+03
 489.750	 0.000E+00	-1.789E+03	 1.555E+03
 489.800	 0.000E+00	-1.669E+03	 1.560E+03
 489.850	 0.000E+00	-1.548E+03	 1.530E+03
 489.900	 0.000E+00	-1.428E+03	 1.502E+03
 489.950	 0.000E+00	-1.305E+03	 1.484E+03
 490.000	 0.000E+00	-1.182E+03	 1.494E+03
 490.050	 0.000E+00	-1.056E+03	 1.508E+03
 490.100	 0.000E+00	-9.329E+02	 1.545E+03
 490.150	 0.000E+00	-8.115E+02	 1.579E+03
 490.200	 0.000E+00	-6.855E+02	 1.601E+03
 490.250	 0.000E+00	-5.606E+02	 1.634E+03
 490.300	 0.000E+00	-4.400E+02	 1.637E+03
 490.350	 0.000E+00	-3.140E+02	 1.641E+03
 490.400	 0.000E+00	-1.834E+02	 1.641E+03
 490.450	 0.000E+00	-5.578E+01	 1.658E+03
 490.500	 0.000E+00	 7.606E+01	 1.686E+03
 490.550	 0.000E+00	 2.148E+02	 1.707E+03
 490.600	 0.000E+00	 3.476E+02	 1.733E+03
 490.650	 0.000E+00	 4.818E+02	 1.741E+03
 490.700	 0.000E+00	 6.171E+02	 1.715E+03
 490.750	 0.000E+00	 7.498E+02	 1.668E+03
 490.800	 0.000E+00	 8.756E+02	 1.602E+03
 490.850	 0.000E+00	 1.002E+03	 1.536E+03
 490.900	 0.000E+00	 1.124E+03	 1.484E+03
 490.950	 0.000E+00	 1.242E+03	 1.470E+03
 491.000	 0.000E+00	 1.356E+03	 1.481E+03
 491.050	 0.000E+00	 1.476E+03	 1.520E+03
 491.100	 0.000E+00	 1.587E+03	 1.548E+03
 491.150	 0.000E+00	 1.691E+03	 1.555E+03
 491.200	 0.000E+00	 1.799E+03	 1.558E+03
 491.250	 0.000E+00	 1.906E+03	 1.573E+03
 491.300	 0.000E+00	 2.012E+03	 1.603E+03
 491.350	 0.000E+00	 2.120E+03	 1.685E+03
 491.400	 0.000E+00	 2.233E+03	 1.778E+03
 491.450	 0.000E+00	 2.339E+03	 1.872E+03
 491.500	 0.000E+00	 2.447E+03	 1.965E+03
 491.550	 0.000E+00	 2.557E+03	 2.018E+03
 491.600	 0.000E+00	 2.664E+03	 2.046E+03
 491.650	 0.000E+00	 2.761E+03	 2.009E+03
 491.700	 0.000E+00	 2.855E+03	 1.971E+03
 491.750	 0.000E+00	 2.944E+03	 1.932E+03
 491.800	 0.000E+00	 3.023E+03	 1.907E+03
 491.850	 0.000E+00	 3.092E+03	 1.884E+03
 491.900	 0.000E+00	 3.153E+03	 1.862E+03
 491.950	 0.000E+00	 3.209E+03	 1.862E+03
 492.000	 0.000E+00	 3.251E+03	 1.820E+03
 492.050	 0.000E+00	 3.288E+03	 1.755E+03
 492.100	 0.000E+00	 3.327E+03	 1.695E+03
 492.150	 0.000E+00	 3.357E+03	 1.609E+03
 492.200	 0.000E+00	 3.380E+03	 1.505E+03
 492.250	 0.000E+00	 3.408E+03	 1.443E+03
 492.300	 0.000E+00	 3.438E+03	 1.408E+03
 492.350	 0.000E+00	 3.464E+03	 1.380E+03
 492.400	 0.000E+00	 3.489E+03	 1.373E+03
 492.450	 0.000E+00	 3.514E+03	 1.395E+03
 492.500	 0.000E+00	 3.535E+03	 1.409E+03
 492.550	 0.000E+00	 3.551E+03	 1.412E+03
 492.600	 0.000E+00	 3.567E+03	 1.435E+03
 492.650	 0.000E+00	 3.580E+03	 1.455E+03
 492.700	 0.000E+00	 3.587E+03	 1.470E+03
 492.750	 0.000E+00	 3.588E+03	 1.508E+03
 492.800	 0.000E+00	 3.579E+03	 1.547E+03
 492.850	 0.000E+00	 3.564E+03	 1.584E+03
 492.900	 0.000E+00	 3.543E+03	 1.636E+03
 492.950	 0.000E+00	 3.510E+03	 1.665E+03
 493.000	 0.000E+00	 3.473E+03	 1.689E+03
 493.050	 0.000E+00	 3.429E+03	 1.704E+03
 493.100	 0.000E+00	 3.376E+03	 1.712E+03
 493.150	 0.000E+00	 3.324E+03	 1.717E+03
 493.200	 0.000E+00	 3.267E+03	 1.739E+03
 493.250	 0.000E+00	 3.206E+03	 1.737E+03
 493.300	 0.000E+00	 3.147E+03	 1.734E+03
 493.350	 0.000E+00	 3.087E+03	 1.717E+03
 493.400	 0.000E+00	 3.024E+03	 1.689E+03
 493.450	 0.000E+00	 2.958E+03	 1.658E+03
 493.500	 0.000E+00	 2.891E+03	 1.625E+03
 493.550	 0.000E+00	 2.814E+03	 1.594E+03
 493.600	 0.000E+00	 2.736E+03	 1.566E+03
 493.650	 0.000E+00	 2.657E+03	 1.562E+03
 493.700	 0.000E+00	 2.566E+03	 1.569E+03
 493.750	 0.000E+00	 2.475E+03	 1.570E+03
 493.800	 0.000E+00	 2.378E+03	 1.582E+03
 493.850	 0.000E+00	 2.276E+03	 1.598E+03
 493.900	 0.000E+00	 2.171E+03	 1.596E+03
 493.950	 0.000E+00	 2.063E+03	 1.579E+03
 494.000	 0.000E+00	 1.954E+03	 1.576E+03
 494.050	 0.000E+00	 1.838E+03	 1.570E+03
 494.100	 0.000E+00	 1.730E+03	 1.603E+03
 494.150	 0.000E+00	 1.614E+03	 1.655E+03
 494.200	 0.000E+00	 1.501E+03	 1.732E+03
 494.250	 0.000E+00	 1.386E+03	 1.778E+03
 494.300	 0.000E+00	 1.272E+03	 1.807E+03
 494.350	 0.000E+00	 1.148E+03	 1.787E+03
 494.400	 0.000E+00	 1.030E+03	 1.754E+03
 494.450	 0.000E+00	 9.100E+02	 1.697E+03
 494.500	 0.000E+00	 7.825E+02	 1.650E+03
 494.550	 0.000E+00	 6.538E+02	 1.618E+03
 494.600	 0.000E+00	 5.262E+02	 1.611E+03
 494.650	 0.000E+00	 3.939E+02	 1.608E+03
 494.700	 0.000E+00	 2.602E+02	 1.621E+03
 494.750	 0.000E+00	 1.267E+02	 1.625E+03
 494.800	 0.000E+00	-1.577E+01	 1.593E+03
 494.850	 0.000E+00	-1.455E+02	 1.591E+03
 494.900	 0.000E+00	-2.842E+02	 1.543E+03
 494.950	 0.000E+00	-4.194E+02	 1.502E+03
 495.000	 0.000E+00	-5.478E+02	 1.468E+03
 495.050	 0.000E+00	-6.732E+02	 1.452E+03
 495.100	 0.000E+00	-7.957E+02	 1.463E+03
 495.150	 0.000E+00	-9.126E+02	 1.484E+03
 495.200	 0.000E+00	-1.022E+03	 1.525E+03
 495.250	 0.000E+00	-1.136E+03	 1.566E+03
 495.300	 0.000E+00	-1.252E+03	 1.579E+03
 495.350	 0.000E+00	-1.365E+03	 1.582E+03
 495.400	 0.000E+00	-1.475E+03	 1.587E+03
 495.450	 0.000E+00	-1.591E+03	 1.578E+03
 495.500	 0.000E+00	-1.706E+03	 1.577E+03
 495.550	 0.000E+00	-1.820E+03	 1.578E+03
 495.600	 0.000E+00	-1.936E+03	 1.580E+03
 495.650	 0.000E+00	-2.049E+03	 1.592E+03
 495.700	 0.000E+00	-2.158E+03	 1.613E+03
 495.750	 0.000E+00	-2.269E+03	 1.626E+03
 495.800	 0.000E+00	-2.378E+03	 1.640E+03
 495.850	 0.000E+00	-2.479E+03	 1.649E+03
 495.900	 0.000E+00	-2.579E+03	 1.628E+03
 495.950	 0.000E+00	-2.678E+03	 1.600E+03
 496.000	 0.000E+00	-2.771E+03	 1.555E+03
 496.050	 0.000E+00	-2.854E+03	 1.518E+03
 496.100	 0.000E+00	-2.934E+03	 1.484E+03
 496.150	 0.000E+00	-3.004E+03	 1.475E+03
 496.200	 0.000E+00	-3.066E+03	 1.480E+03
 496.250	 0.000E+00	-3.124E+03	 1.490E+03
 496.300	 0.000E+00	-3.178E+03	 1.506E+03
 496.350	 0.000E+00	-3.227E+03	 1.519E+03
 496.400	 0.000E+00	-3.276E+03	 1.512E+03
 496.450	 0.000E+00	-3.322E+03	 1.517E+03
 496.500	 0.000E+00	-3.369E+03	 1.509E+03
 496.550	 0.000E+00	-3.413E+03	 1.508E+03
 496.600	 0.000E+00	-3.452E+03	 1.523E+03
 496.650	 0.000E+00	-3.489E+03	 1.537E+03
 496.700	 0.000E+00	-3.518E+03	 1.569E+03
 496.750	 0.000E+00	-3.542E+03	 1.589E+03
 496.800	 0.000E+00	-3.559E+03	 1.598E+03
 496.850	 0.000E+00	-3.567E+03	 1.611E+03
 496.900	 0.000E+00	-3.571E+03	 1.610E+03
 496.950	 0.000E+00	-3.567E+03	 1.606E+03
 497.000	 0.000E+00	-3.561E+03	 1.585E+03
 497.050	 0.000E+00	-3.549E+03	 1.568E+03
 497.100	 0.000E+00	-3.535E+03	 1.554E+03
 497.150	 0.000E+00	-3.520E+03	 1.524E+03
 497.200	 0.000E+00	-3.501E+03	 1.513E+03
 497.250	 0.000E+00	-3.483E+03	 1.471E+03
 497.300	 0.000E+00	-3.459E+03	 1.449E+03
 497.350	 0.000E+00	-3.433E+03	 1.437E+03
 497.400	 0.000E+00	-3.404E+03	 1.429E+03
 497.450	 0.000E+00	-3.367E+03	 1.423E+03
 497.500	 0.000E+00	-3.333E+03	 1.397E+03
 497.550	 0.000E+00	-3.288E+03	 1.366E+03
 497.600	 0.000E+00	-3.239E+03	 1.328E+03
 497.650	 0.000E+00	-3.186E+03	 1.284E+03
 497.700	 0.000E+00	-3.125E+03	 1.235E+03
 497.750	 0.000E+00	-3.055E+03	 1.218E+03
 497.800	 0.000E+00	-2.977E+03	 1.208E+03
 497.850	 0.000E+00	-2.895E+03	 1.214E+03
 497.900	 0.000E+00	-2.795E+03	 1.234E+03
 497.950	 0.000E+00	-2.701E+03	 1.253E+03
 498.000	 0.000E+00	-2.598E+03	 1.263E+03
 498.050	 0.000E+00	-2.482E+03	 1.271E+03
 498.100	 0.000E+00	-2.377E+03	 1.261E+03
 498.150	 0.000E+00	-2.273E+03	 1.254E+03
 498.200	 0.000E+00	-2.165E+03	 1.230E+03
 498.250	 0.000E+00	-2.064E+03	 1.237E+03
 498.300	 0.000E+00	-1.971E+03	 1.251E+03
 498.350	 0.000E+00	-1.866E+03	 1.282E+03
 498.400	 0.000E+00	-1.766E+03	 1.316E+03
 498.450	 0.000E+00	-1.670E+03	 1.342E+03
 498.500	 0.000E+00	-1.567E+03	 1.360E+03
 498.550	 0.000E+00	-1.454E+03	 1.370E+03
 498.600	 0.000E+00	-1.343E+03	 1.365E+03
 498.650	 0.000E+00	-1.227E+03	 1.350E+03
 498.700	 0.000E+00	-1.099E+03	 1.342E+03
 498.750	 0.000E+00	-9.703E+02	 1.337E+03
 498.800	 0.000E+00	-8.441E+02	 1.339E+03
 498.850	 0.000E+00	-7.064E+02	 1.361E+03
 498.900	 0.000E+00	-5.638E+02	 1.386E+03
 498.950	 0.000E+00	-4.341E+02	 1.407E+03
 499.000	 0.000E+00	-2.958E+02	 1.444E+03
 499.050	 0.000E+00	-1.533E+02	 1.471E+03
 499.100	 0.000E+00	-2.217E+01	 1.520E+03
 499.150	 0.000E+00	 1.178E+02	 1.576E+03
 499.200	 0.000E+00	 2.544E+02	 1.610E+03
 499.250	 0.000E+00	 3.842E+02	 1.683E+03
 499.300	 0.000E+00	 5.118E+02	 1.755E+03
 499.350	 0.000E+00	 6.500E+02	 1.812E+03
 499.400	 0.000E+00	 7.722E+02	 1.856E+03
 499.450	 0.000E+00	 8.964E+02	 1.848E+03
 499.500	 0.000E+00	 1.018E+03	 1.785E+03
 499.550	 0.000E+00	 1.138E+03	 1.691E+03
 499.600	 0.000E+00	 1.252E+03	 1.560E+03
 499.650	 0.000E+00	 1.370E+03	 1.450E+03
 499.700	 0.000E+00	 1.487E+03	 1.356E+03
 499.750	 0.000E+00	 1.596E+03	 1.315E+03
 499.800	 0.000E+00	 1.710E+03	 1.318E+03
 499.850	 0.000E+00	 1.821E+03	 1.344E+03
 499.900	 0.000E+00	 1.923E+03	 1.392E+03
 499.950	 0.000E+00	 2.031E+03	 1.460E+03
 500.000	 0.000E+00	 2.135E+03	 1.538E+03
 500.050	 0.000E+00	 2.231E+03	 1.591E+03
 500.100	 0.000E+00	 2.334E+03	 1.664E+03
 500.150	 0.000E+00	 2.435E+03	 1.719E+03
 500.200	 0.000E+00	 2.529E+03	 1.763E+03
 500.250	 0.000E+00	 2.627E+03	 1.828E+03
 500.300	 0.000E+00	 2.724E+03	 1.896E+03
 500.350	 0.000E+00	 2.818E+03	 1.962E+03
 500.400	 0.000E+00	 2.905E+03	 2.018E+03
 500.450	 0.000E+00	 2.990E+03	 2.074E+03
 500.500	 0.000E+00	 3.067E+03	 2.094E+03
 500.550	 0.000E+00	 3.137E+03	 2.095E+03
 500.600	 0.000E+00	 3.201E+03	 2.071E+03
 500.650	 0.000E+00	 3.257E+03	 2.013E+03
 500.700	 0.000E+00	 3.306E+03	 1.935E+03
 500.750	 0.000E+00	 3.349E+03	 1.852E+03
 500.800	 0.000E+00	 3.384E+03	 1.758E+03
 500.850	 0.000E+00	 3.419E+03	 1.683E+03
 500.900	 0.000E+00	 3.444E+03	 1.582E+03
 500.950	 0.000E+00	 3.464E+03	 1.509E+03
 501.000	 0.000E+00	 3.483E+03	 1.439E+03
 501.050	 0.000E+00	 3.499E+03	 1.396E+03
 501.100	 0.000E+00	 3.514E+03	 1.339E+03
 501.150	 0.000E+00	 3.521E+03	 1.296E+03
 501.200	 0.000E+00	 3.528E+03	 1.264E+03
 501.250	 0.000E+00	 3.534E+03	 1.257E+03
 501.300	 0.000E+00	 3.534E+03	 1.250E+03
 501.350	 0.000E+00	 3.535E+03	 1.276E+03
 501.400	 0.000E+00	 3.533E+03	 1.307E+03
 501.450	 0.000E+00	 3.530E+03	 1.371E+03
 501.500	 0.000E+00	 3.523E+03	 1.428E+03
 501.550	 0.000E+00	 3.508E+03	 1.490E+03
 501.600	 0.000E+00	 3.492E+03	 1.551E+03
 501.650	 0.000E+00	 3.470E+03	 1.610E+03
 501.700	 0.000E+00	 3.441E+03	 1.655E+03
 501.750	 0.000E+00	 3.407E+03	 1.682E+03
 501.800	 0.000E+00	 3.361E+03	 1.686E+03
 501.850	 0.000E+00	 3.314E+03	 1.695E+03
 501.900	 0.000E+00	 3.260E+03	 1.688E+03
 501.950	 0.000E+00	 3.195E+03	 1.644E+03
 502.000	 0.000E+00	 3.128E+03	 1.613E+03
 502.050	 0.000E+00	 3.054E+03	 1.560E+03
 502.100	 0.000E+00	 2.976E+03	 1.529E+03
 502.150	 0.000E+00	 2.888E+03	 1.478E+03
 502.200	 0.000E+00	 2.805E+03	 1.466E+03
 502.250	 0.000E+00	 2.709E+03	 1.418E+03
 502.300	 0.000E+00	 2.618E+03	 1.406E+03
 502.350	 0.000E+00	 2.524E+03	 1.391E+03
 502.400	 0.000E+00	 2.424E+03	 1.369E+03
 502.450	 0.000E+00	 2.330E+03	 1.377E+03
 502.500	 0.000E+00	 2.233E+03	 1.375E+03
 502.550	 0.000E+00	 2.137E+03	 1.413E+03
 502.600	 0.000E+00	 2.046E+03	 1.455E+03
 502.650	 0.000E+00	 1.952E+03	 1.490E+03
 502.700	 0.000E+00	 1.855E+03	 1.521E+03
 502.750	 0.000E+00	 1.753E+03	 1.545E+03
 502.800	 0.000E+00	 1.648E+03	 1.545E+03
 502.850	 0.000E+00	 1.535E+03	 1.569E+03
 502.900	 0.000E+00	 1.415E+03	 1.573E+03
 502.950	 0.000E+00	 1.294E+03	 1.593E+03
 503.000	 0.000E+00	 1.165E+03	 1.616E+03
 503.050	 0.000E+00	 1.031E+03	 1.627E+03
 503.100	 0.000E+00	 8.957E+02	 1.642E+03
 503.150	 0.000E+00	 7.549E+02	 1.638E+03
 503.200	 0.000E+00	 6.185E+02	 1.653E+03
 503.250	 0.000E+00	 4.842E+02	 1.660E+03
 503.300	 0.000E+00	 3.501E+02	 1.667E+03
 503.350	 0.000E+00	 2.204E+02	 1.664E+03
 503.400	 0.000E+00	 9.781E+01	 1.662E+03
 503.450	 0.000E+00	-2.467E+01	 1.648E+03
 503.500	 0.000E+00	-1.462E+02	 1.639E+03
 503.550	 0.000E+00	-2.642E+02	 1.615E+03
 503.600	 0.000E+00	-3.814E+02	 1.605E+03
 503.650	 0.000E+00	-5.009E+02	 1.592E+03
 503.700	 0.000E+00	-6.195E+02	 1.591E+03
 503.750	 0.000E+00	-7.396E+02	 1.583E+03
 503.800	 0.000E+00	-8.609E+02	 1.597E+03
 503.850	 0.000E+00	-9.881E+02	 1.598E+03
 503.900	 0.000E+00	-1.114E+03	 1.618E+03
 503.950	 0.000E+00	-1.239E+03	 1.636E+03
 504.000	 0.000E+00	-1.369E+03	 1.641E+03
 504.050	 0.000E+00	-1.494E+03	 1.659E+03
 504.100	 0.000E+00	-1.621E+03	 1.654E+03
 504.150	 0.000E+00	-1.743E+03	 1.650E+03
 504.200	 0.000E+00	-1.862E+03	 1.640E+03
 504.250	 0.000E+00	-1.978E+03	 1.635E+03
 504.300	 0.000E+00	-2.081E+03	 1.654E+03
 504.350	 0.000E+00	-2.180E+03	 1.699E+03
 504.400	 0.000E+00	-2.272E+03	 1.757E+03
 504.450	 0.000E+00	-2.354E+03	 1.835E+03
 504.500	 0.000E+00	-2.436E+03	 1.899E+03
 504.550	 0.000E+00	-2.519E+03	 1.930E+03
 504.600	 0.000E+00	-2.598E+03	 1.934E+03
 504.650	 0.000E+00	-2.680E+03	 1.899E+03
 504.700	 0.000E+00	-2.763E+03	 1.846E+03
 504.750	 0.000E+00	-2.848E+03	 1.773E+03
 504.800	 0.000E+00	-2.934E+03	 1.702E+03
 504.850	 0.000E+00	-3.018E+03	 1.655E+03
 504.900	 0.000E+00	-3.101E+03	 1.611E+03
 504.950	 0.000E+00	-3.179E+03	 1.571E+03
 505.000	 0.000E+00	-3.254E+03	 1.540E+03
 505.050	 0.000E+00	-3.325E+03	 1.500E+03
 505.100	 0.000E+00	-3.388E+03	 1.464E+03
 505.150	 0.000E+00	-3.446E+03	 1.411E+03
 505.200	 0.000E+00	-3.490E+03	 1.377E+03
 505.250	 0.000E+00	-3.527E+03	 1.349E+03
 505.300	 0.000E+00	-3.553E+03	 1.339E+03
 505.350	 0.000E+00	-3.569E+03	 1.337E+03
 505.400	 0.000E+00	-3.575E+03	 1.368E+03
 505.450	 0.000E+00	-3.576E+03	 1.388E+03
 505.500	 0.000E+00	-3.566E+03	 1.422E+03
 505.550	 0.000E+00	-3.555E+03	 1.455E+03
 505.600	 0.000E+00	-3.544E+03	 1.486E+03
 505.650	 0.000E+00	-3.530E+03	 1.503E+03
 505.700	 0.000E+00	-3.515E+03	 1.528E+03
 505.750	 0.000E+00	-3.503E+03	 1.537E+03
 505.800	 0.000E+00	-3.494E+03	 1.528E+03
 505.850	 0.000E+00	-3.480E+03	 1.539E+03
 505.900	 0.000E+00	-3.467E+03	 1.547E+03
 505.950	 0.000E+00	-3.450E+03	 1.547E+03
 506.000	 0.000E+00	-3.429E+03	 1.532E+03
 506.050	 0.000E+00	-3.406E+03	 1.520E+03
 506.100	 0.000E+00	-3.374E+03	 1.496E+03
 506.150	 0.000E+00	-3.328E+03	 1.476E+03
 506.200	 0.000E+00	-3.283E+03	 1.445E+03
 506.250	 0.000E+00	-3.225E+03	 1.421E+03
 506.300	 0.000E+00	-3.161E+03	 1.391E+03
 506.350	 0.000E+00	-3.091E+03	 1.366E+03
 506.400	 0.000E+00	-3.018E+03	 1.360E+03
 506.450	 0.000E+00	-2.933E+03	 1.344E+03
 506.500	 0.000E+00	-2.854E+03	 1.365E+03
 506.550	 0.000E+00	-2.764E+03	 1.368E+03
 506.600	 0.000E+00	-2.676E+03	 1.381E+03
 506.650	 0.000E+00	-2.578E+03	 1.406E+03
 506.700	 0.000E+00	-2.491E+03	 1.417E+03
 506.750	 0.000E+00	-2.395E+03	 1.426E+03
 506.800	 0.000E+00	-2.300E+03	 1.417E+03
 506.850	 0.000E+00	-2.208E+03	 1.418E+03
 506.900	 0.000E+00	-2.114E+03	 1.427E+03
 506.950	 0.000E+00	-2.017E+03	 1.440E+03
 507.000	 0.000E+00	-1.918E+03	 1.452E+03
 507.050	 0.000E+00	-1.816E+03	 1.468E+03
 507.100	 0.000E+00	-1.707E+03	 1.488E+03
 507.150	 0.000E+00	-1.591E+03	 1.494E+03
 507.200	 0.000E+00	-1.473E+03	 1.496E+03
 507.250	 0.000E+00	-1.346E+03	 1.488E+03
 507.300	 0.000E+00	-1.215E+03	 1.474E+03
 507.350	 0.000E+00	-1.087E+03	 1.438E+03
 507.400	 0.000E+00	-9.580E+02	 1.423E+03
 507.450	 0.000E+00	-8.246E+02	 1.416E+03
 507.500	 0.000E+00	-6.952E+02	 1.415E+03
 507.550	 0.000E+00	-5.686E+02	 1.437E+03
 507.600	 0.000E+00	-4.383E+02	 1.473E+03
 507.650	 0.000E+00	-3.151E+02	 1.521E+03
 507.700	 0.000E+00	-1.894E+02	 1.562E+03
 507.750	 0.000E+00	-6.237E+01	 1.616E+03
 507.800	 0.000E+00	 6.719E+01	 1.646E+03
 507.850	 0.000E+00	 1.940E+02	 1.687E+03
 507.900	 0.000E+00	 3.276E+02	 1.709E+03
 507.950	 0.000E+00	 4.621E+02	 1.709E+03
 508.000	 0.000E+00	 5.971E+02	 1.723E+03
 508.050	 0.000E+00	 7.364E+02	 1.722E+03
 508.100	 0.000E+00	 8.720E+02	 1.716E+03
 508.150	 0.000E+00	 1.014E+03	 1.732E+03
 508.200	 0.000E+00	 1.146E+03	 1.725E+03
 508.250	 0.000E+00	 1.280E+03	 1.727E+03
 508.300	 0.000E+00	 1.404E+03	 1.708E+03
 508.350	 0.000E+00	 1.530E+03	 1.698E+03
 508.400	 0.000E+00	 1.644E+03	 1.684E+03
 508.450	 0.000E+00	 1.755E+03	 1.702E+03
 508.500	 0.000E+00	 1.866E+03	 1.727E+03
 508.550	 0.000E+00	 1.969E+03	 1.757E+03
 508.600	 0.000E+00	 2.067E+03	 1.787E+03
 508.650	 0.000E+00	 2.161E+03	 1.791E+03
 508.700	 0.000E+00	 2.248E+03	 1.769E+03
 508.750	 0.000E+00	 2.333E+03	 1.744E+03
 508.800	 0.000E+00	 2.420E+03	 1.695E+03
 508.850	 0.000E+00	 2.506E+03	 1.652E+03
 508.900	 0.000E+00	 2.589E+03	 1.599E+03
 508.950	 0.000E+00	 2.678E+03	 1.571E+03
 509.000	 0.000E+00	 2.767E+03	 1.560E+03
 509.050	 0.000E+00	 2.853E+03	 1.552E+03
 509.100	 0.000E+00	 2.937E+03	 1.541E+03
 509.150	 0.000E+00	 3.017E+03	 1.521E+03
 509.200	 0.000E+00	 3.093E+03	 1.501E+03
 509.250	 0.000E+00	 3.157E+03	 1.456E+03
 509.300	 0.000E+00	 3.214E+03	 1.423E+03
 509.350	 0.000E+00	 3.268E+03	 1.424E+03
 509.400	 0.000E+00	 3.311E+03	 1.439E+03
 509.450	 0.000E+00	 3.354E+03	 1.507E+03
 509.500	 0.000E+00	 3.390E+03	 1.589E+03
 509.550	 0.000E+00	 3.424E+03	 1.682E+03
 509.600	 0.000E+00	 3.452E+03	 1.743E+03
 509.650	 0.000E+00	 3.481E+03	 1.800E+03
 509.700	 0.000E+00	 3.506E+03	 1.822E+03
 509.750	 0.000E+00	 3.525E+03	 1.792E+03
 509.800	 0.000E+00	 3.547E+03	 1.757E+03
 509.850	 0.000E+00	 3.564E+03	 1.701E+03
 509.900	 0.000E+00	 3.574E+03	 1.626E+03
 509.950	 0.000E+00	 3.581E+03	 1.572E+03
 510.000	 0.000E+00	 3.583E+03	 1.550E+03
 510.050	 0.000E+00	 3.582E+03	 1.554E+03
 510.100	 0.000E+00	 3.574E+03	 1.563E+03
 510.150	 0.000E+00	 3.562E+03	 1.586E+03
 510.200	 0.000E+00	 3.537E+03	 1.613E+03
 510.250	 0.000E+00	 3.509E+03	 1.615E+03
 510.300	 0.000E+00	 3.471E+03	 1.593E+03
 510.350	 0.000E+00	 3.425E+03	 1.570E+03
 510.400	 0.000E+00	 3.375E+03	 1.522E+03
 510.450	 0.000E+00	 3.326E+03	 1.485E+03
 510.500	 0.000E+00	 3.267E+03	 1.464E+03
 510.550	 0.000E+00	 3.206E+03	 1.435E+03
 510.600	 0.000E+00	 3.149E+03	 1.432E+03
 510.650	 0.000E+00	 3.083E+03	 1.430E+03
 510.700	 0.000E+00	 3.022E+03	 1.454E+03
 510.750	 0.000E+00	 2.960E+03	 1.449E+03
 510.800	 0.000E+00	 2.894E+03	 1.445E+03
 510.850	 0.000E+00	 2.824E+03	 1.420E+03
 510.900	 0.000E+00	 2.752E+03	 1.408E+03
 510.950	 0.000E+00	 2.671E+03	 1.385E+03
 511.000	 0.000E+00	 2.587E+03	 1.385E+03
 511.050	 0.000E+00	 2.493E+03	 1.395E+03
 511.100	 0.000E+00	 2.395E+03	 1.416E+03
 511.150	 0.000E+00	 2.290E+03	 1.426E+03
 511.200	 0.000E+00	 2.180E+03	 1.445E+03
 511.250	 0.000E+00	 2.070E+03	 1.450E+03
 511.300	 0.000E+00	 1.954E+03	 1.454E+03
 511.350	 0.000E+00	 1.837E+03	 1.464E+03
 511.400	 0.000E+00	 1.722E+03	 1.466E+03
 511.450	 0.000E+00	 1.608E+03	 1.467E+03
 511.500	 0.000E+00	 1.487E+03	 1.458E+03
 511.550	 0.000E+00	 1.372E+03	 1.464E+03
 511.600	 0.000E+00	 1.253E+03	 1.446E+03
 511.650	 0.000E+00	 1.131E+03	 1.454E+03
 511.700	 0.000E+00	 1.011E+03	 1.462E+03
 511.750	 0.000E+00	 8.925E+02	 1.469E+03
 511.800	 0.000E+00	 7.712E+02	 1.482E+03
 511.850	 0.000E+00	 6.470E+02	 1.508E+03
 511.900	 0.000E+00	 5.292E+02	 1.550E+03
 511.950	 0.000E+00	 4.106E+02	 1.575E+03
 512.000	 0.000E+00	 2.843E+02	 1.594E+03
 512.050	 0.000E+00	 1.578E+02	 1.593E+03
 512.100	 0.000E+00	 2.801E+01	 1.566E+03
 512.150	 0.000E+00	-1.023E+02	 1.544E+03
 512.200	 0.000E+00	-2.386E+02	 1.511E+03
 512.250	 0.000E+00	-3.748E+02	 1.488E+03
 512.300	 0.000E+00	-5.128E+02	 1.493E+03
 512.350	 0.000E+00	-6.483E+02	 1.515E+03
 512.400	 0.000E+00	-7.838E+02	 1.545E+03
 512.450	 0.000E+00	-9.146E+02	 1.587E+03
 512.500	 0.000E+00	-1.044E+03	 1.619E+03
 512.550	 0.000E+00	-1.168E+03	 1.645E+03
 512.600	 0.000E+00	-1.283E+03	 1.669E+03
 512.650	 0.000E+00	-1.401E+03	 1.650E+03
 512.700	 0.000E+00	-1.512E+03	 1.644E+03
 512.750	 0.000E+00	-1.615E+03	 1.624E+03
 512.800	 0.000E+00	-1.722E+03	 1.606E+03
 512.850	 0.000E+00	-1.824E+03	 1.579E+03
 512.900	 0.000E+00	-1.924E+03	 1.576E+03
 512.950	 0.000E+00	-2.027E+03	 1.583E+03
 513.000	 0.000E+00	-2.127E+03	 1.624E+03
 513.050	 0.000E+00	-2.222E+03	 1.674E+03
 513.100	 0.000E+00	-2.321E+03	 1.716E+03
 513.150	 0.000E+00	-2.420E+03	 1.757E+03
 513.200	 0.000E+00	-2.517E+03	 1.780E+03
 513.250	 0.000E+00	-2.613E+03	 1.781E+03
 513.300	 0.000E+00	-2.712E+03	 1.749E+03
 513.350	 0.000E+00	-2.806E+03	 1.711E+03
 513.400	 0.000E+00	-2.894E+03	 1.670E+03
 513.450	 0.000E+00	-2.982E+03	 1.614E+03
 513.500	 0.000E+00	-3.059E+03	 1.584E+03
 513.550	 0.000E+00	-3.130E+03	 1.549E+03
 513.600	 0.000E+00	-3.194E+03	 1.529E+03
 513.650	 0.000E+00	-3.253E+03	 1.503E+03
 513.700	 0.000E+00	-3.304E+03	 1.476E+03
 513.750	 0.000E+00	-3.351E+03	 1.446E+03
 513.800	 0.000E+00	-3.394E+03	 1.408E+03
 513.850	 0.000E+00	-3.434E+03	 1.369E+03
 513.900	 0.000E+00	-3.471E+03	 1.338E+03
 513.950	 0.000E+00	-3.506E+03	 1.321E+03
 514.000	 0.000E+00	-3.533E+03	 1.318E+03
 514.050	 0.000E+00	-3.559E+03	 1.322E+03
 514.100	 0.000E+00	-3.579E+03	 1.334E+03
 514.150	 0.000E+00	-3.596E+03	 1.354E+03
 514.200	 0.000E+00	-3.603E+03	 1.382E+03
 514.250	 0.000E+00	-3.605E+03	 1.402E+03
 514.300	 0.000E+00	-3.600E+03	 1.422E+03
 514.350	 0.000E+00	-3.591E+03	 1.425E+03
 514.400	 0.000E+00	-3.573E+03	 1.453E+03
 514.450	 0.000E+00	-3.555E+03	 1.460E+03
 514.500	 0.000E+00	-3.524E+03	 1.483E+03
 514.550	 0.000E+00	-3.496E+03	 1.497E+03
 514.600	 0.000E+00	-3.459E+03	 1.525E+03
 514.650	 0.000E+00	-3.420E+03	 1.540E+03
 514.700	 0.000E+00	-3.376E+03	 1.549E+03
 514.750	 0.000E+00	-3.328E+03	 1.545E+03
 514.800	 0.000E+00	-3.279E+03	 1.538E+03
 514.850	 0.000E+00	-3.225E+03	 1.521E+03
 514.900	 0.000E+00	-3.173E+03	 1.501E+03
 514.950	 0.000E+00	-3.113E+03	 1.511E+03
 515.000	 0.000E+00	-3.060E+03	 1.505E+03
 515.050	 0.000E+00	-2.992E+03	 1.519E+03
 515.100	 0.000E+00	-2.929E+03	 1.536E+03
 515.150	 0.000E+00	-2.858E+03	 1.543E+03
 515.200	 0.000E+00	-2.779E+03	 1.553E+03
 515.250	 0.000E+00	-2.702E+03	 1.526E+03
 515.300	 0.000E+00	-2.615E+03	 1.498E+03
 515.350	 0.000E+00	-2.519E+03	 1.456E+03
 515.400	 0.000E+00	-2.423E+03	 1.419E+03
 515.450	 0.000E+00	-2.326E+03	 1.387E+03
 515.500	 0.000E+00	-2.215E+03	 1.376E+03
 515.550	 0.000E+00	-2.114E+03	 1.380E+03
 515.600	 0.000E+00	-2.007E+03	 1.399E+03
 515.650	 0.000E+00	-1.899E+03	 1.431E+03
 515.700	 0.000E+00	-1.787E+03	 1.455E+03
 515.750	 0.000E+00	-1.681E+03	 1.466E+03
 515.800	 0.000E+00	-1.571E+03	 1.473E+03
 515.850	 0.000E+00	-1.451E+03	 1.479E+03
 515.900	 0.000E+00	-1.335E+03	 1.473E+03
 515.950	 0.000E+00	-1.219E+03	 1.480E+03
 516.000	 0.000E+00	-1.091E+03	 1.496E+03
 516.050	 0.000E+00	-9.671E+02	 1.537E+03
 516.100	 0.000E+00	-8.384E+02	 1.569E+03
 516.150	 0.000E+00	-7.050E+02	 1.632E+03
 516.200	 0.000E+00	-5.776E+02	 1.673E+03
 516.250	 0.000E+00	-4.459E+02	 1.716E+03
 516.300	 0.000E+00	-3.118E+02	 1.750E+03
 516.350	 0.000E+00	-1.776E+02	 1.781E+03
 516.400	 0.000E+00	-4.367E+01	 1.798E+03
 516.450	 0.000E+00	 9.358E+01	 1.799E+03
 516.500	 0.000E+00	 2.278E+02	 1.817E+03
 516.550	 0.000E+00	 3.645E+02	 1.845E+03
 516.600	 0.000E+00	 5.019E+02	 1.872E+03
 516.650	 0.000E+00	 6.369E+02	 1.894E+03
 516.700	 0.000E+00	 7.690E+02	 1.916E+03
 516.750	 0.000E+00	 9.015E+02	 1.925E+03
 516.800	 0.000E+00	 1.029E+03	 1.889E+03
 516.850	 0.000E+00	 1.149E+03	 1.837E+03
 516.900	 0.000E+00	 1.266E+03	 1.769E+03
 516.950	 0.000E+00	 1.385E+03	 1.702E+03
 517.000	 0.000E+00	 1.500E+03	 1.670E+03
 517.050	 0.000E+00	 1.613E+03	 1.672E+03
 517.100	 0.000E+00	 1.729E+03	 1.703E+03
 517.150	 0.000E+00	 1.842E+03	 1.763E+03
 517.200	 0.000E+00	 1.952E+03	 1.810E+03
 517.250	 0.000E+00	 2.062E+03	 1.848E+03
 517.300	 0.000E+00	 2.170E+03	 1.845E+03
 517.350	 0.000E+00	 2.274E+03	 1.819E+03
 517.400	 0.000E+00	 2.371E+03	 1.754E+03
 517.450	 0.000E+00	 2.468E+03	 1.692E+03
 517.500	 0.000E+00	 2.559E+03	 1.649E+03
 517.550	 0.000E+00	 2.646E+03	 1.635E+03
 517.600	 0.000E+00	 2.732E+03	 1.658E+03
 517.650	 0.000E+00	 2.818E+03	 1.719E+03
 517.700	 0.000E+00	 2.895E+03	 1.752E+03
 517.750	 0.000E+00	 2.971E+03	 1.785E+03
 517.800	 0.000E+00	 3.037E+03	 1.764E+03
 517.850	 0.000E+00	 3.095E+03	 1.695E+03
 517.900	 0.000E+00	 3.152E+03	 1.639E+03
 517.950	 0.000E+00	 3.203E+03	 1.588E+03
 518.000	 0.000E+00	 3.252E+03	 1.594E+03
 518.050	 0.000E+00	 3.296E+03	 1.642E+03
 518.100	 0.000E+00	 3.344E+03	 1.755E+03
 518.150	 0.000E+00	 3.388E+03	 1.860E+03
 518.200	 0.000E+00	 3.432E+03	 1.968E+03
 518.250	 0.000E+00	 3.477E+03	 2.045E+03
 518.300	 0.000E+00	 3.517E+03	 2.061E+03
 518.350	 0.000E+00	 3.549E+03	 1.999E+03
 518.400	 0.000E+00	 3.580E+03	 1.924E+03
 518.450	 0.000E+00	 3.602E+03	 1.835E+03
 518.500	 0.000E+00	 3.614E+03	 1.747E+03
 518.550	 0.000E+00	 3.622E+03	 1.706E+03
 518.600	 0.000E+00	 3.619E+03	 1.689E+03
 518.650	 0.000E+00	 3.607E+03	 1.680E+03
 518.700	 0.000E+00	 3.596E+03	 1.703E+03
 518.750	 0.000E+00	 3.568E+03	 1.688E+03
 518.800	 0.000E+00	 3.542E+03	 1.671E+03
 518.850	 0.000E+00	 3.505E+03	 1.597E+03
 518.900	 0.000E+00	 3.465E+03	 1.526E+03
 518.950	 0.000E+00	 3.423E+03	 1.466E+03
 519.000	 0.000E+00	 3.383E+03	 1.441E+03
 519.050	 0.000E+00	 3.340E+03	 1.438E+03
 519.100	 0.000E+00	 3.301E+03	 1.461E+03
 519.150	 0.000E+00	 3.255E+03	 1.490E+03
 519.200	 0.000E+00	 3.210E+03	 1.534E+03
 519.250	 0.000E+00	 3.158E+03	 1.541E+03
 519.300	 0.000E+00	 3.109E+03	 1.544E+03
 519.350	 0.000E+00	 3.048E+03	 1.500E+03
 519.400	 0.000E+00	 2.990E+03	 1.462E+03
 519.450	 0.000E+00	 2.922E+03	 1.437E+03
 519.500	 0.000E+00	 2.844E+03	 1.410E+03
 519.550	 0.000E+00	 2.764E+03	 1.417E+03
 519.600	 0.000E+00	 2.673E+03	 1.417E+03
 519.650	 0.000E+00	 2.579E+03	 1.434E+03
 519.700	 0.000E+00	 2.473E+03	 1.421E+03
 519.750	 0.000E+00	 2.370E+03	 1.426E+03
 519.800	 0.000E+00	 2.256E+03	 1.402E+03
 519.850	 0.000E+00	 2.147E+03	 1.408E+03
 519.900	 0.000E+00	 2.033E+03	 1.399E+03
 519.950	 0.000E+00	 1.923E+03	 1.421E+03
 520.000	 0.000E+00	 1.815E+03	 1.431E+03
 520.050	 0.000E+00	 1.710E+03	 1.440E+03
 520.100	 0.000E+00	 1.604E+03	 1.456E+03
 520.150	 0.000E+00	 1.496E+03	 1.449E+03
 520.200	 0.000E+00	 1.391E+03	 1.446E+03
 520.250	 0.000E+00	 1.280E+03	 1.446E+03
 520.300	 0.000E+00	 1.164E+03	 1.429E+03
 520.350	 0.000E+00	 1.048E+03	 1.435E+03
 520.400	 0.000E+00	 9.249E+02	 1.450E+03
 520.450	 0.000E+00	 7.950E+02	 1.467E+03
 520.500	 0.000E+00	 6.646E+02	 1.498E+03
 520.550	 0.000E+00	 5.247E+02	 1.511E+03
 520.600	 0.000E+00	 3.867E+02	 1.531E+03
 520.650	 0.000E+00	 2.441E+02	 1.519E+03
 520.700	 0.000E+00	 1.024E+02	 1.490E+03
 520.750	 0.000E+00	-3.823E+01	 1.460E+03
 520.800	 0.000E+00	-1.744E+02	 1.445E+03
 520.850	 0.000E+00	-3.087E+02	 1.429E+03
 520.900	 0.000E+00	-4.425E+02	 1.435E+03
 520.950	 0.000E+00	-5.681E+02	 1.473E+03
 521.000	 0.000E+00	-6.890E+02	 1.505E+03
 521.050	 0.000E+00	-8.078E+02	 1.525E+03
 521.100	 0.000E+00	-9.245E+02	 1.530E+03
 521.150	 0.000E+00	-1.038E+03	 1.524E+03
 521.200	 0.000E+00	-1.151E+03	 1.509E+03
 521.250	 0.000E+00	-1.258E+03	 1.504E+03
 521.300	 0.000E+00	-1.373E+03	 1.491E+03
 521.350	 0.000E+00	-1.490E+03	 1.504E+03
 521.400	 0.000E+00	-1.606E+03	 1.530E+03
 521.450	 0.000E+00	-1.723E+03	 1.564E+03
 521.500	 0.000E+00	-1.842E+03	 1.596E+03
 521.550	 0.000E+00	-1.961E+03	 1.607E+03
 521.600	 0.000E+00	-2.075E+03	 1.616E+03
 521.650	 0.000E+00	-2.190E+03	 1.613E+03
 521.700	 0.000E+00	-2.298E+03	 1.608E+03
 521.750	 0.000E+00	-2.395E+03	 1.625E+03
 521.800	 0.000E+00	-2.489E+03	 1.652E+03
 521.850	 0.000E+00	-2.577E+03	 1.697E+03
 521.900	 0.000E+00	-2.656E+03	 1.757E+03
 521.950	 0.000E+00	-2.734E+03	 1.808E+03
 522.000	 0.000E+00	-2.807E+03	 1.827E+03
 522.050	 0.000E+00	-2.873E+03	 1.823E+03
 522.100	 0.000E+00	-2.940E+03	 1.766E+03
 522.150	 0.000E+00	-3.011E+03	 1.684E+03
 522.200	 0.000E+00	-3.079E+03	 1.587E+03
 522.250	 0.000E+00	-3.145E+03	 1.506E+03
 522.300	 0.000E+00	-3.213E+03	 1.453E+03
 522.350	 0.000E+00	-3.277E+03	 1.428E+03
 522.400	 0.000E+00	-3.342E+03	 1.434E+03
 522.450	 0.000E+00	-3.403E+03	 1.442E+03
 522.500	 0.000E+00	-3.461E+03	 1.435E+03
 522.550	 0.000E+00	-3.509E+03	 1.421E+03
 522.600	 0.000E+00	-3.552E+03	 1.372E+03
 522.650	 0.000E+00	-3.584E+03	 1.299E+03
 522.700	 0.000E+00	-3.608E+03	 1.242E+03
 522.750	 0.000E+00	-3.619E+03	 1.199E+03
 522.800	 0.000E+00	-3.619E+03	 1.191E+03
 522.850	 0.000E+00	-3.612E+03	 1.214E+03
 522.900	 0.000E+00	-3.597E+03	 1.263E+03
 522.950	 0.000E+00	-3.578E+03	 1.306E+03
 523.000	 0.000E+00	-3.550E+03	 1.354E+03
 523.050	 0.000E+00	-3.527E+03	 1.365E+03
 523.100	 0.000E+00	-3.502E+03	 1.354E+03
 523.150	 0.000E+00	-3.479E+03	 1.318E+03
 523.200	 0.000E+00	-3.459E+03	 1.298E+03
 523.250	 0.000E+00	-3.438E+03	 1.291E+03
 523.300	 0.000E+00	-3.415E+03	 1.318E+03
 523.350	 0.000E+00	-3.390E+03	 1.378E+03
 523.400	 0.000E+00	-3.359E+03	 1.452E+03
 523.450	 0.000E+00	-3.324E+03	 1.538E+03
 523.500	 0.000E+00	-3.281E+03	 1.619E+03
 523.550	 0.000E+00	-3.232E+03	 1.667E+03
 523.600	 0.000E+00	-3.170E+03	 1.697E+03
 523.650	 0.000E+00	-3.100E+03	 1.713E+03
 523.700	 0.000E+00	-3.021E+03	 1.682E+03
 523.750	 0.000E+00	-2.939E+03	 1.658E+03
 523.800	 0.000E+00	-2.841E+03	 1.636E+03
 523.850	 0.000E+00	-2.747E+03	 1.609E+03
 523.900	 0.000E+00	-2.643E+03	 1.584E+03
 523.950	 0.000E+00	-2.543E+03	 1.549E+03
 524.000	 0.000E+00	-2.445E+03	 1.515E+03
 524.050	 0.000E+00	-2.344E+03	 1.475E+03
 524.100	 0.000E+00	-2.253E+03	 1.432E+03
 524.150	 0.000E+00	-2.160E+03	 1.403E+03
 524.200	 0.000E+00	-2.073E+03	 1.386E+03
 524.250	 0.000E+00	-1.982E+03	 1.402E+03
 524.300	 0.000E+00	-1.888E+03	 1.425E+03
 524.350	 0.000E+00	-1.796E+03	 1.462E+03
 524.400	 0.000E+00	-1.699E+03	 1.489E+03
 524.450	 0.000E+00	-1.586E+03	 1.505E+03
 524.500	 0.000E+00	-1.473E+03	 1.513E+03
 524.550	 0.000E+00	-1.352E+03	 1.520E+03
 524.600	 0.000E+00	-1.213E+03	 1.525E+03
 524.650	 0.000E+00	-1.073E+03	 1.531E+03
 524.700	 0.000E+00	-9.312E+02	 1.577E+03
 524.750	 0.000E+00	-7.813E+02	 1.641E+03
 524.800	 0.000E+00	-6.282E+02	 1.739E+03
 524.850	 0.000E+00	-4.877E+02	 1.852E+03
 524.900	 0.000E+00	-3.432E+02	 1.955E+03
 524.950	 0.000E+00	-1.994E+02	 2.047E+03
 525.000	 0.000E+00	-7.398E+01	 2.093E+03
 525.050	 0.000E+00	 5.052E+01	 2.128E+03
 525.100	 0.000E+00	 1.786E+02	 2.146E+03
 525.150	 0.000E+00	 3.016E+02	 2.176E+03
 525.200	 0.000E+00	 4.174E+02	 2.172E+03
 525.250	 0.000E+00	 5.370E+02	 2.171E+03
 525.300	 0.000E+00	 6.598E+02	 2.165E+03
 525.350	 0.000E+00	 7.766E+02	 2.159E+03
 525.400	 0.000E+00	 9.013E+02	 2.127E+03
 525.450	 0.000E+00	 1.026E+03	 2.065E+03
 525.500	 0.000E+00	 1.144E+03	 1.957E+03
 525.550	 0.000E+00	 1.267E+03	 1.841E+03
 525.600	 0.000E+00	 1.395E+03	 1.749E+03
 525.650	 0.000E+00	 1.519E+03	 1.663E+03
 525.700	 0.000E+00	 1.642E+03	 1.623E+03
 525.750	 0.000E+00	 1.766E+03	 1.608E+03
 525.800	 0.000E+00	 1.883E+03	 1.613E+03
 525.850	 0.000E+00	 1.991E+03	 1.617E+03
 525.900	 0.000E+00	 2.100E+03	 1.636E+03
 525.950	 0.000E+00	 2.200E+03	 1.622E+03
 526.000	 0.000E+00	 2.293E+03	 1.600E+03
 526.050	 0.000E+00	 2.377E+03	 1.565E+03
 526.100	 0.000E+00	 2.463E+03	 1.563E+03
 526.150	 0.000E+00	 2.545E+03	 1.587E+03
 526.200	 0.000E+00	 2.626E+03	 1.645E+03
 526.250	 0.000E+00	 2.710E+03	 1.730E+03
 526.300	 0.000E+00	 2.796E+03	 1.835E+03
 526.350	 0.000E+00	 2.876E+03	 1.903E+03
 526.400	 0.000E+00	 2.962E+03	 1.977E+03
 526.450	 0.000E+00	 3.048E+03	 2.002E+03
 526.500	 0.000E+00	 3.127E+03	 1.991E+03
 526.550	 0.000E+00	 3.203E+03	 1.961E+03
 526.600	 0.000E+00	 3.279E+03	 1.950E+03
 526.650	 0.000E+00	 3.337E+03	 1.902E+03
 526.700	 0.000E+00	 3.392E+03	 1.908E+03
 526.750	 0.000E+00	 3.441E+03	 1.929E+03
 526.800	 0.000E+00	 3.474E+03	 1.924E+03
 526.850	 0.000E+00	 3.499E+03	 1.904E+03
 526.900	 0.000E+00	 3.519E+03	 1.895E+03
 526.950	 0.000E+00	 3.532E+03	 1.861E+03
 527.000	 0.000E+00	 3.535E+03	 1.788E+03
 527.050	 0.000E+00	 3.545E+03	 1.753E+03
 527.100	 0.000E+00	 3.542E+03	 1.682E+03
 527.150	 0.000E+00	 3.541E+03	 1.599E+03
 527.200	 0.000E+00	 3.541E+03	 1.535E+03
 527.250	 0.000E+00	 3.536E+03	 1.479E+03
 527.300	 0.000E+00	 3.535E+03	 1.429E+03
 527.350	 0.000E+00	 3.531E+03	 1.398E+03
 527.400	 0.000E+00	 3.524E+03	 1.390E+03
 527.450	 0.000E+00	 3.518E+03	 1.379E+03
 527.500	 0.000E+00	 3.507E+03	 1.382E+03
 527.550	 0.000E+00	 3.488E+03	 1.379E+03
 527.600	 0.000E+00	 3.461E+03	 1.373E+03
 527.650	 0.000E+00	 3.430E+03	 1.373E+03
 527.700	 0.000E+00	 3.386E+03	 1.383E+03
 527.750	 0.000E+00	 3.334E+03	 1.393E+03
 527.800	 0.000E+00	 3.277E+03	 1.411E+03
 527.850	 0.000E+00	 3.209E+03	 1.454E+03
 527.900	 0.000E+00	 3.132E+03	 1.485E+03
 527.950	 0.000E+00	 3.059E+03	 1.525E+03
 528.000	 0.000E+00	 2.979E+03	 1.531E+03
 528.050	 0.000E+00	 2.898E+03	 1.548E+03
 528.100	 0.000E+00	 2.815E+03	 1.534E+03
 528.150	 0.000E+00	 2.740E+03	 1.558E+03
 528.200	 0.000E+00	 2.659E+03	 1.563E+03
 528.250	 0.000E+00	 2.587E+03	 1.582E+03
 528.300	 0.000E+00	 2.509E+03	 1.584E+03
 528.350	 0.000E+00	 2.432E+03	 1.588E+03
 528.400	 0.000E+00	 2.350E+03	 1.569E+03
 528.450	 0.000E+00	 2.270E+03	 1.564E+03
 528.500	 0.000E+00	 2.178E+03	 1.532E+03
 528.550	 0.000E+00	 2.079E+03	 1.521E+03
 528.600	 0.000E+00	 1.979E+03	 1.515E+03
 528.650	 0.000E+00	 1.863E+03	 1.504E+03
 528.700	 0.000E+00	 1.746E+03	 1.501E+03
 528.750	 0.000E+00	 1.623E+03	 1.482E+03
 528.800	 0.000E+00	 1.488E+03	 1.461E+03
 528.850	 0.000E+00	 1.352E+03	 1.440E+03
 528.900	 0.000E+00	 1.215E+03	 1.414E+03
 528.950	 0.000E+00	 1.081E+03	 1.399E+03
 529.000	 0.000E+00	 9.443E+02	 1.384E+03
 529.050	 0.000E+00	 8.129E+02	 1.369E+03
 529.100	 0.000E+00	 6.841E+02	 1.380E+03
 529.150	 0.000E+00	 5.589E+02	 1.407E+03
 529.200	 0.000E+00	 4.397E+02	 1.429E+03
 529.250	 0.000E+00	 3.240E+02	 1.442E+03
 529.300	 0.000E+00	 2.038E+02	 1.436E+03
 529.350	 0.000E+00	 8.737E+01	 1.428E+03
 529.400	 0.000E+00	-2.845E+01	 1.414E+03
 529.450	 0.000E+00	-1.526E+02	 1.395E+03
 529.500	 0.000E+00	-2.783E+02	 1.397E+03
 529.550	 0.000E+00	-4.161E+02	 1.407E+03
 529.600	 0.000E+00	-5.465E+02	 1.448E+03
 529.650	 0.000E+00	-6.814E+02	 1.469E+03
 529.700	 0.000E+00	-8.295E+02	 1.494E+03
 529.750	 0.000E+00	-9.668E+02	 1.498E+03
 529.800	 0.000E+00	-1.098E+03	 1.494E+03
 529.850	 0.000E+00	-1.235E+03	 1.476E+03
 529.900	 0.000E+00	-1.363E+03	 1.453E+03
 529.950	 0.000E+00	-1.476E+03	 1.449E+03
 530.000	 0.000E+00	-1.591E+03	 1.438E+03
 530.050	 0.000E+00	-1.700E+03	 1.447E+03
 530.100	 0.000E+00	-1.797E+03	 1.469E+03
 530.150	 0.000E+00	-1.892E+03	 1.505E+03
 530.200	 0.000E+00	-1.992E+03	 1.529E+03
 530.250	 0.000E+00	-2.079E+03	 1.556E+03
 530.300	 0.000E+00	-2.171E+03	 1.582E+03
 530.350	 0.000E+00	-2.263E+03	 1.614E+03
 530.400	 0.000E+00	-2.353E+03	 1.656E+03
 530.450	 0.000E+00	-2.439E+03	 1.716E+03
 530.500	 0.000E+00	-2.537E+03	 1.746E+03
 530.550	 0.000E+00	-2.631E+03	 1.782E+03
 530.600	 0.000E+00	-2.724E+03	 1.810E+03
 530.650	 0.000E+00	-2.822E+03	 1.796E+03
 530.700	 0.000E+00	-2.917E+03	 1.760E+03
 530.750	 0.000E+00	-3.006E+03	 1.719E+03
 530.800	 0.000E+00	-3.093E+03	 1.666E+03
 530.850	 0.000E+00	-3.176E+03	 1.614E+03
 530.900	 0.000E+00	-3.245E+03	 1.595E+03
 530.950	 0.000E+00	-3.309E+03	 1.559E+03
 531.000	 0.000E+00	-3.364E+03	 1.531E+03
 531.050	 0.000E+00	-3.408E+03	 1.500E+03
 531.100	 0.000E+00	-3.448E+03	 1.454E+03
 531.150	 0.000E+00	-3.479E+03	 1.391E+03
 531.200	 0.000E+00	-3.504E+03	 1.329E+03
 531.250	 0.000E+00	-3.524E+03	 1.276E+03
 531.300	 0.000E+00	-3.538E+03	 1.222E+03
 531.350	 0.000E+00	-3.551E+03	 1.195E+03
 531.400	 0.000E+00	-3.558E+03	 1.201E+03
 531.450	 0.000E+00	-3.568E+03	 1.218E+03
 531.500	 0.000E+00	-3.568E+03	 1.256E+03
 531.550	 0.000E+00	-3.570E+03	 1.281E+03
 531.600	 0.000E+00	-3.572E+03	 1.302E+03
 531.650	 0.000E+00	-3.568E+03	 1.312E+03
 531.700	 0.000E+00	-3.564E+03	 1.318E+03
 531.750	 0.000E+00	-3.548E+03	 1.362E+03
 531.800	 0.000E+00	-3.531E+03	 1.408E+03
 531.850	 0.000E+00	-3.507E+03	 1.480E+03
 531.900	 0.000E+00	-3.471E+03	 1.575E+03
 531.950	 0.000E+00	-3.432E+03	 1.669E+03
 532.000	 0.000E+00	-3.379E+03	 1.753E+03
 532.050	 0.000E+00	-3.324E+03	 1.822E+03
 532.100	 0.000E+00	-3.261E+03	 1.860E+03
 532.150	 0.000E+00	-3.192E+03	 1.895E+03
 532.200	 0.000E+00	-3.125E+03	 1.887E+03
 532.250	 0.000E+00	-3.050E+03	 1.891E+03
 532.300	 0.000E+00	-2.980E+03	 1.886E+03
 532.350	 0.000E+00	-2.903E+03	 1.891E+03
 532.400	 0.000E+00	-2.831E+03	 1.895E+03
 532.450	 0.000E+00	-2.757E+03	 1.915E+03
 532.500	 0.000E+00	-2.687E+03	 1.910E+03
 532.550	 0.000E+00	-2.614E+03	 1.881E+03
 532.600	 0.000E+00	-2.531E+03	 1.857E+03
 532.650	 0.000E+00	-2.454E+03	 1.797E+03
 532.700	 0.000E+00	-2.369E+03	 1.710E+03
 532.750	 0.000E+00	-2.274E+03	 1.629E+03
 532.800	 0.000E+00	-2.181E+03	 1.548E+03
 532.850	 0.000E+00	-2.077E+03	 1.500E+03
 532.900	 0.000E+00	-1.963E+03	 1.444E+03
 532.950	 0.000E+00	-1.846E+03	 1.455E+03
 533.000	 0.000E+00	-1.729E+03	 1.442E+03
 533.050	 0.000E+00	-1.600E+03	 1.442E+03
 533.100	 0.000E+00	-1.476E+03	 1.458E+03
 533.150	 0.000E+00	-1.350E+03	 1.452E+03
 533.200	 0.000E+00	-1.220E+03	 1.450E+03
 533.250	 0.000E+00	-1.094E+03	 1.444E+03
 533.300	 0.000E+00	-9.705E+02	 1.459E+03
 533.350	 0.000E+00	-8.419E+02	 1.513E+03
 533.400	 0.000E+00	-7.188E+02	 1.589E+03
 533.450	 0.000E+00	-5.932E+02	 1.689E+03
 533.500	 0.000E+00	-4.684E+02	 1.804E+03
 533.550	 0.000E+00	-3.418E+02	 1.911E+03
 533.600	 0.000E+00	-2.164E+02	 2.025E+03
 533.650	 0.000E+00	-8.649E+01	 2.114E+03
 533.700	 0.000E+00	 4.960E+01	 2.188E+03
 533.750	 0.000E+00	 1.806E+02	 2.244E+03
 533.800	 0.000E+00	 3.207E+02	 2.300E+03
 533.850	 0.000E+00	 4.644E+02	 2.326E+03
 533.900	 0.000E+00	 6.119E+02	 2.357E+03
 533.950	 0.000E+00	 7.562E+02	 2.374E+03
 534.000	 0.000E+00	 8.983E+02	 2.355E+03
 534.050	 0.000E+00	 1.036E+03	 2.302E+03
 534.100	 0.000E+00	 1.166E+03	 2.223E+03
 534.150	 0.000E+00	 1.286E+03	 2.098E+03
 534.200	 0.000E+00	 1.402E+03	 1.953E+03
 534.250	 0.000E+00	 1.511E+03	 1.821E+03
 534.300	 0.000E+00	 1.610E+03	 1.683E+03
 534.350	 0.000E+00	 1.707E+03	 1.584E+03
 534.400	 0.000E+00	 1.802E+03	 1.516E+03
 534.450	 0.000E+00	 1.893E+03	 1.479E+03
 534.500	 0.000E+00	 1.985E+03	 1.454E+03
 534.550	 0.000E+00	 2.080E+03	 1.453E+03
 534.600	 0.000E+00	 2.174E+03	 1.450E+03
 534.650	 0.000E+00	 2.270E+03	 1.455E+03
 534.700	 0.000E+00	 2.369E+03	 1.472E+03
 534.750	 0.000E+00	 2.477E+03	 1.531E+03
 534.800	 0.000E+00	 2.579E+03	 1.569E+03
 534.850	 0.000E+00	 2.682E+03	 1.628E+03
 534.900	 0.000E+00	 2.783E+03	 1.715E+03
 534.950	 0.000E+00	 2.884E+03	 1.807E+03
 535.000	 0.000E+00	 2.972E+03	 1.873E+03
 535.050	 0.000E+00	 3.060E+03	 1.964E+03
 535.100	 0.000E+00	 3.137E+03	 2.022E+03
 535.150	 0.000E+00	 3.205E+03	 2.067E+03
 535.200	 0.000E+00	 3.267E+03	 2.099E+03
 535.250	 0.000E+00	 3.316E+03	 2.088E+03
 535.300	 0.000E+00	 3.358E+03	 2.063E+03
 535.350	 0.000E+00	 3.393E+03	 2.019E+03
 535.400	 0.000E+00	 3.424E+03	 1.978E+03
 535.450	 0.000E+00	 3.445E+03	 1.891E+03
 535.500	 0.000E+00	 3.463E+03	 1.791E+03
 535.550	 0.000E+00	 3.485E+03	 1.720E+03
 535.600	 0.000E+00	 3.501E+03	 1.625E+03
 535.650	 0.000E+00	 3.516E+03	 1.531E+03
 535.700	 0.000E+00	 3.536E+03	 1.469E+03
 535.750	 0.000E+00	 3.547E+03	 1.411E+03
 535.800	 0.000E+00	 3.563E+03	 1.382E+03
 535.850	 0.000E+00	 3.575E+03	 1.381E+03
 535.900	 0.000E+00	 3.576E+03	 1.368E+03
 535.950	 0.000E+00	 3.577E+03	 1.368E+03
 536.000	 0.000E+00	 3.571E+03	 1.383E+03
 536.050	 0.000E+00	 3.557E+03	 1.408E+03
 536.100	 0.000E+00	 3.540E+03	 1.429E+03
 536.150	 0.000E+00	 3.516E+03	 1.486E+03
 536.200	 0.000E+00	 3.480E+03	 1.531E+03
 536.250	 0.000E+00	 3.444E+03	 1.575E+03
 536.300	 0.000E+00	 3.400E+03	 1.620E+03
 536.350	 0.000E+00	 3.352E+03	 1.656E+03
 536.400	 0.000E+00	 3.297E+03	 1.672E+03
 536.450	 0.000E+00	 3.238E+03	 1.662E+03
 536.500	 0.000E+00	 3.176E+03	 1.651E+03
 536.550	 0.000E+00	 3.109E+03	 1.620E+03
 536.600	 0.000E+00	 3.038E+03	 1.589E+03
 536.650	 0.000E+00	 2.961E+03	 1.577E+03
 536.700	 0.000E+00	 2.886E+03	 1.575E+03
 536.750	 0.000E+00	 2.806E+03	 1.569E+03
 536.800	 0.000E+00	 2.725E+03	 1.602E+03
 536.850	 0.000E+00	 2.640E+03	 1.617E+03
 536.900	 0.000E+00	 2.560E+03	 1.645E+03
 536.950	 0.000E+00	 2.468E+03	 1.661E+03
 537.000	 0.000E+00	 2.381E+03	 1.671E+03
 537.050	 0.000E+00	 2.286E+03	 1.660E+03
 537.100	 0.000E+00	 2.190E+03	 1.680E+03
 537.150	 0.000E+00	 2.089E+03	 1.684E+03
 537.200	 0.000E+00	 1.989E+03	 1.711E+03
 537.250	 0.000E+00	 1.886E+03	 1.742E+03
 537.300	 0.000E+00	 1.774E+03	 1.753E+03
 537.350	 0.000E+00	 1.665E+03	 1.748E+03
 537.400	 0.000E+00	 1.551E+03	 1.726E+03
 537.450	 0.000E+00	 1.432E+03	 1.697E+03
 537.500	 0.000E+00	 1.313E+03	 1.653E+03
 537.550	 0.000E+00	 1.192E+03	 1.609E+03
 537.600	 0.000E+00	 1.064E+03	 1.572E+03
 537.650	 0.000E+00	 9.328E+02	 1.540E+03
 537.700	 0.000E+00	 7.989E+02	 1.499E+03
 537.750	 0.000E+00	 6.642E+02	 1.479E+03
 537.800	 0.000E+00	 5.245E+02	 1.462E+03
 537.850	 0.000E+00	 3.850E+02	 1.455E+03
 537.900	 0.000E+00	 2.467E+02	 1.450E+03
 537.950	 0.000E+00	 1.065E+02	 1.444E+03
 538.000	 0.000E+00	-2.892E+01	 1.435E+03
 538.050	 0.000E+00	-1.635E+02	 1.444E+03
 538.100	 0.000E+00	-2.969E+02	 1.432E+03
 538.150	 0.000E+00	-4.207E+02	 1.440E+03
 538.200	 0.000E+00	-5.500E+02	 1.435E+03
 538.250	 0.000E+00	-6.764E+02	 1.441E+03
 538.300	 0.000E+00	-7.980E+02	 1.446E+03
 538.350	 0.000E+00	-9.164E+02	 1.457E+03
 538.400	 0.000E+00	-1.031E+03	 1.481E+03
 538.450	 0.000E+00	-1.145E+03	 1.507E+03
 538.500	 0.000E+00	-1.260E+03	 1.539E+03
 538.550	 0.000E+00	-1.369E+03	 1.550E+03
 538.600	 0.000E+00	-1.475E+03	 1.579E+03
 538.650	 0.000E+00	-1.588E+03	 1.570E+03
 538.700	 0.000E+00	-1.699E+03	 1.564E+03
 538.750	 0.000E+00	-1.809E+03	 1.555E+03
 538.800	 0.000E+00	-1.918E+03	 1.538E+03
 538.850	 0.000E+00	-2.025E+03	 1.542E+03
 538.900	 0.000E+00	-2.134E+03	 1.549E+03
 538.950	 0.000E+00	-2.240E+03	 1.589E+03
 539.000	 0.000E+00	-2.345E+03	 1.608E+03
 539.050	 0.000E+00	-2.447E+03	 1.640E+03
 539.100	 0.000E+00	-2.546E+03	 1.664E+03
 539.150	 0.000E+00	-2.640E+03	 1.692E+03
 539.200	 0.000E+00	-2.732E+03	 1.689E+03
 539.250	 0.000E+00	-2.823E+03	 1.661E+03
 539.300	 0.000E+00	-2.905E+03	 1.641E+03
 539.350	 0.000E+00	-2.985E+03	 1.617E+03
 539.400	 0.000E+00	-3.060E+03	 1.598E+03
 539.450	 0.000E+00	-3.130E+03	 1.586E+03
 539.500	 0.000E+00	-3.192E+03	 1.606E+03
 539.550	 0.000E+00	-3.251E+03	 1.641E+03
 539.600	 0.000E+00	-3.305E+03	 1.670E+03
 539.650	 0.000E+00	-3.355E+03	 1.689E+03
 539.700	 0.000E+00	-3.400E+03	 1.677E+03
 539.750	 0.000E+00	-3.440E+03	 1.649E+03
 539.800	 0.000E+00	-3.473E+03	 1.595E+03
 539.850	 0.000E+00	-3.504E+03	 1.534E+03
 539.900	 0.000E+00	-3.526E+03	 1.487E+03
 539.950	 0.000E+00	-3.545E+03	 1.443E+03
 540.000	 0.000E+00	-3.558E+03	 1.436E+03
 540.050	 0.000E+00	-3.567E+03	 1.433E+03
 540.100	 0.000E+00	-3.571E+03	 1.448E+03
 540.150	 0.000E+00	-3.572E+03	 1.439E+03
 540.200	 0.000E+00	-3.564E+03	 1.440E+03
 540.250	 0.000E+00	-3.556E+03	 1.422E+03
 540.300	 0.000E+00	-3.543E+03	 1.394E+03
 540.350	 0.000E+00	-3.524E+03	 1.367E+03
 540.400	 0.000E+00	-3.506E+03	 1.356E+03
 540.450	 0.000E+00	-3.481E+03	 1.366E+03
 540.500	 0.000E+00	-3.451E+03	 1.409E+03
 540.550	 0.000E+00	-3.418E+03	 1.471E+03
 540.600	 0.000E+00	-3.381E+03	 1.548E+03
 540.650	 0.000E+00	-3.336E+03	 1.639E+03
 540.700	 0.000E+00	-3.287E+03	 1.712E+03
 540.750	 0.000E+00	-3.239E+03	 1.760E+03
 540.800	 0.000E+00	-3.179E+03	 1.799E+03
 540.850	 0.000E+00	-3.115E+03	 1.829E+03
 540.900	 0.000E+00	-3.050E+03	 1.847E+03
 540.950	 0.000E+00	-2.977E+03	 1.862E+03
 541.000	 0.000E+00	-2.899E+03	 1.899E+03
 541.050	 0.000E+00	-2.817E+03	 1.944E+03
 541.100	 0.000E+00	-2.732E+03	 1.970E+03
 541.150	 0.000E+00	-2.640E+03	 2.001E+03
 541.200	 0.000E+00	-2.546E+03	 1.993E+03
 541.250	 0.000E+00	-2.454E+03	 1.956E+03
 541.300	 0.000E+00	-2.357E+03	 1.882E+03
 541.350	 0.000E+00	-2.261E+03	 1.774E+03
 541.400	 0.000E+00	-2.167E+03	 1.648E+03
 541.450	 0.000E+00	-2.065E+03	 1.524E+03
 541.500	 0.000E+00	-1.960E+03	 1.432E+03
 541.550	 0.000E+00	-1.862E+03	 1.354E+03
 541.600	 0.000E+00	-1.758E+03	 1.310E+03
 541.650	 0.000E+00	-1.646E+03	 1.299E+03
 541.700	 0.000E+00	-1.542E+03	 1.291E+03
 541.750	 0.000E+00	-1.428E+03	 1.303E+03
 541.800	 0.000E+00	-1.309E+03	 1.298E+03
 541.850	 0.000E+00	-1.192E+03	 1.300E+03
 541.900	 0.000E+00	-1.070E+03	 1.278E+03
 541.950	 0.000E+00	-9.425E+02	 1.263E+03
 542.000	 0.000E+00	-8.134E+02	 1.273E+03
 542.050	 0.000E+00	-6.839E+02	 1.322E+03
 542.100	 0.000E+00	-5.451E+02	 1.403E+03
 542.150	 0.000E+00	-4.057E+02	 1.529E+03
 542.200	 0.000E+00	-2.691E+02	 1.653E+03
 542.250	 0.000E+00	-1.304E+02	 1.784E+03
 542.300	 0.000E+00	 5.146E+00	 1.892E+03
 542.350	 0.000E+00	 1.432E+02	 1.969E+03
 542.400	 0.000E+00	 2.787E+02	 2.024E+03
 542.450	 0.000E+00	 4.120E+02	 2.057E+03
 542.500	 0.000E+00	 5.506E+02	 2.084E+03
 542.550	 0.000E+00	 6.863E+02	 2.118E+03
 542.600	 0.000E+00	 8.220E+02	 2.178E+03
 542.650	 0.000E+00	 9.563E+02	 2.209E+03
 542.700	 0.000E+00	 1.092E+03	 2.246E+03
 542.750	 0.000E+00	 1.216E+03	 2.242E+03
 542.800	 0.000E+00	 1.342E+03	 2.214E+03
 542.850	 0.000E+00	 1.462E+03	 2.134E+03
 542.900	 0.000E+00	 1.576E+03	 2.019E+03
 542.950	 0.000E+00	 1.688E+03	 1.900E+03
 543.000	 0.000E+00	 1.795E+03	 1.784E+03
 543.050	 0.000E+00	 1.900E+03	 1.696E+03
 543.100	 0.000E+00	 1.999E+03	 1.639E+03
 543.150	 0.000E+00	 2.096E+03	 1.623E+03
 543.200	 0.000E+00	 2.192E+03	 1.646E+03
 543.250	 0.000E+00	 2.286E+03	 1.683E+03
 543.300	 0.000E+00	 2.378E+03	 1.713E+03
 543.350	 0.000E+00	 2.470E+03	 1.718E+03
 543.400	 0.000E+00	 2.560E+03	 1.712E+03
 543.450	 0.000E+00	 2.650E+03	 1.682E+03
 543.500	 0.000E+00	 2.743E+03	 1.667E+03
 543.550	 0.000E+00	 2.829E+03	 1.649E+03
 543.600	 0.000E+00	 2.909E+03	 1.649E+03
 543.650	 0.000E+00	 2.992E+03	 1.702E+03
 543.700	 0.000E+00	 3.069E+03	 1.769E+03
 543.750	 0.000E+00	 3.139E+03	 1.849E+03
 543.800	 0.000E+00	 3.208E+03	 1.952E+03
 543.850	 0.000E+00	 3.271E+03	 2.011E+03
 543.900	 0.000E+00	 3.323E+03	 2.009E+03
 543.950	 0.000E+00	 3.373E+03	 2.001E+03
 544.000	 0.000E+00	 3.412E+03	 1.949E+03
 544.050	 0.000E+00	 3.448E+03	 1.893E+03
 544.100	 0.000E+00	 3.480E+03	 1.849E+03
 544.150	 0.000E+00	 3.504E+03	 1.800E+03
 544.200	 0.000E+00	 3.531E+03	 1.814E+03
 544.250	 0.000E+00	 3.551E+03	 1.822E+03
 544.300	 0.000E+00	 3.567E+03	 1.832E+03
 544.350	 0.000E+00	 3.577E+03	 1.800E+03
 544.400	 0.000E+00	 3.585E+03	 1.762E+03
 544.450	 0.000E+00	 3.586E+03	 1.683E+03
 544.500	 0.000E+00	 3.584E+03	 1.584E+03
 544.550	 0.000E+00	 3.581E+03	 1.492E+03
 544.600	 0.000E+00	 3.570E+03	 1.456E+03
 544.650	 0.000E+00	 3.556E+03	 1.449E+03
 544.700	 0.000E+00	 3.538E+03	 1.476E+03
 544.750	 0.000E+00	 3.517E+03	 1.538E+03
 544.800	 0.000E+00	 3.485E+03	 1.585E+03
 544.850	 0.000E+00	 3.451E+03	 1.603E+03
 544.900	 0.000E+00	 3.410E+03	 1.605E+03
 544.950	 0.000E+00	 3.365E+03	 1.605E+03
 545.000	 0.000E+00	 3.317E+03	 1.572E+03
 545.050	 0.000E+00	 3.262E+03	 1.546E+03
 545.100	 0.000E+00	 3.200E+03	 1.540E+03
 545.150	 0.000E+00	 3.143E+03	 1.548E+03
 545.200	 0.000E+00	 3.083E+03	 1.590E+03
 545.250	 0.000E+00	 3.010E+03	 1.625E+03
 545.300	 0.000E+00	 2.944E+03	 1.675E+03
 545.350	 0.000E+00	 2.872E+03	 1.702E+03
 545.400	 0.000E+00	 2.792E+03	 1.693E+03
 545.450	 0.000E+00	 2.708E+03	 1.680E+03
 545.500	 0.000E+00	 2.619E+03	 1.644E+03
 545.550	 0.000E+00	 2.533E+03	 1.623E+03
 545.600	 0.000E+00	 2.433E+03	 1.598E+03
 545.650	 0.000E+00	 2.334E+03	 1.590E+03
 545.700	 0.000E+00	 2.230E+03	 1.592E+03
 545.750	 0.000E+00	 2.119E+03	 1.600E+03
 545.800	 0.000E+00	 2.010E+03	 1.604E+03
 545.850	 0.000E+00	 1.899E+03	 1.601E+03
 545.900	 0.000E+00	 1.783E+03	 1.581E+03
 545.950	 0.000E+00	 1.661E+03	 1.538E+03
 546.000	 0.000E+00	 1.545E+03	 1.501E+03
 546.050	 0.000E+00	 1.425E+03	 1.477E+03
 546.100	 0.000E+00	 1.302E+03	 1.443E+03
 546.150	 0.000E+00	 1.181E+03	 1.431E+03
 546.200	 0.000E+00	 1.058E+03	 1.430E+03
 546.250	 0.000E+00	 9.318E+02	 1.432E+03
 546.300	 0.000E+00	 8.082E+02	 1.436E+03
 546.350	 0.000E+00	 6.781E+02	 1.420E+03
 546.400	 0.000E+00	 5.499E+02	 1.422E+03
 546.450	 0.000E+00	 4.189E+02	 1.416E+03
 546.500	 0.000E+00	 2.858E+02	 1.401E+03
 546.550	 0.000E+00	 1.569E+02	 1.405E+03
 546.600	 0.000E+00	 2.405E+01	 1.411E+03
 546.650	 0.000E+00	-1.058E+02	 1.433E+03
 546.700	 0.000E+00	-2.341E+02	 1.456E+03
 546.750	 0.000E+00	-3.636E+02	 1.474E+03
 546.800	 0.000E+00	-4.906E+02	 1.478E+03
 546.850	 0.000E+00	-6.148E+02	 1.483E+03
 546.900	 0.000E+00	-7.405E+02	 1.491E+03
 546.950	 0.000E+00	-8.664E+02	 1.474E+03
 547.000	 0.000E+00	-9.888E+02	 1.486E+03
 547.050	 0.000E+00	-1.108E+03	 1.509E+03
 547.100	 0.000E+00	-1.227E+03	 1.538E+03
 547.150	 0.000E+00	-1.344E+03	 1.576E+03
 547.200	 0.000E+00	-1.460E+03	 1.603E+03
 547.250	 0.000E+00	-1.577E+03	 1.600E+03
 547.300	 0.000E+00	-1.695E+03	 1.607E+03
 547.350	 0.000E+00	-1.806E+03	 1.586E+03
 547.400	 0.000E+00	-1.916E+03	 1.569E+03
 547.450	 0.000E+00	-2.029E+03	 1.555E+03
 547.500	 0.000E+00	-2.132E+03	 1.553E+03
 547.550	 0.000E+00	-2.236E+03	 1.559E+03
 547.600	 0.000E+00	-2.335E+03	 1.564E+03
 547.650	 0.000E+00	-2.430E+03	 1.582E+03
 547.700	 0.000E+00	-2.525E+03	 1.588E+03
 547.750	 0.000E+00	-2.615E+03	 1.589E+03
 547.800	 0.000E+00	-2.704E+03	 1.575E+03
 547.850	 0.000E+00	-2.788E+03	 1.560E+03
 547.900	 0.000E+00	-2.870E+03	 1.536E+03
 547.950	 0.000E+00	-2.947E+03	 1.523E+03
 548.000	 0.000E+00	-3.023E+03	 1.536E+03
 548.050	 0.000E+00	-3.095E+03	 1.577E+03
 548.100	 0.000E+00	-3.157E+03	 1.650E+03
 548.150	 0.000E+00	-3.218E+03	 1.732E+03
 548.200	 0.000E+00	-3.271E+03	 1.827E+03
 548.250	 0.000E+00	-3.318E+03	 1.907E+03
 548.300	 0.000E+00	-3.358E+03	 1.957E+03
 548.350	 0.000E+00	-3.397E+03	 1.948E+03
 548.400	 0.000E+00	-3.430E+03	 1.913E+03
 548.450	 0.000E+00	-3.458E+03	 1.872E+03
 548.500	 0.000E+00	-3.482E+03	 1.820E+03
 548.550	 0.000E+00	-3.500E+03	 1.791E+03
 548.600	 0.000E+00	-3.516E+03	 1.783E+03
 548.650	 0.000E+00	-3.529E+03	 1.757E+03
 548.700	 0.000E+00	-3.538E+03	 1.735E+03
 548.750	 0.000E+00	-3.548E+03	 1.673E+03
 548.800	 0.000E+00	-3.551E+03	 1.604E+03
 548.850	 0.000E+00	-3.555E+03	 1.509E+03
 548.900	 0.000E+00	-3.557E+03	 1.405E+03
 548.950	 0.000E+00	-3.553E+03	 1.321E+03
 549.000	 0.000E+00	-3.548E+03	 1.257E+03
 549.050	 0.000E+00	-3.535E+03	 1.244E+03
 549.100	 0.000E+00	-3.517E+03	 1.269E+03
 549.150	 0.000E+00	-3.490E+03	 1.320E+03
 549.200	 0.000E+00	-3.455E+03	 1.409E+03
 549.250	 0.000E+00	-3.411E+03	 1.503E+03
 549.300	 0.000E+00	-3.356E+03	 1.581E+03
 549.350	 0.000E+00	-3.296E+03	 1.623E+03
 549.400	 0.000E+00	-3.224E+03	 1.638E+03
 549.450	 0.000E+00	-3.147E+03	 1.613E+03
 549.500	 0.000E+00	-3.065E+03	 1.599E+03
 549.550	 0.000E+00	-2.982E+03	 1.571E+03
 549.600	 0.000E+00	-2.896E+03	 1.578E+03
 549.650	 0.000E+00	-2.810E+03	 1.618E+03
 549.700	 0.000E+00	-2.721E+03	 1.674E+03
 549.750	 0.000E+00	-2.633E+03	 1.720E+03
 549.800	 0.000E+00	-2.550E+03	 1.764E+03
 549.850	 0.000E+00	-2.468E+03	 1.782E+03
 549.900	 0.000E+00	-2.380E+03	 1.764E+03
 549.950	 0.000E+00	-2.296E+03	 1.732E+03
 550.000	 0.000E+00	-2.210E+03	 1.696E+03
 550.050	 0.000E+00	-2.117E+03	 1.656E+03
 550.100	 0.000E+00	-2.017E+03	 1.618E+03
 550.150	 0.000E+00	-1.911E+03	 1.645E+03
 550.200	 0.000E+00	-1.800E+03	 1.691E+03
 550.250	 0.000E+00	-1.678E+03	 1.739E+03
 550.300	 0.000E+00	-1.557E+03	 1.812E+03
 550.350	 0.000E+00	-1.432E+03	 1.849E+03
 550.400	 0.000E+00	-1.299E+03	 1.837E+03
 550.450	 0.000E+00	-1.168E+03	 1.795E+03
 550.500	 0.000E+00	-1.041E+03	 1.745E+03
 550.550	 0.000E+00	-9.061E+02	 1.715E+03
 550.600	 0.000E+00	-7.728E+02	 1.693E+03
 550.650	 0.000E+00	-6.450E+02	 1.716E+03
 550.700	 0.000E+00	-5.246E+02	 1.733E+03
 550.750	 0.000E+00	-3.932E+02	 1.784E+03
 550.800	 0.000E+00	-2.725E+02	 1.812E+03
 550.850	 0.000E+00	-1.586E+02	 1.807E+03
 550.900	 0.000E+00	-3.951E+01	 1.766E+03
 550.950	 0.000E+00	 7.726E+01	 1.706E+03
 551.000	 0.000E+00	 1.943E+02	 1.629E+03
 551.050	 0.000E+00	 3.154E+02	 1.530E+03
 551.100	 0.000E+00	 4.430E+02	 1.474E+03
 551.150	 0.000E+00	 5.715E+02	 1.422E+03
 551.200	 0.000E+00	 7.049E+02	 1.417E+03
 551.250	 0.000E+00	 8.428E+02	 1.442E+03
 551.300	 0.000E+00	 9.790E+02	 1.489E+03
 551.350	 0.000E+00	 1.117E+03	 1.555E+03
 551.400	 0.000E+00	 1.255E+03	 1.612E+03
 551.450	 0.000E+00	 1.386E+03	 1.661E+03
 551.500	 0.000E+00	 1.514E+03	 1.728E+03
 551.550	 0.000E+00	 1.643E+03	 1.800E+03
 551.600	 0.000E+00	 1.766E+03	 1.885E+03
 551.650	 0.000E+00	 1.887E+03	 1.996E+03
 551.700	 0.000E+00	 2.008E+03	 2.119E+03
 551.750	 0.000E+00	 2.124E+03	 2.251E+03
 551.800	 0.000E+00	 2.233E+03	 2.360E+03
 551.850	 0.000E+00	 2.341E+03	 2.479E+03
 551.900	 0.000E+00	 2.451E+03	 2.596E+03
 551.950	 0.000E+00	 2.552E+03	 2.660E+03
 552.000	 0.000E+00	 2.654E+03	 2.716E+03
 552.050	 0.000E+00	 2.745E+03	 2.711E+03
 552.100	 0.000E+00	 2.835E+03	 2.686E+03
 552.150	 0.000E+00	 2.919E+03	 2.625E+03
 552.200	 0.000E+00	 2.996E+03	 2.559E+03
 552.250	 0.000E+00	 3.069E+03	 2.500E+03
 552.300	 0.000E+00	 3.134E+03	 2.418E+03
 552.350	 0.000E+00	 3.188E+03	 2.324E+03
 552.400	 0.000E+00	 3.239E+03	 2.247E+03
 552.450	 0.000E+00	 3.283E+03	 2.144E+03
 552.500	 0.000E+00	 3.321E+03	 2.038E+03
 552.550	 0.000E+00	 3.348E+03	 1.888E+03
 552.600	 0.000E+00	 3.377E+03	 1.781E+03
 552.650	 0.000E+00	 3.400E+03	 1.670E+03
 552.700	 0.000E+00	 3.425E+03	 1.609E+03
 552.750	 0.000E+00	 3.449E+03	 1.575E+03
 552.800	 0.000E+00	 3.472E+03	 1.589E+03
 552.850	 0.000E+00	 3.500E+03	 1.654E+03
 552.900	 0.000E+00	 3.522E+03	 1.699E+03
 552.950	 0.000E+00	 3.545E+03	 1.751E+03
 553.000	 0.000E+00	 3.567E+03	 1.816E+03
 553.050	 0.000E+00	 3.583E+03	 1.877E+03
 553.100	 0.000E+00	 3.597E+03	 1.941E+03
 553.150	 0.000E+00	 3.607E+03	 2.038E+03
 553.200	 0.000E+00	 3.606E+03	 2.119E+03
 553.250	 0.000E+00	 3.604E+03	 2.223E+03
 553.300	 0.000E+00	 3.590E+03	 2.304E+03
 553.350	 0.000E+00	 3.572E+03	 2.387E+03
 553.400	 0.000E+00	 3.543E+03	 2.414E+03
 553.450	 0.000E+00	 3.505E+03	 2.397E+03
 553.500	 0.000E+00	 3.462E+03	 2.340E+03
 553.550	 0.000E+00	 3.409E+03	 2.244E+03
 553.600	 0.000E+00	 3.352E+03	 2.127E+03
 553.650	 0.000E+00	 3.290E+03	 2.006E+03
 553.700	 0.000E+00	 3.223E+03	 1.892E+03
 553.750	 0.000E+00	 3.154E+03	 1.789E+03
 553.800	 0.000E+00	 3.085E+03	 1.694E+03
 553.850	 0.000E+00	 3.011E+03	 1.619E+03
 553.900	 0.000E+00	 2.933E+03	 1.559E+03
 553.950	 0.000E+00	 2.854E+03	 1.495E+03
 554.000	 0.000E+00	 2.771E+03	 1.432E+03
 554.050	 0.000E+00	 2.689E+03	 1.391E+03
 554.100	 0.000E+00	 2.599E+03	 1.336E+03
 554.150	 0.000E+00	 2.507E+03	 1.309E+03
 554.200	 0.000E+00	 2.414E+03	 1.305E+03
 554.250	 0.000E+00	 2.317E+03	 1.325E+03
 554.300	 0.000E+00	 2.216E+03	 1.366E+03
 554.350	 0.000E+00	 2.116E+03	 1.422E+03
 554.400	 0.000E+00	 2.009E+03	 1.467E+03
 554.450	 0.000E+00	 1.896E+03	 1.490E+03
 554.500	 0.000E+00	 1.791E+03	 1.534E+03
 554.550	 0.000E+00	 1.673E+03	 1.529E+03
 554.600	 0.000E+00	 1.561E+03	 1.518E+03
 554.650	 0.000E+00	 1.446E+03	 1.515E+03
 554.700	 0.000E+00	 1.320E+03	 1.498E+03
 554.750	 0.000E+00	 1.202E+03	 1.513E+03
 554.800	 0.000E+00	 1.078E+03	 1.516E+03
 554.850	 0.000E+00	 9.533E+02	 1.515E+03
 554.900	 0.000E+00	 8.215E+02	 1.503E+03
 554.950	 0.000E+00	 6.902E+02	 1.479E+03
 555.000	 0.000E+00	 5.591E+02	 1.450E+03
 555.050	 0.000E+00	 4.241E+02	 1.413E+03
 555.100	 0.000E+00	 2.885E+02	 1.391E+03
 555.150	 0.000E+00	 1.569E+02	 1.381E+03
 555.200	 0.000E+00	 2.682E+01	 1.393E+03
 555.250	 0.000E+00	-1.000E+02	 1.406E+03
 555.300	 0.000E+00	-2.285E+02	 1.428E+03
 555.350	 0.000E+00	-3.524E+02	 1.442E+03
 555.400	 0.000E+00	-4.792E+02	 1.448E+03
 555.450	 0.000E+00	-6.030E+02	 1.451E+03
 555.500	 0.000E+00	-7.292E+02	 1.447E+03
 555.550	 0.000E+00	-8.541E+02	 1.444E+03
 555.600	 0.000E+00	-9.746E+02	 1.471E+03
 555.650	 0.000E+00	-1.099E+03	 1.492E+03
 555.700	 0.000E+00	-1.220E+03	 1.541E+03
 555.750	 0.000E+00	-1.340E+03	 1.585E+03
 555.800	 0.000E+00	-1.456E+03	 1.649E+03
 555.850	 0.000E+00	-1.573E+03	 1.687E+03
 555.900	 0.000E+00	-1.688E+03	 1.721E+03
 555.950	 0.000E+00	-1.804E+03	 1.745E+03
 556.000	 0.000E+00	-1.915E+03	 1.747E+03
 556.050	 0.000E+00	-2.027E+03	 1.729E+03
 556.100	 0.000E+00	-2.139E+03	 1.720E+03
 556.150	 0.000E+00	-2.248E+03	 1.695E+03
 556.200	 0.000E+00	-2.353E+03	 1.686E+03
 556.250	 0.000E+00	-2.457E+03	 1.669E+03
 556.300	 0.000E+00	-2.557E+03	 1.679E+03
 556.350	 0.000E+00	-2.653E+03	 1.688E+03
 556.400	 0.000E+00	-2.741E+03	 1.733E+03
 556.450	 0.000E+00	-2.824E+03	 1.754E+03
 556.500	 0.000E+00	-2.903E+03	 1.792E+03
 556.550	 0.000E+00	-2.976E+03	 1.816E+03
 556.600	 0.000E+00	-3.043E+03	 1.839E+03
 556.650	 0.000E+00	-3.105E+03	 1.862E+03
 556.700	 0.000E+00	-3.160E+03	 1.894E+03
 556.750	 0.000E+00	-3.209E+03	 1.964E+03
 556.800	 0.000E+00	-3.254E+03	 2.031E+03
 556.850	 0.000E+00	-3.294E+03	 2.115E+03
 556.900	 0.000E+00	-3.324E+03	 2.196E+03
 556.950	 0.000E+00	-3.358E+03	 2.235E+03
 557.000	 0.000E+00	-3.386E+03	 2.267E+03
 557.050	 0.000E+00	-3.413E+03	 2.290E+03
 557.100	 0.000E+00	-3.439E+03	 2.294E+03
 557.150	 0.000E+00	-3.462E+03	 2.289E+03
 557.200	 0.000E+00	-3.481E+03	 2.292E+03
 557.250	 0.000E+00	-3.502E+03	 2.275E+03
 557.300	 0.000E+00	-3.520E+03	 2.238E+03
 557.350	 0.000E+00	-3.540E+03	 2.162E+03
 557.400	 0.000E+00	-3.549E+03	 2.087E+03
 557.450	 0.000E+00	-3.559E+03	 1.971E+03
 557.500	 0.000E+00	-3.561E+03	 1.843E+03
 557.550	 0.000E+00	-3.555E+03	 1.726E+03
 557.600	 0.000E+00	-3.545E+03	 1.617E+03
 557.650	 0.000E+00	-3.524E+03	 1.539E+03
 557.700	 0.000E+00	-3.498E+03	 1.487E+03
 557.750	 0.000E+00	-3.465E+03	 1.447E+03
 557.800	 0.000E+00	-3.424E+03	 1.437E+03
 557.850	 0.000E+00	-3.377E+03	 1.434E+03
 557.900	 0.000E+00	-3.323E+03	 1.426E+03
 557.950	 0.000E+00	-3.263E+03	 1.414E+03
 558.000	 0.000E+00	-3.203E+03	 1.401E+03
 558.050	 0.000E+00	-3.131E+03	 1.393E+03
 558.100	 0.000E+00	-3.059E+03	 1.384E+03
 558.150	 0.000E+00	-2.980E+03	 1.420E+03
 558.200	 0.000E+00	-2.899E+03	 1.473E+03
 558.250	 0.000E+00	-2.812E+03	 1.533E+03
 558.300	 0.000E+00	-2.730E+03	 1.602E+03
 558.350	 0.000E+00	-2.638E+03	 1.679E+03
 558.400	 0.000E+00	-2.552E+03	 1.745E+03
 558.450	 0.000E+00	-2.457E+03	 1.794E+03
 558.500	 0.000E+00	-2.362E+03	 1.835E+03
 558.550	 0.000E+00	-2.269E+03	 1.875E+03
 558.600	 0.000E+00	-2.159E+03	 1.932E+03
 558.650	 0.000E+00	-2.049E+03	 1.986E+03
 558.700	 0.000E+00	-1.943E+03	 2.070E+03
 558.750	 0.000E+00	-1.816E+03	 2.167E+03
 558.800	 0.000E+00	-1.688E+03	 2.257E+03
 558.850	 0.000E+00	-1.564E+03	 2.323E+03
 558.900	 0.000E+00	-1.443E+03	 2.327E+03
 558.950	 0.000E+00	-1.309E+03	 2.300E+03
 559.000	 0.000E+00	-1.186E+03	 2.245E+03
 559.050	 0.000E+00	-1.068E+03	 2.154E+03
 559.100	 0.000E+00	-9.369E+02	 2.088E+03
 559.150	 0.000E+00	-8.147E+02	 2.057E+03
 559.200	 0.000E+00	-6.970E+02	 2.039E+03
 559.250	 0.000E+00	-5.683E+02	 2.061E+03
 559.300	 0.000E+00	-4.350E+02	 2.115E+03
 559.350	 0.000E+00	-3.177E+02	 2.141E+03
 559.400	 0.000E+00	-1.839E+02	 2.177E+03
 559.450	 0.000E+00	-5.309E+01	 2.169E+03
 559.500	 0.000E+00	 7.198E+01	 2.162E+03
 559.550	 0.000E+00	 2.035E+02	 2.153E+03
 559.600	 0.000E+00	 3.396E+02	 2.128E+03
 559.650	 0.000E+00	 4.695E+02	 2.126E+03
 559.700	 0.000E+00	 5.997E+02	 2.101E+03
 559.750	 0.000E+00	 7.365E+02	 2.092E+03
 559.800	 0.000E+00	 8.737E+02	 2.090E+03
 559.850	 0.000E+00	 1.004E+03	 2.075E+03
 559.900	 0.000E+00	 1.143E+03	 2.089E+03
 559.950	 0.000E+00	 1.282E+03	 2.113E+03
 560.000	 0.000E+00	 1.410E+03	 2.134E+03
 560.050	 0.000E+00	 1.531E+03	 2.132E+03
 560.100	 0.000E+00	 1.654E+03	 2.169E+03
 560.150	 0.000E+00	 1.768E+03	 2.199E+03
 560.200	 0.000E+00	 1.877E+03	 2.230E+03
 560.250	 0.000E+00	 1.983E+03	 2.251E+03
 560.300	 0.000E+00	 2.085E+03	 2.275E+03
 560.350	 0.000E+00	 2.183E+03	 2.302E+03
 560.400	 0.000E+00	 2.285E+03	 2.314E+03
 560.450	 0.000E+00	 2.384E+03	 2.314E+03
 560.500	 0.000E+00	 2.483E+03	 2.293E+03
 560.550	 0.000E+00	 2.584E+03	 2.287E+03
 560.600	 0.000E+00	 2.681E+03	 2.275E+03
 560.650	 0.000E+00	 2.776E+03	 2.278E+03
 560.700	 0.000E+00	 2.876E+03	 2.322E+03
 560.750	 0.000E+00	 2.966E+03	 2.355E+03
 560.800	 0.000E+00	 3.049E+03	 2.384E+03
 560.850	 0.000E+00	 3.122E+03	 2.380E+03
 560.900	 0.000E+00	 3.189E+03	 2.362E+03
 560.950	 0.000E+00	 3.249E+03	 2.327E+03
 561.000	 0.000E+00	 3.301E+03	 2.268E+03
 561.050	 0.000E+00	 3.344E+03	 2.197E+03
 561.100	 0.000E+00	 3.385E+03	 2.180E+03
 561.150	 0.000E+00	 3.421E+03	 2.175E+03
 561.200	 0.000E+00	 3.451E+03	 2.181E+03
 561.250	 0.000E+00	 3.474E+03	 2.188E+03
 561.300	 0.000E+00	 3.501E+03	 2.220E+03
 561.350	 0.000E+00	 3.521E+03	 2.219E+03
 561.400	 0.000E+00	 3.538E+03	 2.192E+03
 561.450	 0.000E+00	 3.550E+03	 2.136E+03
 561.500	 0.000E+00	 3.564E+03	 2.054E+03
 561.550	 0.000E+00	 3.579E+03	 1.967E+03
 561.600	 0.000E+00	 3.589E+03	 1.898E+03
 561.650	 0.000E+00	 3.595E+03	 1.837E+03
 561.700	 0.000E+00	 3.599E+03	 1.798E+03
 561.750	 0.000E+00	 3.595E+03	 1.793E+03
 561.800	 0.000E+00	 3.585E+03	 1.813E+03
 561.850	 0.000E+00	 3.563E+03	 1.838E+03
 561.900	 0.000E+00	 3.537E+03	 1.849E+03
 561.950	 0.000E+00	 3.501E+03	 1.851E+03
 562.000	 0.000E+00	 3.460E+03	 1.840E+03
 562.050	 0.000E+00	 3.412E+03	 1.802E+03
 562.100	 0.000E+00	 3.362E+03	 1.782E+03
 562.150	 0.000E+00	 3.307E+03	 1.744E+03
 562.200	 0.000E+00	 3.254E+03	 1.717E+03
 562.250	 0.000E+00	 3.195E+03	 1.674E+03
 562.300	 0.000E+00	 3.137E+03	 1.642E+03
 562.350	 0.000E+00	 3.072E+03	 1.621E+03
 562.400	 0.000E+00	 3.006E+03	 1.586E+03
 562.450	 0.000E+00	 2.935E+03	 1.570E+03
 562.500	 0.000E+00	 2.852E+03	 1.534E+03
 562.550	 0.000E+00	 2.774E+03	 1.517E+03
 562.600	 0.000E+00	 2.682E+03	 1.470E+03
 562.650	 0.000E+00	 2.594E+03	 1.472E+03
 562.700	 0.000E+00	 2.493E+03	 1.447E+03
 562.750	 0.000E+00	 2.395E+03	 1.447E+03
 562.800	 0.000E+00	 2.291E+03	 1.450E+03
 562.850	 0.000E+00	 2.183E+03	 1.460E+03
 562.900	 0.000E+00	 2.078E+03	 1.453E+03
 562.950	 0.000E+00	 1.969E+03	 1.461E+03
 563.000	 0.000E+00	 1.854E+03	 1.463E+03
 563.050	 0.000E+00	 1.749E+03	 1.471E+03
 563.100	 0.000E+00	 1.643E+03	 1.502E+03
 563.150	 0.000E+00	 1.529E+03	 1.527E+03
 563.200	 0.000E+00	 1.426E+03	 1.544E+03
 563.250	 0.000E+00	 1.323E+03	 1.568E+03
 563.300	 0.000E+00	 1.207E+03	 1.570E+03
 563.350	 0.000E+00	 1.097E+03	 1.563E+03
 563.400	 0.000E+00	 9.872E+02	 1.542E+03
 563.450	 0.000E+00	 8.635E+02	 1.523E+03
 563.500	 0.000E+00	 7.337E+02	 1.491E+03
 563.550	 0.000E+00	 6.089E+02	 1.475E+03
 563.600	 0.000E+00	 4.706E+02	 1.473E+03
 563.650	 0.000E+00	 3.241E+02	 1.473E+03
 563.700	 0.000E+00	 1.800E+02	 1.483E+03
 563.750	 0.000E+00	 2.806E+01	 1.494E+03
 563.800	 0.000E+00	-1.134E+02	 1.508E+03
 563.850	 0.000E+00	-2.539E+02	 1.511E+03
 563.900	 0.000E+00	-3.933E+02	 1.497E+03
 563.950	 0.000E+00	-5.242E+02	 1.494E+03
 564.000	 0.000E+00	-6.513E+02	 1.485E+03
 564.050	 0.000E+00	-7.738E+02	 1.492E+03
 564.100	 0.000E+00	-8.948E+02	 1.508E+03
 564.150	 0.000E+00	-1.010E+03	 1.550E+03
 564.200	 0.000E+00	-1.120E+03	 1.603E+03
 564.250	 0.000E+00	-1.231E+03	 1.641E+03
 564.300	 0.000E+00	-1.346E+03	 1.651E+03
 564.350	 0.000E+00	-1.456E+03	 1.646E+03
 564.400	 0.000E+00	-1.565E+03	 1.626E+03
 564.450	 0.000E+00	-1.678E+03	 1.591E+03
 564.500	 0.000E+00	-1.791E+03	 1.565E+03
 564.550	 0.000E+00	-1.902E+03	 1.561E+03
 564.600	 0.000E+00	-2.018E+03	 1.562E+03
 564.650	 0.000E+00	-2.130E+03	 1.594E+03
 564.700	 0.000E+00	-2.241E+03	 1.622E+03
 564.750	 0.000E+00	-2.353E+03	 1.663E+03
 564.800	 0.000E+00	-2.462E+03	 1.671E+03
 564.850	 0.000E+00	-2.562E+03	 1.685E+03
 564.900	 0.000E+00	-2.658E+03	 1.686E+03
 564.950	 0.000E+00	-2.751E+03	 1.690E+03
 565.000	 0.000E+00	-2.831E+03	 1.719E+03
 565.050	 0.000E+00	-2.905E+03	 1.779E+03
 565.100	 0.000E+00	-2.970E+03	 1.866E+03
 565.150	 0.000E+00	-3.030E+03	 1.950E+03
 565.200	 0.000E+00	-3.087E+03	 2.037E+03
 565.250	 0.000E+00	-3.140E+03	 2.117E+03
 565.300	 0.000E+00	-3.196E+03	 2.150E+03
 565.350	 0.000E+00	-3.245E+03	 2.164E+03
 565.400	 0.000E+00	-3.292E+03	 2.161E+03
 565.450	 0.000E+00	-3.341E+03	 2.139E+03
 565.500	 0.000E+00	-3.389E+03	 2.109E+03
 565.550	 0.000E+00	-3.431E+03	 2.110E+03
 565.600	 0.000E+00	-3.473E+03	 2.104E+03
 565.650	 0.000E+00	-3.504E+03	 2.109E+03
 565.700	 0.000E+00	-3.533E+03	 2.109E+03
 565.750	 0.000E+00	-3.557E+03	 2.083E+03
 565.800	 0.000E+00	-3.569E+03	 2.038E+03
 565.850	 0.000E+00	-3.577E+03	 1.969E+03
 565.900	 0.000E+00	-3.575E+03	 1.890E+03
 565.950	 0.000E+00	-3.568E+03	 1.806E+03
 566.000	 0.000E+00	-3.550E+03	 1.749E+03
 566.050	 0.000E+00	-3.526E+03	 1.741E+03
 566.100	 0.000E+00	-3.500E+03	 1.750E+03
 566.150	 0.000E+00	-3.464E+03	 1.795E+03
 566.200	 0.000E+00	-3.427E+03	 1.870E+03
 566.250	 0.000E+00	-3.395E+03	 1.907E+03
 566.300	 0.000E+00	-3.358E+03	 1.929E+03
 566.350	 0.000E+00	-3.317E+03	 1.934E+03
 566.400	 0.000E+00	-3.278E+03	 1.920E+03
 566.450	 0.000E+00	-3.233E+03	 1.894E+03
 566.500	 0.000E+00	-3.184E+03	 1.888E+03
 566.550	 0.000E+00	-3.139E+03	 1.907E+03
 566.600	 0.000E+00	-3.079E+03	 1.955E+03
 566.650	 0.000E+00	-3.013E+03	 2.007E+03
 566.700	 0.000E+00	-2.950E+03	 2.044E+03
 566.750	 0.000E+00	-2.871E+03	 2.044E+03
 566.800	 0.000E+00	-2.792E+03	 2.025E+03
 566.850	 0.000E+00	-2.709E+03	 1.967E+03
 566.900	 0.000E+00	-2.615E+03	 1.902E+03
 566.950	 0.000E+00	-2.512E+03	 1.848E+03
 567.000	 0.000E+00	-2.419E+03	 1.789E+03
 567.050	 0.000E+00	-2.311E+03	 1.767E+03
 567.100	 0.000E+00	-2.201E+03	 1.757E+03
 567.150	 0.000E+00	-2.096E+03	 1.760E+03
 567.200	 0.000E+00	-1.985E+03	 1.735E+03
 567.250	 0.000E+00	-1.876E+03	 1.709E+03
 567.300	 0.000E+00	-1.768E+03	 1.652E+03
 567.350	 0.000E+00	-1.661E+03	 1.582E+03
 567.400	 0.000E+00	-1.551E+03	 1.522E+03
 567.450	 0.000E+00	-1.438E+03	 1.486E+03
 567.500	 0.000E+00	-1.326E+03	 1.471E+03
 567.550	 0.000E+00	-1.205E+03	 1.529E+03
 567.600	 0.000E+00	-1.077E+03	 1.632E+03
 567.650	 0.000E+00	-9.493E+02	 1.745E+03
 567.700	 0.000E+00	-8.109E+02	 1.895E+03
 567.750	 0.000E+00	-6.757E+02	 2.001E+03
 567.800	 0.000E+00	-5.317E+02	 2.093E+03
 567.850	 0.000E+00	-3.844E+02	 2.177E+03
 567.900	 0.000E+00	-2.366E+02	 2.220E+03
 567.950	 0.000E+00	-9.128E+01	 2.295E+03
 568.000	 0.000E+00	 6.062E+01	 2.379E+03
 568.050	 0.000E+00	 2.143E+02	 2.483E+03
 568.100	 0.000E+00	 3.578E+02	 2.573E+03
 568.150	 0.000E+00	 4.985E+02	 2.642E+03
 568.200	 0.000E+00	 6.359E+02	 2.653E+03
 568.250	 0.000E+00	 7.662E+02	 2.623E+03
 568.300	 0.000E+00	 8.839E+02	 2.545E+03
 568.350	 0.000E+00	 1.007E+03	 2.424E+03
 568.400	 0.000E+00	 1.119E+03	 2.288E+03
 568.450	 0.000E+00	 1.224E+03	 2.153E+03
 568.500	 0.000E+00	 1.337E+03	 2.061E+03
 568.550	 0.000E+00	 1.447E+03	 2.004E+03
 568.600	 0.000E+00	 1.554E+03	 1.951E+03
 568.650	 0.000E+00	 1.664E+03	 1.919E+03
 568.700	 0.000E+00	 1.775E+03	 1.877E+03
 568.750	 0.000E+00	 1.884E+03	 1.832E+03
 568.800	 0.000E+00	 1.995E+03	 1.765E+03
 568.850	 0.000E+00	 2.105E+03	 1.703E+03
 568.900	 0.000E+00	 2.213E+03	 1.658E+03
 568.950	 0.000E+00	 2.320E+03	 1.627E+03
 569.000	 0.000E+00	 2.431E+03	 1.660E+03
 569.050	 0.000E+00	 2.535E+03	 1.716E+03
 569.100	 0.000E+00	 2.637E+03	 1.824E+03
 569.150	 0.000E+00	 2.736E+03	 1.946E+03
 569.200	 0.000E+00	 2.833E+03	 2.090E+03
 569.250	 0.000E+00	 2.925E+03	 2.232E+03
 569.300	 0.000E+00	 3.012E+03	 2.359E+03
 569.350	 0.000E+00	 3.094E+03	 2.487E+03
 569.400	 0.000E+00	 3.170E+03	 2.594E+03
 569.450	 0.000E+00	 3.237E+03	 2.673E+03
 569.500	 0.000E+00	 3.301E+03	 2.755E+03
 569.550	 0.000E+00	 3.362E+03	 2.812E+03
 569.600	 0.000E+00	 3.412E+03	 2.809E+03
 569.650	 0.000E+00	 3.458E+03	 2.789E+03
 569.700	 0.000E+00	 3.497E+03	 2.733E+03
 569.750	 0.000E+00	 3.531E+03	 2.635E+03
 569.800	 0.000E+00	 3.557E+03	 2.522E+03
 569.850	 0.000E+00	 3.578E+03	 2.401E+03
 569.900	 0.000E+00	 3.593E+03	 2.289E+03
 569.950	 0.000E+00	 3.604E+03	 2.176E+03
 570.000	 0.000E+00	 3.608E+03	 2.083E+03
 570.050	 0.000E+00	 3.609E+03	 1.990E+03
 570.100	 0.000E+00	 3.606E+03	 1.916E+03
 570.150	 0.000E+00	 3.599E+03	 1.852E+03
 570.200	 0.000E+00	 3.588E+03	 1.781E+03
 570.250	 0.000E+00	 3.574E+03	 1.725E+03
 570.300	 0.000E+00	 3.559E+03	 1.683E+03
 570.350	 0.000E+00	 3.536E+03	 1.645E+03
 570.400	 0.000E+00	 3.517E+03	 1.631E+03
 570.450	 0.000E+00	 3.488E+03	 1.627E+03
 570.500	 0.000E+00	 3.462E+03	 1.650E+03
 570.550	 0.000E+00	 3.430E+03	 1.677E+03
 570.600	 0.000E+00	 3.396E+03	 1.719E+03
 570.650	 0.000E+00	 3.356E+03	 1.751E+03
 570.700	 0.000E+00	 3.311E+03	 1.771E+03
 570.750	 0.000E+00	 3.262E+03	 1.767E+03
 570.800	 0.000E+00	 3.206E+03	 1.765E+03
 570.850	 0.000E+00	 3.140E+03	 1.741E+03
 570.900	 0.000E+00	 3.071E+03	 1.726E+03
 570.950	 0.000E+00	 3.000E+03	 1.722E+03
 571.000	 0.000E+00	 2.913E+03	 1.711E+03
 571.050	 0.000E+00	 2.829E+03	 1.715E+03
 571.100	 0.000E+00	 2.741E+03	 1.716E+03
 571.150	 0.000E+00	 2.643E+03	 1.704E+03
 571.200	 0.000E+00	 2.554E+03	 1.685E+03
 571.250	 0.000E+00	 2.454E+03	 1.652E+03
 571.300	 0.000E+00	 2.354E+03	 1.620E+03
 571.350	 0.000E+00	 2.252E+03	 1.575E+03
 571.400	 0.000E+00	 2.151E+03	 1.541E+03
 571.450	 0.000E+00	 2.046E+03	 1.512E+03
 571.500	 0.000E+00	 1.941E+03	 1.498E+03
 571.550	 0.000E+00	 1.835E+03	 1.499E+03
 571.600	 0.000E+00	 1.725E+03	 1.517E+03
 571.650	 0.000E+00	 1.613E+03	 1.533E+03
 571.700	 0.000E+00	 1.494E+03	 1.553E+03
 571.750	 0.000E+00	 1.379E+03	 1.576E+03
 571.800	 0.000E+00	 1.251E+03	 1.572E+03
 571.850	 0.000E+00	 1.123E+03	 1.573E+03
 571.900	 0.000E+00	 9.952E+02	 1.571E+03
 571.950	 0.000E+00	 8.627E+02	 1.564E+03
 572.000	 0.000E+00	 7.304E+02	 1.539E+03
 572.050	 0.000E+00	 5.969E+02	 1.545E+03
 572.100	 0.000E+00	 4.602E+02	 1.542E+03
 572.150	 0.000E+00	 3.248E+02	 1.562E+03
 572.200	 0.000E+00	 1.878E+02	 1.574E+03
 572.250	 0.000E+00	 5.463E+01	 1.597E+03
 572.300	 0.000E+00	-7.865E+01	 1.604E+03
 572.350	 0.000E+00	-2.106E+02	 1.598E+03
 572.400	 0.000E+00	-3.378E+02	 1.588E+03
 572.450	 0.000E+00	-4.640E+02	 1.585E+03
 572.500	 0.000E+00	-5.914E+02	 1.572E+03
 572.550	 0.000E+00	-7.154E+02	 1.570E+03
 572.600	 0.000E+00	-8.305E+02	 1.588E+03
 572.650	 0.000E+00	-9.524E+02	 1.619E+03
 572.700	 0.000E+00	-1.075E+03	 1.653E+03
 572.750	 0.000E+00	-1.191E+03	 1.686E+03
 572.800	 0.000E+00	-1.306E+03	 1.718E+03
 572.850	 0.000E+00	-1.427E+03	 1.707E+03
 572.900	 0.000E+00	-1.545E+03	 1.702E+03
 572.950	 0.000E+00	-1.659E+03	 1.669E+03
 573.000	 0.000E+00	-1.769E+03	 1.643E+03
 573.050	 0.000E+00	-1.882E+03	 1.627E+03
 573.100	 0.000E+00	-1.993E+03	 1.636E+03
 573.150	 0.000E+00	-2.093E+03	 1.675E+03
 573.200	 0.000E+00	-2.197E+03	 1.713E+03
 573.250	 0.000E+00	-2.297E+03	 1.750E+03
 573.300	 0.000E+00	-2.391E+03	 1.780E+03
 573.350	 0.000E+00	-2.486E+03	 1.781E+03
 573.400	 0.000E+00	-2.578E+03	 1.762E+03
 573.450	 0.000E+00	-2.667E+03	 1.742E+03
 573.500	 0.000E+00	-2.753E+03	 1.728E+03
 573.550	 0.000E+00	-2.836E+03	 1.715E+03
 573.600	 0.000E+00	-2.916E+03	 1.730E+03
 573.650	 0.000E+00	-2.997E+03	 1.753E+03
 573.700	 0.000E+00	-3.069E+03	 1.780E+03
 573.750	 0.000E+00	-3.141E+03	 1.788E+03
 573.800	 0.000E+00	-3.209E+03	 1.783E+03
 573.850	 0.000E+00	-3.272E+03	 1.754E+03
 573.900	 0.000E+00	-3.329E+03	 1.721E+03
 573.950	 0.000E+00	-3.384E+03	 1.665E+03
 574.000	 0.000E+00	-3.428E+03	 1.630E+03
 574.050	 0.000E+00	-3.468E+03	 1.618E+03
 574.100	 0.000E+00	-3.500E+03	 1.641E+03
 574.150	 0.000E+00	-3.523E+03	 1.704E+03
 574.200	 0.000E+00	-3.535E+03	 1.791E+03
 574.250	 0.000E+00	-3.544E+03	 1.868E+03
 574.300	 0.000E+00	-3.545E+03	 1.941E+03
 574.350	 0.000E+00	-3.543E+03	 1.983E+03
 574.400	 0.000E+00	-3.533E+03	 1.998E+03
 574.450	 0.000E+00	-3.524E+03	 1.973E+03
 574.500	 0.000E+00	-3.511E+03	 1.945E+03
 574.550	 0.000E+00	-3.498E+03	 1.908E+03
 574.600	 0.000E+00	-3.477E+03	 1.907E+03
 574.650	 0.000E+00	-3.457E+03	 1.912E+03
 574.700	 0.000E+00	-3.438E+03	 1.916E+03
 574.750	 0.000E+00	-3.412E+03	 1.919E+03
 574.800	 0.000E+00	-3.391E+03	 1.878E+03
 574.850	 0.000E+00	-3.363E+03	 1.813E+03
 574.900	 0.000E+00	-3.334E+03	 1.717E+03
 574.950	 0.000E+00	-3.302E+03	 1.601E+03
 575.000	 0.000E+00	-3.261E+03	 1.503E+03
 575.050	 0.000E+00	-3.213E+03	 1.450E+03
 575.100	 0.000E+00	-3.156E+03	 1.430E+03
 575.150	 0.000E+00	-3.090E+03	 1.452E+03
 575.200	 0.000E+00	-3.017E+03	 1.496E+03
 575.250	 0.000E+00	-2.941E+03	 1.557E+03
 575.300	 0.000E+00	-2.851E+03	 1.607E+03
 575.350	 0.000E+00	-2.763E+03	 1.630E+03
 575.400	 0.000E+00	-2.666E+03	 1.646E+03
 575.450	 0.000E+00	-2.565E+03	 1.666E+03
 575.500	 0.000E+00	-2.469E+03	 1.693E+03
 575.550	 0.000E+00	-2.358E+03	 1.742E+03
 575.600	 0.000E+00	-2.251E+03	 1.809E+03
 575.650	 0.000E+00	-2.144E+03	 1.883E+03
 575.700	 0.000E+00	-2.031E+03	 1.941E+03
 575.750	 0.000E+00	-1.916E+03	 1.963E+03
 575.800	 0.000E+00	-1.815E+03	 1.970E+03
 575.850	 0.000E+00	-1.699E+03	 1.957E+03
 575.900	 0.000E+00	-1.592E+03	 1.920E+03
 575.950	 0.000E+00	-1.475E+03	 1.917E+03
 576.000	 0.000E+00	-1.361E+03	 1.908E+03
 576.050	 0.000E+00	-1.240E+03	 1.922E+03
 576.100	 0.000E+00	-1.115E+03	 1.966E+03
 576.150	 0.000E+00	-9.926E+02	 2.004E+03
 576.200	 0.000E+00	-8.599E+02	 2.043E+03
 576.250	 0.000E+00	-7.254E+02	 2.080E+03
 576.300	 0.000E+00	-5.918E+02	 2.109E+03
 576.350	 0.000E+00	-4.564E+02	 2.133E+03
 576.400	 0.000E+00	-3.126E+02	 2.162E+03
 576.450	 0.000E+00	-1.784E+02	 2.188E+03
 576.500	 0.000E+00	-4.327E+01	 2.214E+03
 576.550	 0.000E+00	 9.711E+01	 2.267E+03
 576.600	 0.000E+00	 2.324E+02	 2.308E+03
 576.650	 0.000E+00	 3.623E+02	 2.352E+03
 576.700	 0.000E+00	 4.961E+02	 2.359E+03
 576.750	 0.000E+00	 6.266E+02	 2.371E+03
 576.800	 0.000E+00	 7.508E+02	 2.347E+03
 576.850	 0.000E+00	 8.759E+02	 2.298E+03
 576.900	 0.000E+00	 1.002E+03	 2.246E+03
 576.950	 0.000E+00	 1.123E+03	 2.190E+03
 577.000	 0.000E+00	 1.245E+03	 2.110E+03
 577.050	 0.000E+00	 1.370E+03	 2.028E+03
 577.100	 0.000E+00	 1.487E+03	 1.936E+03
 577.150	 0.000E+00	 1.604E+03	 1.845E+03
 577.200	 0.000E+00	 1.719E+03	 1.756E+03
 577.250	 0.000E+00	 1.834E+03	 1.696E+03
 577.300	 0.000E+00	 1.944E+03	 1.641E+03
 577.350	 0.000E+00	 2.055E+03	 1.613E+03
 577.400	 0.000E+00	 2.158E+03	 1.608E+03
 577.450	 0.000E+00	 2.264E+03	 1.650E+03
 577.500	 0.000E+00	 2.368E+03	 1.689E+03
 577.550	 0.000E+00	 2.470E+03	 1.746E+03
 577.600	 0.000E+00	 2.566E+03	 1.792E+03
 577.650	 0.000E+00	 2.669E+03	 1.883E+03
 577.700	 0.000E+00	 2.766E+03	 1.968E+03
 577.750	 0.000E+00	 2.858E+03	 2.055E+03
 577.800	 0.000E+00	 2.948E+03	 2.147E+03
 577.850	 0.000E+00	 3.033E+03	 2.219E+03
 577.900	 0.000E+00	 3.111E+03	 2.271E+03
 577.950	 0.000E+00	 3.190E+03	 2.314E+03
 578.000	 0.000E+00	 3.264E+03	 2.350E+03
 578.050	 0.000E+00	 3.336E+03	 2.410E+03
 578.100	 0.000E+00	 3.391E+03	 2.409E+03
 578.150	 0.000E+00	 3.450E+03	 2.467E+03
 578.200	 0.000E+00	 3.502E+03	 2.524E+03
 578.250	 0.000E+00	 3.542E+03	 2.555E+03
 578.300	 0.000E+00	 3.579E+03	 2.603E+03
 578.350	 0.000E+00	 3.607E+03	 2.621E+03
 578.400	 0.000E+00	 3.625E+03	 2.576E+03
 578.450	 0.000E+00	 3.635E+03	 2.496E+03
 578.500	 0.000E+00	 3.640E+03	 2.398E+03
 578.550	 0.000E+00	 3.641E+03	 2.303E+03
 578.600	 0.000E+00	 3.642E+03	 2.237E+03
 578.650	 0.000E+00	 3.633E+03	 2.198E+03
 578.700	 0.000E+00	 3.627E+03	 2.200E+03
 578.750	 0.000E+00	 3.619E+03	 2.234E+03
 578.800	 0.000E+00	 3.601E+03	 2.255E+03
 578.850	 0.000E+00	 3.582E+03	 2.271E+03
 578.900	 0.000E+00	 3.562E+03	 2.265E+03
 578.950	 0.000E+00	 3.533E+03	 2.216E+03
 579.000	 0.000E+00	 3.506E+03	 2.127E+03
 579.050	 0.000E+00	 3.472E+03	 2.035E+03
 579.100	 0.000E+00	 3.429E+03	 1.975E+03
 579.150	 0.000E+00	 3.384E+03	 1.921E+03
 579.200	 0.000E+00	 3.338E+03	 1.907E+03
 579.250	 0.000E+00	 3.285E+03	 1.931E+03
 579.300	 0.000E+00	 3.226E+03	 1.944E+03
 579.350	 0.000E+00	 3.163E+03	 1.937E+03
 579.400	 0.000E+00	 3.095E+03	 1.917E+03
 579.450	 0.000E+00	 3.014E+03	 1.858E+03
 579.500	 0.000E+00	 2.935E+03	 1.781E+03
 579.550	 0.000E+00	 2.852E+03	 1.709E+03
 579.600	 0.000E+00	 2.764E+03	 1.652E+03
 579.650	 0.000E+00	 2.683E+03	 1.622E+03
 579.700	 0.000E+00	 2.592E+03	 1.591E+03
 579.750	 0.000E+00	 2.506E+03	 1.613E+03
 579.800	 0.000E+00	 2.411E+03	 1.625E+03
 579.850	 0.000E+00	 2.318E+03	 1.631E+03
 579.900	 0.000E+00	 2.218E+03	 1.641E+03
 579.950	 0.000E+00	 2.120E+03	 1.627E+03
 580.000	 0.000E+00	 2.016E+03	 1.607E+03
 580.050	 0.000E+00	 1.908E+03	 1.603E+03
 580.100	 0.000E+00	 1.796E+03	 1.594E+03
 580.150	 0.000E+00	 1.688E+03	 1.614E+03
 580.200	 0.000E+00	 1.570E+03	 1.639E+03
 580.250	 0.000E+00	 1.452E+03	 1.654E+03
 580.300	 0.000E+00	 1.336E+03	 1.690E+03
 580.350	 0.000E+00	 1.214E+03	 1.697E+03
 580.400	 0.000E+00	 1.085E+03	 1.701E+03
 580.450	 0.000E+00	 9.603E+02	 1.704E+03
 580.500	 0.000E+00	 8.329E+02	 1.691E+03
 580.550	 0.000E+00	 6.975E+02	 1.680E+03
 580.600	 0.000E+00	 5.718E+02	 1.673E+03
 580.650	 0.000E+00	 4.356E+02	 1.658E+03
 580.700	 0.000E+00	 3.026E+02	 1.652E+03
 580.750	 0.000E+00	 1.721E+02	 1.660E+03
 580.800	 0.000E+00	 3.177E+01	 1.643E+03
 580.850	 0.000E+00	-9.611E+01	 1.653E+03
 580.900	 0.000E+00	-2.293E+02	 1.633E+03
 580.950	 0.000E+00	-3.665E+02	 1.606E+03
 581.000	 0.000E+00	-4.989E+02	 1.592E+03
 581.050	 0.000E+00	-6.322E+02	 1.578E+03
 581.100	 0.000E+00	-7.680E+02	 1.574E+03
 581.150	 0.000E+00	-8.982E+02	 1.566E+03
 581.200	 0.000E+00	-1.025E+03	 1.582E+03
 581.250	 0.000E+00	-1.157E+03	 1.584E+03
 581.300	 0.000E+00	-1.282E+03	 1.605E+03
 581.350	 0.000E+00	-1.401E+03	 1.619E+03
 581.400	 0.000E+00	-1.517E+03	 1.644E+03
 581.450	 0.000E+00	-1.631E+03	 1.652E+03
 581.500	 0.000E+00	-1.741E+03	 1.656E+03
 581.550	 0.000E+00	-1.850E+03	 1.651E+03
 581.600	 0.000E+00	-1.956E+03	 1.661E+03
 581.650	 0.000E+00	-2.057E+03	 1.669E+03
 581.700	 0.000E+00	-2.159E+03	 1.685E+03
 581.750	 0.000E+00	-2.262E+03	 1.701E+03
 581.800	 0.000E+00	-2.360E+03	 1.735E+03
 581.850	 0.000E+00	-2.454E+03	 1.780E+03
 581.900	 0.000E+00	-2.547E+03	 1.827E+03
 581.950	 0.000E+00	-2.638E+03	 1.870E+03
 582.000	 0.000E+00	-2.724E+03	 1.921E+03
 582.050	 0.000E+00	-2.808E+03	 1.950E+03
 582.100	 0.000E+00	-2.885E+03	 1.969E+03
 582.150	 0.000E+00	-2.957E+03	 1.964E+03
 582.200	 0.000E+00	-3.027E+03	 1.921E+03
 582.250	 0.000E+00	-3.092E+03	 1.879E+03
 582.300	 0.000E+00	-3.149E+03	 1.849E+03
 582.350	 0.000E+00	-3.206E+03	 1.814E+03
 582.400	 0.000E+00	-3.256E+03	 1.801E+03
 582.450	 0.000E+00	-3.305E+03	 1.797E+03
 582.500	 0.000E+00	-3.348E+03	 1.811E+03
 582.550	 0.000E+00	-3.388E+03	 1.822E+03
 582.600	 0.000E+00	-3.424E+03	 1.833E+03
 582.650	 0.000E+00	-3.457E+03	 1.830E+03
 582.700	 0.000E+00	-3.483E+03	 1.848E+03
 582.750	 0.000E+00	-3.507E+03	 1.869E+03
 582.800	 0.000E+00	-3.520E+03	 1.904E+03
 582.850	 0.000E+00	-3.529E+03	 1.943E+03
 582.900	 0.000E+00	-3.530E+03	 1.993E+03
 582.950	 0.000E+00	-3.527E+03	 2.020E+03
 583.000	 0.000E+00	-3.523E+03	 2.027E+03
 583.050	 0.000E+00	-3.516E+03	 2.003E+03
 583.100	 0.000E+00	-3.503E+03	 1.955E+03
 583.150	 0.000E+00	-3.490E+03	 1.889E+03
 583.200	 0.000E+00	-3.472E+03	 1.816E+03
 583.250	 0.000E+00	-3.452E+03	 1.730E+03
 583.300	 0.000E+00	-3.429E+03	 1.676E+03
 583.350	 0.000E+00	-3.406E+03	 1.637E+03
 583.400	 0.000E+00	-3.377E+03	 1.608E+03
 583.450	 0.000E+00	-3.341E+03	 1.608E+03
 583.500	 0.000E+00	-3.305E+03	 1.611E+03
 583.550	 0.000E+00	-3.252E+03	 1.617E+03
 583.600	 0.000E+00	-3.200E+03	 1.595E+03
 583.650	 0.000E+00	-3.136E+03	 1.607E+03
 583.700	 0.000E+00	-3.067E+03	 1.600E+03
 583.750	 0.000E+00	-2.989E+03	 1.625E+03
 583.800	 0.000E+00	-2.905E+03	 1.646E+03
 583.850	 0.000E+00	-2.818E+03	 1.689E+03
 583.900	 0.000E+00	-2.716E+03	 1.763E+03
 583.950	 0.000E+00	-2.617E+03	 1.835E+03
 584.000	 0.000E+00	-2.517E+03	 1.883E+03
 584.050	 0.000E+00	-2.407E+03	 1.924E+03
 584.100	 0.000E+00	-2.304E+03	 1.935E+03
 584.150	 0.000E+00	-2.200E+03	 1.930E+03
 584.200	 0.000E+00	-2.088E+03	 1.920E+03
 584.250	 0.000E+00	-1.982E+03	 1.890E+03
 584.300	 0.000E+00	-1.874E+03	 1.889E+03
 584.350	 0.000E+00	-1.759E+03	 1.904E+03
 584.400	 0.000E+00	-1.658E+03	 1.910E+03
 584.450	 0.000E+00	-1.547E+03	 1.950E+03
 584.500	 0.000E+00	-1.429E+03	 1.973E+03
 584.550	 0.000E+00	-1.318E+03	 1.950E+03
 584.600	 0.000E+00	-1.196E+03	 1.929E+03
 584.650	 0.000E+00	-1.068E+03	 1.869E+03
 584.700	 0.000E+00	-9.394E+02	 1.811E+03
 584.750	 0.000E+00	-8.042E+02	 1.770E+03
 584.800	 0.000E+00	-6.681E+02	 1.761E+03
 584.850	 0.000E+00	-5.332E+02	 1.788E+03
 584.900	 0.000E+00	-3.894E+02	 1.882E+03
 584.950	 0.000E+00	-2.499E+02	 1.985E+03
 585.000	 0.000E+00	-1.127E+02	 2.088E+03
 585.050	 0.000E+00	 2.316E+01	 2.168E+03
 585.100	 0.000E+00	 1.560E+02	 2.207E+03
 585.150	 0.000E+00	 2.882E+02	 2.228E+03
 585.200	 0.000E+00	 4.153E+02	 2.223E+03
 585.250	 0.000E+00	 5.530E+02	 2.217E+03
 585.300	 0.000E+00	 6.837E+02	 2.242E+03
 585.350	 0.000E+00	 8.124E+02	 2.287E+03
 585.400	 0.000E+00	 9.490E+02	 2.355E+03
 585.450	 0.000E+00	 1.083E+03	 2.424E+03
 585.500	 0.000E+00	 1.208E+03	 2.457E+03
 585.550	 0.000E+00	 1.341E+03	 2.465E+03
 585.600	 0.000E+00	 1.467E+03	 2.407E+03
 585.650	 0.000E+00	 1.579E+03	 2.317E+03
 585.700	 0.000E+00	 1.698E+03	 2.208E+03
 585.750	 0.000E+00	 1.810E+03	 2.119E+03
 585.800	 0.000E+00	 1.915E+03	 2.079E+03
 585.850	 0.000E+00	 2.027E+03	 2.086E+03
 585.900	 0.000E+00	 2.131E+03	 2.124E+03
 585.950	 0.000E+00	 2.231E+03	 2.169E+03
 586.000	 0.000E+00	 2.336E+03	 2.216E+03
 586.050	 0.000E+00	 2.434E+03	 2.201E+03
 586.100	 0.000E+00	 2.530E+03	 2.156E+03
 586.150	 0.000E+00	 2.626E+03	 2.091E+03
 586.200	 0.000E+00	 2.716E+03	 2.013E+03
 586.250	 0.000E+00	 2.807E+03	 1.979E+03
 586.300	 0.000E+00	 2.899E+03	 1.997E+03
 586.350	 0.000E+00	 2.989E+03	 2.077E+03
 586.400	 0.000E+00	 3.076E+03	 2.195E+03
 586.450	 0.000E+00	 3.156E+03	 2.300E+03
 586.500	 0.000E+00	 3.234E+03	 2.409E+03
 586.550	 0.000E+00	 3.305E+03	 2.453E+03
 586.600	 0.000E+00	 3.371E+03	 2.449E+03
 586.650	 0.000E+00	 3.428E+03	 2.400E+03
 586.700	 0.000E+00	 3.474E+03	 2.313E+03
 586.750	 0.000E+00	 3.515E+03	 2.276E+03
 586.800	 0.000E+00	 3.545E+03	 2.241E+03
 586.850	 0.000E+00	 3.574E+03	 2.276E+03
 586.900	 0.000E+00	 3.598E+03	 2.354E+03
 586.950	 0.000E+00	 3.617E+03	 2.420E+03
 587.000	 0.000E+00	 3.632E+03	 2.485E+03
 587.050	 0.000E+00	 3.643E+03	 2.519E+03
 587.100	 0.000E+00	 3.653E+03	 2.502E+03
 587.150	 0.000E+00	 3.662E+03	 2.457E+03
 587.200	 0.000E+00	 3.665E+03	 2.395E+03
 587.250	 0.000E+00	 3.667E+03	 2.344E+03
 587.300	 0.000E+00	 3.659E+03	 2.267E+03
 587.350	 0.000E+00	 3.648E+03	 2.242E+03
 587.400	 0.000E+00	 3.625E+03	 2.243E+03
 587.450	 0.000E+00	 3.599E+03	 2.258E+03
 587.500	 0.000E+00	 3.568E+03	 2.272E+03
 587.550	 0.000E+00	 3.535E+03	 2.271E+03
 587.600	 0.000E+00	 3.485E+03	 2.207E+03
 587.650	 0.000E+00	 3.436E+03	 2.144E+03
 587.700	 0.000E+00	 3.377E+03	 2.060E+03
 587.750	 0.000E+00	 3.312E+03	 1.982E+03
 587.800	 0.000E+00	 3.250E+03	 1.931E+03
 587.850	 0.000E+00	 3.175E+03	 1.868E+03
 587.900	 0.000E+00	 3.100E+03	 1.847E+03
 587.950	 0.000E+00	 3.022E+03	 1.824E+03
 588.000	 0.000E+00	 2.946E+03	 1.812E+03
 588.050	 0.000E+00	 2.865E+03	 1.779E+03
 588.100	 0.000E+00	 2.785E+03	 1.761E+03
 588.150	 0.000E+00	 2.699E+03	 1.721E+03
 588.200	 0.000E+00	 2.617E+03	 1.701E+03
 588.250	 0.000E+00	 2.532E+03	 1.678E+03
 588.300	 0.000E+00	 2.443E+03	 1.667E+03
 588.350	 0.000E+00	 2.352E+03	 1.661E+03
 588.400	 0.000E+00	 2.253E+03	 1.662E+03
 588.450	 0.000E+00	 2.151E+03	 1.661E+03
 588.500	 0.000E+00	 2.045E+03	 1.665E+03
 588.550	 0.000E+00	 1.933E+03	 1.679E+03
 588.600	 0.000E+00	 1.820E+03	 1.702E+03
 588.650	 0.000E+00	 1.704E+03	 1.731E+03
 588.700	 0.000E+00	 1.581E+03	 1.753E+03
 588.750	 0.000E+00	 1.462E+03	 1.784E+03
 588.800	 0.000E+00	 1.344E+03	 1.801E+03
 588.850	 0.000E+00	 1.221E+03	 1.814E+03
 588.900	 0.000E+00	 1.098E+03	 1.813E+03
 588.950	 0.000E+00	 9.775E+02	 1.795E+03
 589.000	 0.000E+00	 8.566E+02	 1.782E+03
 589.050	 0.000E+00	 7.331E+02	 1.765E+03
 589.100	 0.000E+00	 6.077E+02	 1.739E+03
 589.150	 0.000E+00	 4.843E+02	 1.739E+03
 589.200	 0.000E+00	 3.575E+02	 1.731E+03
 589.250	 0.000E+00	 2.261E+02	 1.718E+03
 589.300	 0.000E+00	 9.291E+01	 1.707E+03
 589.350	 0.000E+00	-4.326E+01	 1.676E+03
 589.400	 0.000E+00	-1.806E+02	 1.645E+03
 589.450	 0.000E+00	-3.198E+02	 1.604E+03
 589.500	 0.000E+00	-4.583E+02	 1.570E+03
 589.550	 0.000E+00	-6.005E+02	 1.538E+03
 589.600	 0.000E+00	-7.400E+02	 1.540E+03
 589.650	 0.000E+00	-8.741E+02	 1.541E+03
 589.700	 0.000E+00	-1.008E+03	 1.566E+03
 589.750	 0.000E+00	-1.138E+03	 1.593E+03
 589.800	 0.000E+00	-1.262E+03	 1.620E+03
 589.850	 0.000E+00	-1.383E+03	 1.644E+03
 589.900	 0.000E+00	-1.499E+03	 1.652E+03
 589.950	 0.000E+00	-1.610E+03	 1.654E+03
 590.000	 0.000E+00	-1.717E+03	 1.659E+03
 590.050	 0.000E+00	-1.821E+03	 1.661E+03
 590.100	 0.000E+00	-1.922E+03	 1.692E+03
 590.150	 0.000E+00	-2.023E+03	 1.715E+03
 590.200	 0.000E+00	-2.122E+03	 1.752E+03
 590.250	 0.000E+00	-2.224E+03	 1.777E+03
 590.300	 0.000E+00	-2.323E+03	 1.812E+03
 590.350	 0.000E+00	-2.425E+03	 1.812E+03
 590.400	 0.000E+00	-2.525E+03	 1.824E+03
 590.450	 0.000E+00	-2.617E+03	 1.839E+03
 590.500	 0.000E+00	-2.707E+03	 1.872E+03
 590.550	 0.000E+00	-2.792E+03	 1.909E+03
 590.600	 0.000E+00	-2.870E+03	 1.957E+03
 590.650	 0.000E+00	-2.941E+03	 2.005E+03
 590.700	 0.000E+00	-3.004E+03	 2.041E+03
 590.750	 0.000E+00	-3.065E+03	 2.055E+03
 590.800	 0.000E+00	-3.120E+03	 2.036E+03
 590.850	 0.000E+00	-3.171E+03	 2.019E+03
 590.900	 0.000E+00	-3.217E+03	 2.000E+03
 590.950	 0.000E+00	-3.265E+03	 1.975E+03
 591.000	 0.000E+00	-3.309E+03	 1.961E+03
 591.050	 0.000E+00	-3.350E+03	 1.975E+03
 591.100	 0.000E+00	-3.390E+03	 1.985E+03
 591.150	 0.000E+00	-3.427E+03	 2.006E+03
 591.200	 0.000E+00	-3.457E+03	 2.040E+03
 591.250	 0.000E+00	-3.486E+03	 2.040E+03
 591.300	 0.000E+00	-3.507E+03	 2.034E+03
 591.350	 0.000E+00	-3.526E+03	 2.008E+03
 591.400	 0.000E+00	-3.537E+03	 1.953E+03
 591.450	 0.000E+00	-3.544E+03	 1.895E+03
 591.500	 0.000E+00	-3.543E+03	 1.849E+03
 591.550	 0.000E+00	-3.538E+03	 1.799E+03
 591.600	 0.000E+00	-3.525E+03	 1.774E+03
 591.650	 0.000E+00	-3.510E+03	 1.756E+03
 591.700	 0.000E+00	-3.491E+03	 1.749E+03
 591.750	 0.000E+00	-3.461E+03	 1.747E+03
 591.800	 0.000E+00	-3.435E+03	 1.733E+03
 591.850	 0.000E+00	-3.398E+03	 1.707E+03
 591.900	 0.000E+00	-3.361E+03	 1.683E+03
 591.950	 0.000E+00	-3.322E+03	 1.660E+03
 592.000	 0.000E+00	-3.275E+03	 1.650E+03
 592.050	 0.000E+00	-3.224E+03	 1.666E+03
 592.100	 0.000E+00	-3.172E+03	 1.692E+03
 592.150	 0.000E+00	-3.107E+03	 1.728E+03
 592.200	 0.000E+00	-3.042E+03	 1.769E+03
 592.250	 0.000E+00	-2.971E+03	 1.806E+03
 592.300	 0.000E+00	-2.886E+03	 1.818E+03
 592.350	 0.000E+00	-2.804E+03	 1.823E+03
 592.400	 0.000E+00	-2.717E+03	 1.829E+03
 592.450	 0.000E+00	-2.617E+03	 1.831E+03
 592.500	 0.000E+00	-2.516E+03	 1.863E+03
 592.550	 0.000E+00	-2.418E+03	 1.889E+03
 592.600	 0.000E+00	-2.305E+03	 1.924E+03
 592.650	 0.000E+00	-2.203E+03	 1.918E+03
 592.700	 0.000E+00	-2.098E+03	 1.903E+03
 592.750	 0.000E+00	-1.988E+03	 1.855E+03
 592.800	 0.000E+00	-1.881E+03	 1.776E+03
 592.850	 0.000E+00	-1.778E+03	 1.679E+03
 592.900	 0.000E+00	-1.670E+03	 1.623E+03
 592.950	 0.000E+00	-1.553E+03	 1.614E+03
 593.000	 0.000E+00	-1.442E+03	 1.612E+03
 593.050	 0.000E+00	-1.324E+03	 1.646E+03
 593.100	 0.000E+00	-1.208E+03	 1.673E+03
 593.150	 0.000E+00	-1.082E+03	 1.697E+03
 593.200	 0.000E+00	-9.575E+02	 1.684E+03
 593.250	 0.000E+00	-8.305E+02	 1.654E+03
 593.300	 0.000E+00	-6.961E+02	 1.620E+03
 593.350	 0.000E+00	-5.671E+02	 1.584E+03
 593.400	 0.000E+00	-4.258E+02	 1.598E+03
 593.450	 0.000E+00	-2.877E+02	 1.651E+03
 593.500	 0.000E+00	-1.417E+02	 1.783E+03
 593.550	 0.000E+00	 7.059E-01	 1.959E+03
 593.600	 0.000E+00	 1.494E+02	 2.146E+03
 593.650	 0.000E+00	 2.929E+02	 2.310E+03
 593.700	 0.000E+00	 4.361E+02	 2.423E+03
 593.750	 0.000E+00	 5.759E+02	 2.456E+03
 593.800	 0.000E+00	 7.155E+02	 2.430E+03
 593.850	 0.000E+00	 8.459E+02	 2.347E+03
 593.900	 0.000E+00	 9.738E+02	 2.252E+03
 593.950	 0.000E+00	 1.103E+03	 2.193E+03
 594.000	 0.000E+00	 1.218E+03	 2.144E+03
 594.050	 0.000E+00	 1.340E+03	 2.135E+03
 594.100	 0.000E+00	 1.450E+03	 2.143E+03
 594.150	 0.000E+00	 1.565E+03	 2.146E+03
 594.200	 0.000E+00	 1.670E+03	 2.099E+03
 594.250	 0.000E+00	 1.769E+03	 2.017E+03
 594.300	 0.000E+00	 1.870E+03	 1.898E+03
 594.350	 0.000E+00	 1.970E+03	 1.797E+03
 594.400	 0.000E+00	 2.070E+03	 1.716E+03
 594.450	 0.000E+00	 2.174E+03	 1.696E+03
 594.500	 0.000E+00	 2.277E+03	 1.735E+03
 594.550	 0.000E+00	 2.389E+03	 1.862E+03
 594.600	 0.000E+00	 2.501E+03	 2.001E+03
 594.650	 0.000E+00	 2.610E+03	 2.155E+03
 594.700	 0.000E+00	 2.723E+03	 2.308E+03
 594.750	 0.000E+00	 2.831E+03	 2.421E+03
 594.800	 0.000E+00	 2.930E+03	 2.494E+03
 594.850	 0.000E+00	 3.025E+03	 2.539E+03
 594.900	 0.000E+00	 3.117E+03	 2.585E+03
 594.950	 0.000E+00	 3.202E+03	 2.655E+03
 595.000	 0.000E+00	 3.270E+03	 2.692E+03
 595.050	 0.000E+00	 3.339E+03	 2.772E+03
 595.100	 0.000E+00	 3.396E+03	 2.812E+03
 595.150	 0.000E+00	 3.437E+03	 2.767E+03
 595.200	 0.000E+00	 3.477E+03	 2.704E+03
 595.250	 0.000E+00	 3.500E+03	 2.544E+03
 595.300	 0.000E+00	 3.524E+03	 2.398E+03
 595.350	 0.000E+00	 3.545E+03	 2.237E+03
 595.400	 0.000E+00	 3.567E+03	 2.134E+03
 595.450	 0.000E+00	 3.586E+03	 2.070E+03
 595.500	 0.000E+00	 3.601E+03	 2.071E+03
 595.550	 0.000E+00	 3.616E+03	 2.114E+03
 595.600	 0.000E+00	 3.628E+03	 2.160E+03
 595.650	 0.000E+00	 3.643E+03	 2.213E+03
 595.700	 0.000E+00	 3.649E+03	 2.209E+03
 595.750	 0.000E+00	 3.652E+03	 2.166E+03
 595.800	 0.000E+00	 3.648E+03	 2.093E+03
 595.850	 0.000E+00	 3.638E+03	 2.019E+03
 595.900	 0.000E+00	 3.625E+03	 1.969E+03
 595.950	 0.000E+00	 3.606E+03	 1.961E+03
 596.000	 0.000E+00	 3.574E+03	 1.979E+03
 596.050	 0.000E+00	 3.541E+03	 2.040E+03
 596.100	 0.000E+00	 3.497E+03	 2.098E+03
 596.150	 0.000E+00	 3.449E+03	 2.144E+03
 596.200	 0.000E+00	 3.393E+03	 2.111E+03
 596.250	 0.000E+00	 3.329E+03	 2.043E+03
 596.300	 0.000E+00	 3.261E+03	 1.945E+03
 596.350	 0.000E+00	 3.195E+03	 1.839E+03
 596.400	 0.000E+00	 3.122E+03	 1.741E+03
 596.450	 0.000E+00	 3.052E+03	 1.695E+03
 596.500	 0.000E+00	 2.977E+03	 1.668E+03
 596.550	 0.000E+00	 2.902E+03	 1.680E+03
 596.600	 0.000E+00	 2.819E+03	 1.699E+03
 596.650	 0.000E+00	 2.738E+03	 1.715E+03
 596.700	 0.000E+00	 2.652E+03	 1.702E+03
 596.750	 0.000E+00	 2.562E+03	 1.665E+03
 596.800	 0.000E+00	 2.465E+03	 1.613E+03
 596.850	 0.000E+00	 2.363E+03	 1.555E+03
 596.900	 0.000E+00	 2.260E+03	 1.535E+03
 596.950	 0.000E+00	 2.155E+03	 1.529E+03
 597.000	 0.000E+00	 2.046E+03	 1.529E+03
 597.050	 0.000E+00	 1.936E+03	 1.565E+03
 597.100	 0.000E+00	 1.822E+03	 1.592E+03
 597.150	 0.000E+00	 1.709E+03	 1.637E+03
 597.200	 0.000E+00	 1.593E+03	 1.665E+03
 597.250	 0.000E+00	 1.471E+03	 1.680E+03
 597.300	 0.000E+00	 1.353E+03	 1.699E+03
 597.350	 0.000E+00	 1.229E+03	 1.721E+03
 597.400	 0.000E+00	 1.102E+03	 1.737E+03
 597.450	 0.000E+00	 9.841E+02	 1.762E+03
 597.500	 0.000E+00	 8.591E+02	 1.781E+03
 597.550	 0.000E+00	 7.312E+02	 1.799E+03
 597.600	 0.000E+00	 6.062E+02	 1.792E+03
 597.650	 0.000E+00	 4.814E+02	 1.773E+03
 597.700	 0.000E+00	 3.479E+02	 1.744E+03
 597.750	 0.000E+00	 2.151E+02	 1.739E+03
 597.800	 0.000E+00	 8.585E+01	 1.716E+03
 597.850	 0.000E+00	-4.584E+01	 1.721E+03
 597.900	 0.000E+00	-1.829E+02	 1.723E+03
 597.950	 0.000E+00	-3.160E+02	 1.712E+03
 598.000	 0.000E+00	-4.471E+02	 1.720E+03
 598.050	 0.000E+00	-5.773E+02	 1.707E+03
 598.100	 0.000E+00	-7.051E+02	 1.690E+03
 598.150	 0.000E+00	-8.365E+02	 1.669E+03
 598.200	 0.000E+00	-9.624E+02	 1.658E+03
 598.250	 0.000E+00	-1.082E+03	 1.663E+03
 598.300	 0.000E+00	-1.211E+03	 1.665E+03
 598.350	 0.000E+00	-1.335E+03	 1.685E+03
 598.400	 0.000E+00	-1.448E+03	 1.714E+03
 598.450	 0.000E+00	-1.570E+03	 1.755E+03
 598.500	 0.000E+00	-1.689E+03	 1.802E+03
 598.550	 0.000E+00	-1.796E+03	 1.855E+03
 598.600	 0.000E+00	-1.906E+03	 1.901E+03
 598.650	 0.000E+00	-2.022E+03	 1.927E+03
 598.700	 0.000E+00	-2.126E+03	 1.939E+03
 598.750	 0.000E+00	-2.231E+03	 1.938E+03
 598.800	 0.000E+00	-2.339E+03	 1.919E+03
 598.850	 0.000E+00	-2.441E+03	 1.898E+03
 598.900	 0.000E+00	-2.538E+03	 1.872E+03
 598.950	 0.000E+00	-2.637E+03	 1.860E+03
 599.000	 0.000E+00	-2.724E+03	 1.875E+03
 599.050	 0.000E+00	-2.801E+03	 1.912E+03
 599.100	 0.000E+00	-2.874E+03	 1.945E+03
 599.150	 0.000E+00	-2.943E+03	 1.977E+03
 599.200	 0.000E+00	-2.999E+03	 2.004E+03
 599.250	 0.000E+00	-3.052E+03	 2.021E+03
 599.300	 0.000E+00	-3.106E+03	 1.991E+03
 599.350	 0.000E+00	-3.152E+03	 1.963E+03
 599.400	 0.000E+00	-3.198E+03	 1.945E+03
 599.450	 0.000E+00	-3.243E+03	 1.937E+03
 599.500	 0.000E+00	-3.286E+03	 1.945E+03
 599.550	 0.000E+00	-3.329E+03	 1.982E+03
 599.600	 0.000E+00	-3.367E+03	 2.035E+03
 599.650	 0.000E+00	-3.407E+03	 2.082E+03
 599.700	 0.000E+00	-3.444E+03	 2.117E+03
 599.750	 0.000E+00	-3.475E+03	 2.138E+03
 599.800	 0.000E+00	-3.502E+03	 2.118E+03
 599.850	 0.000E+00	-3.522E+03	 2.083E+03
 599.900	 0.000E+00	-3.535E+03	 2.023E+03
 599.950	 0.000E+00	-3.541E+03	 1.968E+03
 600.000	 0.000E+00	-3.539E+03	 1.912E+03
 600.050	 0.000E+00	-3.531E+03	 1.867E+03
 600.100	 0.000E+00	-3.518E+03	 1.817E+03
 600.150	 0.000E+00	-3.497E+03	 1.771E+03
 600.200	 0.000E+00	-3.478E+03	 1.708E+03
 600.250	 0.000E+00	-3.454E+03	 1.643E+03
 600.300	 0.000E+00	-3.426E+03	 1.591E+03
 600.350	 0.000E+00	-3.400E+03	 1.543E+03
 600.400	 0.000E+00	-3.366E+03	 1.511E+03
 600.450	 0.000E+00	-3.330E+03	 1.502E+03
 600.500	 0.000E+00	-3.289E+03	 1.513E+03
 600.550	 0.000E+00	-3.244E+03	 1.528E+03
 600.600	 0.000E+00	-3.194E+03	 1.526E+03
 600.650	 0.000E+00	-3.141E+03	 1.526E+03
 600.700	 0.000E+00	-3.085E+03	 1.505E+03
 600.750	 0.000E+00	-3.018E+03	 1.504E+03
 600.800	 0.000E+00	-2.944E+03	 1.484E+03
 600.850	 0.000E+00	-2.857E+03	 1.498E+03
 600.900	 0.000E+00	-2.774E+03	 1.491E+03
 600.950	 0.000E+00	-2.668E+03	 1.517E+03
 601.000	 0.000E+00	-2.569E+03	 1.531E+03
 601.050	 0.000E+00	-2.465E+03	 1.547E+03
 601.100	 0.000E+00	-2.354E+03	 1.536E+03
 601.150	 0.000E+00	-2.245E+03	 1.522E+03
 601.200	 0.000E+00	-2.142E+03	 1.507E+03
 601.250	 0.000E+00	-2.035E+03	 1.492E+03
 601.300	 0.000E+00	-1.927E+03	 1.484E+03
 601.350	 0.000E+00	-1.831E+03	 1.489E+03
 601.400	 0.000E+00	-1.724E+03	 1.508E+03
 601.450	 0.000E+00	-1.618E+03	 1.533E+03
 601.500	 0.000E+00	-1.514E+03	 1.561E+03
 601.550	 0.000E+00	-1.403E+03	 1.588E+03
 601.600	 0.000E+00	-1.283E+03	 1.615E+03
 601.650	 0.000E+00	-1.161E+03	 1.632E+03
 601.700	 0.000E+00	-1.035E+03	 1.646E+03
 601.750	 0.000E+00	-8.972E+02	 1.643E+03
 601.800	 0.000E+00	-7.531E+02	 1.634E+03
 601.850	 0.000E+00	-6.111E+02	 1.595E+03
 601.900	 0.000E+00	-4.637E+02	 1.549E+03
 601.950	 0.000E+00	-3.105E+02	 1.512E+03
 602.000	 0.000E+00	-1.722E+02	 1.488E+03
 602.050	 0.000E+00	-2.484E+01	 1.493E+03
 602.100	 0.000E+00	 1.149E+02	 1.524E+03
 602.150	 0.000E+00	 2.478E+02	 1.574E+03
 602.200	 0.000E+00	 3.757E+02	 1.629E+03
 602.250	 0.000E+00	 5.013E+02	 1.692E+03
 602.300	 0.000E+00	 6.172E+02	 1.713E+03
 602.350	 0.000E+00	 7.338E+02	 1.723E+03
 602.400	 0.000E+00	 8.511E+02	 1.735E+03
 602.450	 0.000E+00	 9.694E+02	 1.732E+03
 602.500	 0.000E+00	 1.087E+03	 1.719E+03
 602.550	 0.000E+00	 1.207E+03	 1.716E+03
 602.600	 0.000E+00	 1.334E+03	 1.731E+03
 602.650	 0.000E+00	 1.463E+03	 1.765E+03
 602.700	 0.000E+00	 1.589E+03	 1.807E+03
 602.750	 0.000E+00	 1.719E+03	 1.848E+03
 602.800	 0.000E+00	 1.846E+03	 1.878E+03
 602.850	 0.000E+00	 1.972E+03	 1.886E+03
 602.900	 0.000E+00	 2.095E+03	 1.895E+03
 602.950	 0.000E+00	 2.213E+03	 1.897E+03
 603.000	 0.000E+00	 2.327E+03	 1.926E+03
 603.050	 0.000E+00	 2.436E+03	 1.984E+03
 603.100	 0.000E+00	 2.540E+03	 2.077E+03
 603.150	 0.000E+00	 2.639E+03	 2.190E+03
 603.200	 0.000E+00	 2.729E+03	 2.305E+03
 603.250	 0.000E+00	 2.815E+03	 2.425E+03
 603.300	 0.000E+00	 2.897E+03	 2.529E+03
 603.350	 0.000E+00	 2.972E+03	 2.588E+03
 603.400	 0.000E+00	 3.042E+03	 2.617E+03
 603.450	 0.000E+00	 3.114E+03	 2.625E+03
 603.500	 0.000E+00	 3.185E+03	 2.624E+03
 603.550	 0.000E+00	 3.251E+03	 2.613E+03
 603.600	 0.000E+00	 3.317E+03	 2.614E+03
 603.650	 0.000E+00	 3.381E+03	 2.618E+03
 603.700	 0.000E+00	 3.436E+03	 2.610E+03
 603.750	 0.000E+00	 3.489E+03	 2.598E+03
 603.800	 0.000E+00	 3.531E+03	 2.541E+03
 603.850	 0.000E+00	 3.570E+03	 2.485E+03
 603.900	 0.000E+00	 3.601E+03	 2.427E+03
 603.950	 0.000E+00	 3.621E+03	 2.370E+03
 604.000	 0.000E+00	 3.638E+03	 2.359E+03
 604.050	 0.000E+00	 3.646E+03	 2.348E+03
 604.100	 0.000E+00	 3.650E+03	 2.370E+03
 604.150	 0.000E+00	 3.646E+03	 2.381E+03
 604.200	 0.000E+00	 3.637E+03	 2.342E+03
 604.250	 0.000E+00	 3.626E+03	 2.291E+03
 604.300	 0.000E+00	 3.612E+03	 2.218E+03
 604.350	 0.000E+00	 3.597E+03	 2.137E+03
 604.400	 0.000E+00	 3.579E+03	 2.062E+03
 604.450	 0.000E+00	 3.560E+03	 2.011E+03
 604.500	 0.000E+00	 3.541E+03	 1.995E+03
 604.550	 0.000E+00	 3.519E+03	 2.011E+03
 604.600	 0.000E+00	 3.492E+03	 2.028E+03
 604.650	 0.000E+00	 3.459E+03	 2.032E+03
 604.700	 0.000E+00	 3.418E+03	 2.005E+03
 604.750	 0.000E+00	 3.375E+03	 1.952E+03
 604.800	 0.000E+00	 3.326E+03	 1.884E+03
 604.850	 0.000E+00	 3.259E+03	 1.794E+03
 604.900	 0.000E+00	 3.193E+03	 1.740E+03
 604.950	 0.000E+00	 3.118E+03	 1.700E+03
 605.000	 0.000E+00	 3.036E+03	 1.680E+03
 605.050	 0.000E+00	 2.951E+03	 1.705E+03
 605.100	 0.000E+00	 2.861E+03	 1.717E+03
 605.150	 0.000E+00	 2.768E+03	 1.732E+03
 605.200	 0.000E+00	 2.670E+03	 1.725E+03
 605.250	 0.000E+00	 2.579E+03	 1.696E+03
 605.300	 0.000E+00	 2.484E+03	 1.653E+03
 605.350	 0.000E+00	 2.388E+03	 1.597E+03
 605.400	 0.000E+00	 2.295E+03	 1.550E+03
 605.450	 0.000E+00	 2.199E+03	 1.512E+03
 605.500	 0.000E+00	 2.107E+03	 1.507E+03
 605.550	 0.000E+00	 2.014E+03	 1.525E+03
 605.600	 0.000E+00	 1.916E+03	 1.550E+03
 605.650	 0.000E+00	 1.815E+03	 1.590E+03
 605.700	 0.000E+00	 1.709E+03	 1.615E+03
 605.750	 0.000E+00	 1.593E+03	 1.619E+03
 605.800	 0.000E+00	 1.472E+03	 1.606E+03
 605.850	 0.000E+00	 1.346E+03	 1.591E+03
 605.900	 0.000E+00	 1.216E+03	 1.572E+03
 605.950	 0.000E+00	 1.078E+03	 1.572E+03
 606.000	 0.000E+00	 9.418E+02	 1.593E+03
 606.050	 0.000E+00	 8.022E+02	 1.615E+03
 606.100	 0.000E+00	 6.683E+02	 1.653E+03
 606.150	 0.000E+00	 5.316E+02	 1.673E+03
 606.200	 0.000E+00	 4.006E+02	 1.672E+03
 606.250	 0.000E+00	 2.682E+02	 1.659E+03
 606.300	 0.000E+00	 1.389E+02	 1.635E+03
 606.350	 0.000E+00	 1.705E+01	 1.610E+03
 606.400	 0.000E+00	-1.064E+02	 1.593E+03
 606.450	 0.000E+00	-2.380E+02	 1.576E+03
 606.500	 0.000E+00	-3.527E+02	 1.585E+03
 606.550	 0.000E+00	-4.786E+02	 1.580E+03
 606.600	 0.000E+00	-6.065E+02	 1.586E+03
 606.650	 0.000E+00	-7.341E+02	 1.592E+03
 606.700	 0.000E+00	-8.598E+02	 1.601E+03
 606.750	 0.000E+00	-9.944E+02	 1.608E+03
 606.800	 0.000E+00	-1.124E+03	 1.617E+03
 606.850	 0.000E+00	-1.251E+03	 1.612E+03
 606.900	 0.000E+00	-1.386E+03	 1.617E+03
 606.950	 0.000E+00	-1.514E+03	 1.636E+03
 607.000	 0.000E+00	-1.629E+03	 1.675E+03
 607.050	 0.000E+00	-1.747E+03	 1.723E+03
 607.100	 0.000E+00	-1.855E+03	 1.789E+03
 607.150	 0.000E+00	-1.955E+03	 1.854E+03
 607.200	 0.000E+00	-2.054E+03	 1.899E+03
 607.250	 0.000E+00	-2.147E+03	 1.910E+03
 607.300	 0.000E+00	-2.234E+03	 1.913E+03
 607.350	 0.000E+00	-2.323E+03	 1.878E+03
 607.400	 0.000E+00	-2.409E+03	 1.841E+03
 607.450	 0.000E+00	-2.496E+03	 1.807E+03
 607.500	 0.000E+00	-2.586E+03	 1.784E+03
 607.550	 0.000E+00	-2.671E+03	 1.805E+03
 607.600	 0.000E+00	-2.760E+03	 1.831E+03
 607.650	 0.000E+00	-2.846E+03	 1.883E+03
 607.700	 0.000E+00	-2.933E+03	 1.934E+03
 607.750	 0.000E+00	-3.013E+03	 1.984E+03
 607.800	 0.000E+00	-3.093E+03	 2.014E+03
 607.850	 0.000E+00	-3.165E+03	 2.021E+03
 607.900	 0.000E+00	-3.233E+03	 2.013E+03
 607.950	 0.000E+00	-3.290E+03	 1.994E+03
 608.000	 0.000E+00	-3.339E+03	 1.966E+03
 608.050	 0.000E+00	-3.381E+03	 1.941E+03
 608.100	 0.000E+00	-3.412E+03	 1.939E+03
 608.150	 0.000E+00	-3.437E+03	 1.948E+03
 608.200	 0.000E+00	-3.454E+03	 1.969E+03
 608.250	 0.000E+00	-3.463E+03	 1.997E+03
 608.300	 0.000E+00	-3.472E+03	 2.006E+03
 608.350	 0.000E+00	-3.477E+03	 1.989E+03
 608.400	 0.000E+00	-3.480E+03	 1.944E+03
 608.450	 0.000E+00	-3.489E+03	 1.861E+03
 608.500	 0.000E+00	-3.495E+03	 1.758E+03
 608.550	 0.000E+00	-3.504E+03	 1.657E+03
 608.600	 0.000E+00	-3.511E+03	 1.574E+03
 608.650	 0.000E+00	-3.516E+03	 1.517E+03
 608.700	 0.000E+00	-3.519E+03	 1.502E+03
 608.750	 0.000E+00	-3.516E+03	 1.518E+03
 608.800	 0.000E+00	-3.508E+03	 1.531E+03
 608.850	 0.000E+00	-3.490E+03	 1.532E+03
 608.900	 0.000E+00	-3.470E+03	 1.505E+03
 608.950	 0.000E+00	-3.440E+03	 1.454E+03
 609.000	 0.000E+00	-3.403E+03	 1.370E+03
 609.050	 0.000E+00	-3.351E+03	 1.312E+03
 609.100	 0.000E+00	-3.296E+03	 1.274E+03
 609.150	 0.000E+00	-3.229E+03	 1.261E+03
 609.200	 0.000E+00	-3.155E+03	 1.308E+03
 609.250	 0.000E+00	-3.076E+03	 1.384E+03
 609.300	 0.000E+00	-2.991E+03	 1.476E+03
 609.350	 0.000E+00	-2.904E+03	 1.548E+03
 609.400	 0.000E+00	-2.815E+03	 1.594E+03
 609.450	 0.000E+00	-2.729E+03	 1.606E+03
 609.500	 0.000E+00	-2.636E+03	 1.584E+03
 609.550	 0.000E+00	-2.543E+03	 1.559E+03
 609.600	 0.000E+00	-2.450E+03	 1.529E+03
 609.650	 0.000E+00	-2.355E+03	 1.505E+03
 609.700	 0.000E+00	-2.252E+03	 1.504E+03
 609.750	 0.000E+00	-2.155E+03	 1.519E+03
 609.800	 0.000E+00	-2.046E+03	 1.519E+03
 609.850	 0.000E+00	-1.941E+03	 1.515E+03
 609.900	 0.000E+00	-1.837E+03	 1.509E+03
 609.950	 0.000E+00	-1.727E+03	 1.483E+03
 610.000	 0.000E+00	-1.615E+03	 1.466E+03
 610.050	 0.000E+00	-1.502E+03	 1.459E+03
 610.100	 0.000E+00	-1.379E+03	 1.470E+03
 610.150	 0.000E+00	-1.256E+03	 1.508E+03
 610.200	 0.000E+00	-1.130E+03	 1.551E+03
 610.250	 0.000E+00	-9.988E+02	 1.601E+03
 610.300	 0.000E+00	-8.677E+02	 1.653E+03
 610.350	 0.000E+00	-7.314E+02	 1.681E+03
 610.400	 0.000E+00	-5.992E+02	 1.698E+03
 610.450	 0.000E+00	-4.664E+02	 1.704E+03
 610.500	 0.000E+00	-3.346E+02	 1.704E+03
 610.550	 0.000E+00	-2.002E+02	 1.717E+03
 610.600	 0.000E+00	-6.733E+01	 1.751E+03
 610.650	 0.000E+00	 6.540E+01	 1.787E+03
 610.700	 0.000E+00	 1.972E+02	 1.825E+03
 610.750	 0.000E+00	 3.269E+02	 1.835E+03
 610.800	 0.000E+00	 4.521E+02	 1.805E+03
 610.850	 0.000E+00	 5.823E+02	 1.760E+03
 610.900	 0.000E+00	 7.104E+02	 1.677E+03
 610.950	 0.000E+00	 8.343E+02	 1.581E+03
 611.000	 0.000E+00	 9.581E+02	 1.486E+03
 611.050	 0.000E+00	 1.087E+03	 1.425E+03
 611.100	 0.000E+00	 1.207E+03	 1.387E+03
 611.150	 0.000E+00	 1.330E+03	 1.374E+03
 611.200	 0.000E+00	 1.453E+03	 1.393E+03
 611.250	 0.000E+00	 1.573E+03	 1.426E+03
 611.300	 0.000E+00	 1.689E+03	 1.454E+03
 611.350	 0.000E+00	 1.802E+03	 1.488E+03
 611.400	 0.000E+00	 1.916E+03	 1.509E+03
 611.450	 0.000E+00	 2.026E+03	 1.554E+03
 611.500	 0.000E+00	 2.139E+03	 1.623E+03
 611.550	 0.000E+00	 2.248E+03	 1.697E+03
 611.600	 0.000E+00	 2.357E+03	 1.800E+03
 611.650	 0.000E+00	 2.465E+03	 1.911E+03
 611.700	 0.000E+00	 2.572E+03	 2.027E+03
 611.750	 0.000E+00	 2.674E+03	 2.129E+03
 611.800	 0.000E+00	 2.773E+03	 2.216E+03
 611.850	 0.000E+00	 2.867E+03	 2.287E+03
 611.900	 0.000E+00	 2.956E+03	 2.334E+03
 611.950	 0.000E+00	 3.035E+03	 2.340E+03
 612.000	 0.000E+00	 3.113E+03	 2.370E+03
 612.050	 0.000E+00	 3.184E+03	 2.364E+03
 612.100	 0.000E+00	 3.243E+03	 2.315E+03
 612.150	 0.000E+00	 3.294E+03	 2.237E+03
 612.200	 0.000E+00	 3.346E+03	 2.182E+03
 612.250	 0.000E+00	 3.382E+03	 2.041E+03
 612.300	 0.000E+00	 3.413E+03	 1.911E+03
 612.350	 0.000E+00	 3.441E+03	 1.813E+03
 612.400	 0.000E+00	 3.460E+03	 1.727E+03
 612.450	 0.000E+00	 3.474E+03	 1.637E+03
 612.500	 0.000E+00	 3.491E+03	 1.601E+03
 612.550	 0.000E+00	 3.503E+03	 1.578E+03
 612.600	 0.000E+00	 3.516E+03	 1.586E+03
 612.650	 0.000E+00	 3.527E+03	 1.603E+03
 612.700	 0.000E+00	 3.542E+03	 1.658E+03
 612.750	 0.000E+00	 3.556E+03	 1.712E+03
 612.800	 0.000E+00	 3.567E+03	 1.745E+03
 612.850	 0.000E+00	 3.577E+03	 1.829E+03
 612.900	 0.000E+00	 3.585E+03	 1.917E+03
 612.950	 0.000E+00	 3.591E+03	 2.003E+03
 613.000	 0.000E+00	 3.588E+03	 2.083E+03
 613.050	 0.000E+00	 3.577E+03	 2.170E+03
 613.100	 0.000E+00	 3.558E+03	 2.226E+03
 613.150	 0.000E+00	 3.532E+03	 2.277E+03
 613.200	 0.000E+00	 3.493E+03	 2.289E+03
 613.250	 0.000E+00	 3.449E+03	 2.267E+03
 613.300	 0.000E+00	 3.399E+03	 2.234E+03
 613.350	 0.000E+00	 3.336E+03	 2.168E+03
 613.400	 0.000E+00	 3.268E+03	 2.085E+03
 613.450	 0.000E+00	 3.197E+03	 2.023E+03
 613.500	 0.000E+00	 3.114E+03	 1.951E+03
 613.550	 0.000E+00	 3.033E+03	 1.884E+03
 613.600	 0.000E+00	 2.947E+03	 1.797E+03
 613.650	 0.000E+00	 2.859E+03	 1.735E+03
 613.700	 0.000E+00	 2.768E+03	 1.651E+03
 613.750	 0.000E+00	 2.681E+03	 1.572E+03
 613.800	 0.000E+00	 2.595E+03	 1.511E+03
 613.850	 0.000E+00	 2.504E+03	 1.460E+03
 613.900	 0.000E+00	 2.419E+03	 1.423E+03
 613.950	 0.000E+00	 2.330E+03	 1.413E+03
 614.000	 0.000E+00	 2.239E+03	 1.415E+03
 614.050	 0.000E+00	 2.147E+03	 1.427E+03
 614.100	 0.000E+00	 2.049E+03	 1.452E+03
 614.150	 0.000E+00	 1.948E+03	 1.471E+03
 614.200	 0.000E+00	 1.841E+03	 1.490E+03
 614.250	 0.000E+00	 1.733E+03	 1.517E+03
 614.300	 0.000E+00	 1.615E+03	 1.511E+03
 614.350	 0.000E+00	 1.496E+03	 1.524E+03
 614.400	 0.000E+00	 1.374E+03	 1.539E+03
 614.450	 0.000E+00	 1.250E+03	 1.580E+03
 614.500	 0.000E+00	 1.123E+03	 1.604E+03
 614.550	 0.000E+00	 9.990E+02	 1.653E+03
 614.600	 0.000E+00	 8.749E+02	 1.703E+03
 614.650	 0.000E+00	 7.464E+02	 1.718E+03
 614.700	 0.000E+00	 6.227E+02	 1.739E+03
 614.750	 0.000E+00	 4.982E+02	 1.730E+03
 614.800	 0.000E+00	 3.731E+02	 1.718E+03
 614.850	 0.000E+00	 2.502E+02	 1.711E+03
 614.900	 0.000E+00	 1.220E+02	 1.694E+03
 614.950	 0.000E+00	-2.762E+00	 1.703E+03
 615.000	 0.000E+00	-1.238E+02	 1.723E+03
 615.050	 0.000E+00	-2.519E+02	 1.731E+03
 615.100	 0.000E+00	-3.826E+02	 1.727E+03
 615.150	 0.000E+00	-5.111E+02	 1.715E+03
 615.200	 0.000E+00	-6.431E+02	 1.689E+03
 615.250	 0.000E+00	-7.774E+02	 1.645E+03
 615.300	 0.000E+00	-9.136E+02	 1.616E+03
 615.350	 0.000E+00	-1.045E+03	 1.594E+03
 615.400	 0.000E+00	-1.172E+03	 1.590E+03
 615.450	 0.000E+00	-1.300E+03	 1.616E+03
 615.500	 0.000E+00	-1.421E+03	 1.646E+03
 615.550	 0.000E+00	-1.534E+03	 1.673E+03
 615.600	 0.000E+00	-1.651E+03	 1.678E+03
 615.650	 0.000E+00	-1.765E+03	 1.670E+03
 615.700	 0.000E+00	-1.870E+03	 1.663E+03
 615.750	 0.000E+00	-1.979E+03	 1.640E+03
 615.800	 0.000E+00	-2.087E+03	 1.609E+03
 615.850	 0.000E+00	-2.188E+03	 1.615E+03
 615.900	 0.000E+00	-2.289E+03	 1.650E+03
 615.950	 0.000E+00	-2.391E+03	 1.678E+03
 616.000	 0.000E+00	-2.488E+03	 1.712E+03
 616.050	 0.000E+00	-2.584E+03	 1.745E+03
 616.100	 0.000E+00	-2.678E+03	 1.769E+03
 616.150	 0.000E+00	-2.768E+03	 1.775E+03
 616.200	 0.000E+00	-2.853E+03	 1.788E+03
 616.250	 0.000E+00	-2.932E+03	 1.805E+03
 616.300	 0.000E+00	-3.001E+03	 1.848E+03
 616.350	 0.000E+00	-3.067E+03	 1.884E+03
 616.400	 0.000E+00	-3.124E+03	 1.941E+03
 616.450	 0.000E+00	-3.175E+03	 1.990E+03
 616.500	 0.000E+00	-3.217E+03	 2.057E+03
 616.550	 0.000E+00	-3.256E+03	 2.095E+03
 616.600	 0.000E+00	-3.292E+03	 2.115E+03
 616.650	 0.000E+00	-3.326E+03	 2.119E+03
 616.700	 0.000E+00	-3.354E+03	 2.117E+03
 616.750	 0.000E+00	-3.382E+03	 2.094E+03
 616.800	 0.000E+00	-3.408E+03	 2.072E+03
 616.850	 0.000E+00	-3.434E+03	 2.047E+03
 616.900	 0.000E+00	-3.461E+03	 2.006E+03
 616.950	 0.000E+00	-3.489E+03	 1.956E+03
 617.000	 0.000E+00	-3.515E+03	 1.890E+03
 617.050	 0.000E+00	-3.537E+03	 1.815E+03
 617.100	 0.000E+00	-3.561E+03	 1.725E+03
 617.150	 0.000E+00	-3.575E+03	 1.637E+03
 617.200	 0.000E+00	-3.581E+03	 1.556E+03
 617.250	 0.000E+00	-3.583E+03	 1.486E+03
 617.300	 0.000E+00	-3.575E+03	 1.434E+03
 617.350	 0.000E+00	-3.553E+03	 1.390E+03
 617.400	 0.000E+00	-3.528E+03	 1.361E+03
 617.450	 0.000E+00	-3.492E+03	 1.339E+03
 617.500	 0.000E+00	-3.450E+03	 1.320E+03
 617.550	 0.000E+00	-3.399E+03	 1.301E+03
 617.600	 0.000E+00	-3.350E+03	 1.284E+03
 617.650	 0.000E+00	-3.291E+03	 1.265E+03
 617.700	 0.000E+00	-3.230E+03	 1.254E+03
 617.750	 0.000E+00	-3.172E+03	 1.252E+03
 617.800	 0.000E+00	-3.105E+03	 1.264E+03
 617.850	 0.000E+00	-3.037E+03	 1.293E+03
 617.900	 0.000E+00	-2.973E+03	 1.349E+03
 617.950	 0.000E+00	-2.896E+03	 1.412E+03
 618.000	 0.000E+00	-2.815E+03	 1.482E+03
 618.050	 0.000E+00	-2.738E+03	 1.555E+03
 618.100	 0.000E+00	-2.649E+03	 1.603E+03
 618.150	 0.000E+00	-2.555E+03	 1.629E+03
 618.200	 0.000E+00	-2.461E+03	 1.638E+03
 618.250	 0.000E+00	-2.360E+03	 1.628E+03
 618.300	 0.000E+00	-2.252E+03	 1.594E+03
 618.350	 0.000E+00	-2.138E+03	 1.558E+03
 618.400	 0.000E+00	-2.038E+03	 1.522E+03
 618.450	 0.000E+00	-1.917E+03	 1.488E+03
 618.500	 0.000E+00	-1.804E+03	 1.457E+03
 618.550	 0.000E+00	-1.698E+03	 1.440E+03
 618.600	 0.000E+00	-1.589E+03	 1.422E+03
 618.650	 0.000E+00	-1.475E+03	 1.412E+03
 618.700	 0.000E+00	-1.373E+03	 1.408E+03
 618.750	 0.000E+00	-1.266E+03	 1.409E+03
 618.800	 0.000E+00	-1.148E+03	 1.409E+03
 618.850	 0.000E+00	-1.040E+03	 1.408E+03
 618.900	 0.000E+00	-9.245E+02	 1.416E+03
 618.950	 0.000E+00	-8.002E+02	 1.408E+03
 619.000	 0.000E+00	-6.714E+02	 1.407E+03
 619.050	 0.000E+00	-5.435E+02	 1.396E+03
 619.100	 0.000E+00	-4.006E+02	 1.381E+03
 619.150	 0.000E+00	-2.567E+02	 1.368E+03
 619.200	 0.000E+00	-1.173E+02	 1.356E+03
 619.250	 0.000E+00	 2.993E+01	 1.342E+03
 619.300	 0.000E+00	 1.798E+02	 1.348E+03
 619.350	 0.000E+00	 3.200E+02	 1.375E+03
 619.400	 0.000E+00	 4.645E+02	 1.424E+03
 619.450	 0.000E+00	 6.030E+02	 1.491E+03
 619.500	 0.000E+00	 7.376E+02	 1.567E+03
 619.550	 0.000E+00	 8.676E+02	 1.612E+03
 619.600	 0.000E+00	 9.917E+02	 1.639E+03
 619.650	 0.000E+00	 1.112E+03	 1.650E+03
 619.700	 0.000E+00	 1.226E+03	 1.654E+03
 619.750	 0.000E+00	 1.346E+03	 1.649E+03
 619.800	 0.000E+00	 1.458E+03	 1.657E+03
 619.850	 0.000E+00	 1.571E+03	 1.703E+03
 619.900	 0.000E+00	 1.691E+03	 1.772E+03
 619.950	 0.000E+00	 1.809E+03	 1.846E+03
 620.000	 0.000E+00	 1.921E+03	 1.898E+03
 620.050	 0.000E+00	 2.039E+03	 1.922E+03
 620.100	 0.000E+00	 2.156E+03	 1.914E+03
 620.150	 0.000E+00	 2.267E+03	 1.860E+03
 620.200	 0.000E+00	 2.376E+03	 1.779E+03
 620.250	 0.000E+00	 2.483E+03	 1.695E+03
 620.300	 0.000E+00	 2.579E+03	 1.629E+03
 620.350	 0.000E+00	 2.673E+03	 1.602E+03
 620.400	 0.000E+00	 2.762E+03	 1.611E+03
 620.450	 0.000E+00	 2.840E+03	 1.636E+03
 620.500	 0.000E+00	 2.914E+03	 1.674E+03
 620.550	 0.000E+00	 2.979E+03	 1.677E+03
 620.600	 0.000E+00	 3.039E+03	 1.656E+03
 620.650	 0.000E+00	 3.097E+03	 1.614E+03
 620.700	 0.000E+00	 3.146E+03	 1.519E+03
 620.750	 0.000E+00	 3.200E+03	 1.480E+03
 620.800	 0.000E+00	 3.247E+03	 1.420E+03
 620.850	 0.000E+00	 3.298E+03	 1.424E+03
 620.900	 0.000E+00	 3.346E+03	 1.443E+03
 620.950	 0.000E+00	 3.396E+03	 1.508E+03
 621.000	 0.000E+00	 3.441E+03	 1.548E+03
 621.050	 0.000E+00	 3.486E+03	 1.599E+03
 621.100	 0.000E+00	 3.518E+03	 1.597E+03
 621.150	 0.000E+00	 3.552E+03	 1.608E+03
 621.200	 0.000E+00	 3.575E+03	 1.584E+03
 621.250	 0.000E+00	 3.594E+03	 1.598E+03
 621.300	 0.000E+00	 3.605E+03	 1.642E+03
 621.350	 0.000E+00	 3.611E+03	 1.735E+03
 621.400	 0.000E+00	 3.608E+03	 1.847E+03
 621.450	 0.000E+00	 3.606E+03	 1.999E+03
 621.500	 0.000E+00	 3.598E+03	 2.142E+03
 621.550	 0.000E+00	 3.587E+03	 2.274E+03
 621.600	 0.000E+00	 3.573E+03	 2.383E+03
 621.650	 0.000E+00	 3.554E+03	 2.460E+03
 621.700	 0.000E+00	 3.534E+03	 2.517E+03
 621.750	 0.000E+00	 3.511E+03	 2.508E+03
 621.800	 0.000E+00	 3.483E+03	 2.451E+03
 621.850	 0.000E+00	 3.449E+03	 2.368E+03
 621.900	 0.000E+00	 3.407E+03	 2.245E+03
 621.950	 0.000E+00	 3.361E+03	 2.133E+03
 622.000	 0.000E+00	 3.302E+03	 2.032E+03
 622.050	 0.000E+00	 3.237E+03	 1.935E+03
 622.100	 0.000E+00	 3.163E+03	 1.847E+03
 622.150	 0.000E+00	 3.077E+03	 1.755E+03
 622.200	 0.000E+00	 2.989E+03	 1.671E+03
 622.250	 0.000E+00	 2.892E+03	 1.586E+03
 622.300	 0.000E+00	 2.790E+03	 1.515E+03
 622.350	 0.000E+00	 2.686E+03	 1.452E+03
 622.400	 0.000E+00	 2.585E+03	 1.415E+03
 622.450	 0.000E+00	 2.484E+03	 1.383E+03
 622.500	 0.000E+00	 2.384E+03	 1.383E+03
 622.550	 0.000E+00	 2.289E+03	 1.396E+03
 622.600	 0.000E+00	 2.198E+03	 1.422E+03
 622.650	 0.000E+00	 2.107E+03	 1.451E+03
 622.700	 0.000E+00	 2.017E+03	 1.482E+03
 622.750	 0.000E+00	 1.929E+03	 1.520E+03
 622.800	 0.000E+00	 1.838E+03	 1.549E+03
 622.850	 0.000E+00	 1.743E+03	 1.587E+03
 622.900	 0.000E+00	 1.642E+03	 1.624E+03
 622.950	 0.000E+00	 1.537E+03	 1.670E+03
 623.000	 0.000E+00	 1.422E+03	 1.706E+03
 623.050	 0.000E+00	 1.300E+03	 1.723E+03
 623.100	 0.000E+00	 1.173E+03	 1.733E+03
 623.150	 0.000E+00	 1.037E+03	 1.734E+03
 623.200	 0.000E+00	 8.959E+02	 1.709E+03
 623.250	 0.000E+00	 7.590E+02	 1.690E+03
 623.300	 0.000E+00	 6.162E+02	 1.665E+03
 623.350	 0.000E+00	 4.727E+02	 1.638E+03
 623.400	 0.000E+00	 3.373E+02	 1.623E+03
 623.450	 0.000E+00	 2.011E+02	 1.608E+03
 623.500	 0.000E+00	 6.791E+01	 1.611E+03
 623.550	 0.000E+00	-5.348E+01	 1.604E+03
 623.600	 0.000E+00	-1.739E+02	 1.612E+03
 623.650	 0.000E+00	-2.943E+02	 1.607E+03
 623.700	 0.000E+00	-4.087E+02	 1.611E+03
 623.750	 0.000E+00	-5.167E+02	 1.625E+03
 623.800	 0.000E+00	-6.318E+02	 1.641E+03
 623.850	 0.000E+00	-7.486E+02	 1.658E+03
 623.900	 0.000E+00	-8.634E+02	 1.676E+03
 623.950	 0.000E+00	-9.830E+02	 1.700E+03
 624.000	 0.000E+00	-1.111E+03	 1.715E+03
 624.050	 0.000E+00	-1.237E+03	 1.720E+03
 624.100	 0.000E+00	-1.368E+03	 1.737E+03
 624.150	 0.000E+00	-1.499E+03	 1.752E+03
 624.200	 0.000E+00	-1.625E+03	 1.752E+03
 624.250	 0.000E+00	-1.751E+03	 1.761E+03
 624.300	 0.000E+00	-1.874E+03	 1.769E+03
 624.350	 0.000E+00	-1.987E+03	 1.779E+03
 624.400	 0.000E+00	-2.098E+03	 1.800E+03
 624.450	 0.000E+00	-2.201E+03	 1.819E+03
 624.500	 0.000E+00	-2.298E+03	 1.817E+03
 624.550	 0.000E+00	-2.394E+03	 1.814E+03
 624.600	 0.000E+00	-2.487E+03	 1.786E+03
 624.650	 0.000E+00	-2.573E+03	 1.751E+03
 624.700	 0.000E+00	-2.658E+03	 1.718E+03
 624.750	 0.000E+00	-2.740E+03	 1.692E+03
 624.800	 0.000E+00	-2.818E+03	 1.684E+03
 624.850	 0.000E+00	-2.893E+03	 1.701E+03
 624.900	 0.000E+00	-2.964E+03	 1.718E+03
 624.950	 0.000E+00	-3.034E+03	 1.733E+03
 625.000	 0.000E+00	-3.097E+03	 1.738E+03
 625.050	 0.000E+00	-3.160E+03	 1.721E+03
 625.100	 0.000E+00	-3.220E+03	 1.685E+03
 625.150	 0.000E+00	-3.275E+03	 1.652E+03
 625.200	 0.000E+00	-3.322E+03	 1.638E+03
 625.250	 0.000E+00	-3.366E+03	 1.644E+03
 625.300	 0.000E+00	-3.405E+03	 1.663E+03
 625.350	 0.000E+00	-3.435E+03	 1.713E+03
 625.400	 0.000E+00	-3.462E+03	 1.769E+03
 625.450	 0.000E+00	-3.480E+03	 1.809E+03
 625.500	 0.000E+00	-3.497E+03	 1.833E+03
 625.550	 0.000E+00	-3.508E+03	 1.820E+03
 625.600	 0.000E+00	-3.519E+03	 1.772E+03
 625.650	 0.000E+00	-3.527E+03	 1.704E+03
 625.700	 0.000E+00	-3.531E+03	 1.625E+03
 625.750	 0.000E+00	-3.537E+03	 1.565E+03
 625.800	 0.000E+00	-3.537E+03	 1.524E+03
 625.850	 0.000E+00	-3.536E+03	 1.513E+03
 625.900	 0.000E+00	-3.531E+03	 1.533E+03
 625.950	 0.000E+00	-3.522E+03	 1.547E+03
 626.000	 0.000E+00	-3.508E+03	 1.550E+03
 626.050	 0.000E+00	-3.488E+03	 1.525E+03
 626.100	 0.000E+00	-3.461E+03	 1.474E+03
 626.150	 0.000E+00	-3.428E+03	 1.399E+03
 626.200	 0.000E+00	-3.385E+03	 1.319E+03
 626.250	 0.000E+00	-3.336E+03	 1.252E+03
 626.300	 0.000E+00	-3.280E+03	 1.215E+03
 626.350	 0.000E+00	-3.212E+03	 1.207E+03
 626.400	 0.000E+00	-3.142E+03	 1.243E+03
 626.450	 0.000E+00	-3.063E+03	 1.280E+03
 626.500	 0.000E+00	-2.980E+03	 1.320E+03
 626.550	 0.000E+00	-2.904E+03	 1.363E+03
 626.600	 0.000E+00	-2.811E+03	 1.391E+03
 626.650	 0.000E+00	-2.722E+03	 1.427E+03
 626.700	 0.000E+00	-2.637E+03	 1.461E+03
 626.750	 0.000E+00	-2.548E+03	 1.492E+03
 626.800	 0.000E+00	-2.457E+03	 1.532E+03
 626.850	 0.000E+00	-2.371E+03	 1.589E+03
 626.900	 0.000E+00	-2.278E+03	 1.657E+03
 626.950	 0.000E+00	-2.174E+03	 1.716E+03
 627.000	 0.000E+00	-2.077E+03	 1.773E+03
 627.050	 0.000E+00	-1.973E+03	 1.820E+03
 627.100	 0.000E+00	-1.857E+03	 1.829E+03
 627.150	 0.000E+00	-1.744E+03	 1.823E+03
 627.200	 0.000E+00	-1.631E+03	 1.797E+03
 627.250	 0.000E+00	-1.501E+03	 1.764E+03
 627.300	 0.000E+00	-1.382E+03	 1.732E+03
 627.350	 0.000E+00	-1.260E+03	 1.707E+03
 627.400	 0.000E+00	-1.131E+03	 1.682E+03
 627.450	 0.000E+00	-1.007E+03	 1.656E+03
 627.500	 0.000E+00	-8.903E+02	 1.632E+03
 627.550	 0.000E+00	-7.662E+02	 1.599E+03
 627.600	 0.000E+00	-6.393E+02	 1.563E+03
 627.650	 0.000E+00	-5.276E+02	 1.519E+03
 627.700	 0.000E+00	-4.055E+02	 1.470E+03
 627.750	 0.000E+00	-2.777E+02	 1.416E+03
 627.800	 0.000E+00	-1.618E+02	 1.361E+03
 627.850	 0.000E+00	-4.117E+01	 1.318E+03
 627.900	 0.000E+00	 9.292E+01	 1.298E+03
 627.950	 0.000E+00	 2.199E+02	 1.290E+03
 628.000	 0.000E+00	 3.500E+02	 1.305E+03
 628.050	 0.000E+00	 4.889E+02	 1.336E+03
 628.100	 0.000E+00	 6.292E+02	 1.391E+03
 628.150	 0.000E+00	 7.665E+02	 1.445E+03
 628.200	 0.000E+00	 9.079E+02	 1.512E+03
 628.250	 0.000E+00	 1.049E+03	 1.584E+03
 628.300	 0.000E+00	 1.185E+03	 1.645E+03
 628.350	 0.000E+00	 1.318E+03	 1.696E+03
 628.400	 0.000E+00	 1.449E+03	 1.735E+03
 628.450	 0.000E+00	 1.571E+03	 1.756E+03
 628.500	 0.000E+00	 1.687E+03	 1.767E+03
 628.550	 0.000E+00	 1.803E+03	 1.787E+03
 628.600	 0.000E+00	 1.913E+03	 1.802E+03
 628.650	 0.000E+00	 2.017E+03	 1.808E+03
 628.700	 0.000E+00	 2.117E+03	 1.817E+03
 628.750	 0.000E+00	 2.218E+03	 1.817E+03
 628.800	 0.000E+00	 2.315E+03	 1.806E+03
 628.850	 0.000E+00	 2.407E+03	 1.783E+03
 628.900	 0.000E+00	 2.504E+03	 1.753E+03
 628.950	 0.000E+00	 2.592E+03	 1.703E+03
 629.000	 0.000E+00	 2.681E+03	 1.672E+03
 629.050	 0.000E+00	 2.773E+03	 1.659E+03
 629.100	 0.000E+00	 2.862E+03	 1.651E+03
 629.150	 0.000E+00	 2.944E+03	 1.678E+03
 629.200	 0.000E+00	 3.033E+03	 1.730E+03
 629.250	 0.000E+00	 3.114E+03	 1.773E+03
 629.300	 0.000E+00	 3.183E+03	 1.793E+03
 629.350	 0.000E+00	 3.245E+03	 1.783E+03
 629.400	 0.000E+00	 3.305E+03	 1.746E+03
 629.450	 0.000E+00	 3.353E+03	 1.675E+03
 629.500	 0.000E+00	 3.394E+03	 1.606E+03
 629.550	 0.000E+00	 3.430E+03	 1.548E+03
 629.600	 0.000E+00	 3.460E+03	 1.513E+03
 629.650	 0.000E+00	 3.485E+03	 1.510E+03
 629.700	 0.000E+00	 3.507E+03	 1.527E+03
 629.750	 0.000E+00	 3.526E+03	 1.564E+03
 629.800	 0.000E+00	 3.536E+03	 1.569E+03
 629.850	 0.000E+00	 3.549E+03	 1.592E+03
 629.900	 0.000E+00	 3.556E+03	 1.599E+03
 629.950	 0.000E+00	 3.562E+03	 1.583E+03
 630.000	 0.000E+00	 3.565E+03	 1.565E+03
 630.050	 0.000E+00	 3.564E+03	 1.560E+03
 630.100	 0.000E+00	 3.564E+03	 1.595E+03
 630.150	 0.000E+00	 3.565E+03	 1.670E+03
 630.200	 0.000E+00	 3.561E+03	 1.779E+03
 630.250	 0.000E+00	 3.551E+03	 1.893E+03
 630.300	 0.000E+00	 3.541E+03	 1.998E+03
 630.350	 0.000E+00	 3.520E+03	 2.067E+03
 630.400	 0.000E+00	 3.491E+03	 2.085E+03
 630.450	 0.000E+00	 3.454E+03	 2.036E+03
 630.500	 0.000E+00	 3.404E+03	 1.943E+03
 630.550	 0.000E+00	 3.348E+03	 1.866E+03
 630.600	 0.000E+00	 3.282E+03	 1.799E+03
 630.650	 0.000E+00	 3.218E+03	 1.796E+03
 630.700	 0.000E+00	 3.142E+03	 1.812E+03
 630.750	 0.000E+00	 3.066E+03	 1.868E+03
 630.800	 0.000E+00	 2.990E+03	 1.927E+03
 630.850	 0.000E+00	 2.903E+03	 1.941E+03
 630.900	 0.000E+00	 2.822E+03	 1.955E+03
 630.950	 0.000E+00	 2.732E+03	 1.909E+03
 631.000	 0.000E+00	 2.654E+03	 1.887E+03
 631.050	 0.000E+00	 2.561E+03	 1.815E+03
 631.100	 0.000E+00	 2.477E+03	 1.777E+03
 631.150	 0.000E+00	 2.391E+03	 1.743E+03
 631.200	 0.000E+00	 2.300E+03	 1.740E+03
 631.250	 0.000E+00	 2.209E+03	 1.752E+03
 631.300	 0.000E+00	 2.116E+03	 1.767E+03
 631.350	 0.000E+00	 2.016E+03	 1.780E+03
 631.400	 0.000E+00	 1.906E+03	 1.780E+03
 631.450	 0.000E+00	 1.797E+03	 1.780E+03
 631.500	 0.000E+00	 1.681E+03	 1.757E+03
 631.550	 0.000E+00	 1.556E+03	 1.718E+03
 631.600	 0.000E+00	 1.428E+03	 1.676E+03
 631.650	 0.000E+00	 1.295E+03	 1.642E+03
 631.700	 0.000E+00	 1.159E+03	 1.620E+03
 631.750	 0.000E+00	 1.025E+03	 1.611E+03
 631.800	 0.000E+00	 8.933E+02	 1.617E+03
 631.850	 0.000E+00	 7.636E+02	 1.624E+03
 631.900	 0.000E+00	 6.380E+02	 1.649E+03
 631.950	 0.000E+00	 5.111E+02	 1.631E+03
 632.000	 0.000E+00	 3.873E+02	 1.620E+03
 632.050	 0.000E+00	 2.639E+02	 1.616E+03
 632.100	 0.000E+00	 1.419E+02	 1.600E+03
 632.150	 0.000E+00	 1.470E+01	 1.606E+03
 632.200	 0.000E+00	-1.059E+02	 1.649E+03
 632.250	 0.000E+00	-2.290E+02	 1.699E+03
 632.300	 0.000E+00	-3.600E+02	 1.755E+03
 632.350	 0.000E+00	-4.844E+02	 1.821E+03
 632.400	 0.000E+00	-6.073E+02	 1.885E+03
 632.450	 0.000E+00	-7.417E+02	 1.926E+03
 632.500	 0.000E+00	-8.691E+02	 1.950E+03
 632.550	 0.000E+00	-9.917E+02	 1.954E+03
 632.600	 0.000E+00	-1.120E+03	 1.939E+03
 632.650	 0.000E+00	-1.250E+03	 1.921E+03
 632.700	 0.000E+00	-1.371E+03	 1.914E+03
 632.750	 0.000E+00	-1.489E+03	 1.931E+03
 632.800	 0.000E+00	-1.610E+03	 1.941E+03
 632.850	 0.000E+00	-1.719E+03	 1.982E+03
 632.900	 0.000E+00	-1.825E+03	 2.001E+03
 632.950	 0.000E+00	-1.933E+03	 2.016E+03
 633.000	 0.000E+00	-2.037E+03	 1.995E+03
 633.050	 0.000E+00	-2.131E+03	 1.970E+03
 633.100	 0.000E+00	-2.233E+03	 1.928E+03
 633.150	 0.000E+00	-2.331E+03	 1.891E+03
 633.200	 0.000E+00	-2.423E+03	 1.874E+03
 633.250	 0.000E+00	-2.515E+03	 1.872E+03
 633.300	 0.000E+00	-2.609E+03	 1.891E+03
 633.350	 0.000E+00	-2.697E+03	 1.917E+03
 633.400	 0.000E+00	-2.784E+03	 1.947E+03
 633.450	 0.000E+00	-2.870E+03	 1.960E+03
 633.500	 0.000E+00	-2.947E+03	 1.968E+03
 633.550	 0.000E+00	-3.019E+03	 1.965E+03
 633.600	 0.000E+00	-3.087E+03	 1.954E+03
 633.650	 0.000E+00	-3.145E+03	 1.953E+03
 633.700	 0.000E+00	-3.197E+03	 1.975E+03
 633.750	 0.000E+00	-3.240E+03	 2.028E+03
 633.800	 0.000E+00	-3.279E+03	 2.075E+03
 633.850	 0.000E+00	-3.315E+03	 2.107E+03
 633.900	 0.000E+00	-3.346E+03	 2.131E+03
 633.950	 0.000E+00	-3.379E+03	 2.120E+03
 634.000	 0.000E+00	-3.406E+03	 2.097E+03
 634.050	 0.000E+00	-3.435E+03	 2.055E+03
 634.100	 0.000E+00	-3.459E+03	 2.006E+03
 634.150	 0.000E+00	-3.480E+03	 1.986E+03
 634.200	 0.000E+00	-3.501E+03	 1.954E+03
 634.250	 0.000E+00	-3.517E+03	 1.915E+03
 634.300	 0.000E+00	-3.531E+03	 1.863E+03
 634.350	 0.000E+00	-3.540E+03	 1.809E+03
 634.400	 0.000E+00	-3.547E+03	 1.741E+03
 634.450	 0.000E+00	-3.545E+03	 1.690E+03
 634.500	 0.000E+00	-3.537E+03	 1.658E+03
 634.550	 0.000E+00	-3.518E+03	 1.653E+03
 634.600	 0.000E+00	-3.494E+03	 1.664E+03
 634.650	 0.000E+00	-3.462E+03	 1.690E+03
 634.700	 0.000E+00	-3.425E+03	 1.712E+03
 634.750	 0.000E+00	-3.378E+03	 1.715E+03
 634.800	 0.000E+00	-3.329E+03	 1.699E+03
 634.850	 0.000E+00	-3.273E+03	 1.651E+03
 634.900	 0.000E+00	-3.215E+03	 1.605E+03
 634.950	 0.000E+00	-3.154E+03	 1.569E+03
 635.000	 0.000E+00	-3.092E+03	 1.533E+03
 635.050	 0.000E+00	-3.025E+03	 1.542E+03
 635.100	 0.000E+00	-2.964E+03	 1.551E+03
 635.150	 0.000E+00	-2.894E+03	 1.589E+03
 635.200	 0.000E+00	-2.824E+03	 1.622E+03
 635.250	 0.000E+00	-2.750E+03	 1.643E+03
 635.300	 0.000E+00	-2.679E+03	 1.621E+03
 635.350	 0.000E+00	-2.597E+03	 1.591E+03
 635.400	 0.000E+00	-2.512E+03	 1.562E+03
 635.450	 0.000E+00	-2.419E+03	 1.540E+03
 635.500	 0.000E+00	-2.317E+03	 1.545E+03
 635.550	 0.000E+00	-2.204E+03	 1.571E+03
 635.600	 0.000E+00	-2.091E+03	 1.639E+03
 635.650	 0.000E+00	-1.972E+03	 1.727E+03
 635.700	 0.000E+00	-1.842E+03	 1.784E+03
 635.750	 0.000E+00	-1.718E+03	 1.825E+03
 635.800	 0.000E+00	-1.599E+03	 1.812E+03
 635.850	 0.000E+00	-1.472E+03	 1.757E+03
 635.900	 0.000E+00	-1.353E+03	 1.656E+03
 635.950	 0.000E+00	-1.243E+03	 1.558E+03
 636.000	 0.000E+00	-1.125E+03	 1.473E+03
 636.050	 0.000E+00	-1.013E+03	 1.403E+03
 636.100	 0.000E+00	-9.040E+02	 1.356E+03
 636.150	 0.000E+00	-7.947E+02	 1.332E+03
 636.200	 0.000E+00	-6.805E+02	 1.313E+03
 636.250	 0.000E+00	-5.691E+02	 1.295E+03
 636.300	 0.000E+00	-4.534E+02	 1.277E+03
 636.350	 0.000E+00	-3.352E+02	 1.240E+03
 636.400	 0.000E+00	-2.091E+02	 1.195E+03
 636.450	 0.000E+00	-8.171E+01	 1.156E+03
 636.500	 0.000E+00	 4.813E+01	 1.115E+03
 636.550	 0.000E+00	 1.918E+02	 1.110E+03
 636.600	 0.000E+00	 3.295E+02	 1.117E+03
 636.650	 0.000E+00	 4.726E+02	 1.167E+03
 636.700	 0.000E+00	 6.174E+02	 1.232E+03
 636.750	 0.000E+00	 7.588E+02	 1.298E+03
 636.800	 0.000E+00	 8.976E+02	 1.387E+03
 636.850	 0.000E+00	 1.034E+03	 1.465E+03
 636.900	 0.000E+00	 1.160E+03	 1.519E+03
 636.950	 0.000E+00	 1.285E+03	 1.573E+03
 637.000	 0.000E+00	 1.402E+03	 1.604E+03
 637.050	 0.000E+00	 1.512E+03	 1.634E+03
 637.100	 0.000E+00	 1.622E+03	 1.655E+03
 637.150	 0.000E+00	 1.728E+03	 1.661E+03
 637.200	 0.000E+00	 1.829E+03	 1.669E+03
 637.250	 0.000E+00	 1.935E+03	 1.670E+03
 637.300	 0.000E+00	 2.039E+03	 1.658E+03
 637.350	 0.000E+00	 2.144E+03	 1.654E+03
 637.400	 0.000E+00	 2.250E+03	 1.626E+03
 637.450	 0.000E+00	 2.353E+03	 1.580E+03
 637.500	 0.000E+00	 2.456E+03	 1.538E+03
 637.550	 0.000E+00	 2.555E+03	 1.495E+03
 637.600	 0.000E+00	 2.650E+03	 1.438E+03
 637.650	 0.000E+00	 2.737E+03	 1.397E+03
 637.700	 0.000E+00	 2.826E+03	 1.401E+03
 637.750	 0.000E+00	 2.914E+03	 1.437E+03
 637.800	 0.000E+00	 2.986E+03	 1.462E+03
 637.850	 0.000E+00	 3.056E+03	 1.510E+03
 637.900	 0.000E+00	 3.124E+03	 1.563E+03
 637.950	 0.000E+00	 3.184E+03	 1.586E+03
 638.000	 0.000E+00	 3.240E+03	 1.626E+03
 638.050	 0.000E+00	 3.290E+03	 1.622E+03
 638.100	 0.000E+00	 3.337E+03	 1.624E+03
 638.150	 0.000E+00	 3.378E+03	 1.581E+03
 638.200	 0.000E+00	 3.421E+03	 1.572E+03
 638.250	 0.000E+00	 3.458E+03	 1.549E+03
 638.300	 0.000E+00	 3.489E+03	 1.513E+03
 638.350	 0.000E+00	 3.524E+03	 1.522E+03
 638.400	 0.000E+00	 3.552E+03	 1.516E+03
 638.450	 0.000E+00	 3.575E+03	 1.505E+03
 638.500	 0.000E+00	 3.592E+03	 1.514E+03
 638.550	 0.000E+00	 3.600E+03	 1.484E+03
 638.600	 0.000E+00	 3.602E+03	 1.445E+03
 638.650	 0.000E+00	 3.597E+03	 1.412E+03
 638.700	 0.000E+00	 3.588E+03	 1.387E+03
 638.750	 0.000E+00	 3.568E+03	 1.364E+03
 638.800	 0.000E+00	 3.547E+03	 1.366E+03
 638.850	 0.000E+00	 3.523E+03	 1.401E+03
 638.900	 0.000E+00	 3.492E+03	 1.427E+03
 638.950	 0.000E+00	 3.461E+03	 1.453E+03
 639.000	 0.000E+00	 3.425E+03	 1.473E+03
 639.050	 0.000E+00	 3.387E+03	 1.484E+03
 639.100	 0.000E+00	 3.348E+03	 1.478E+03
 639.150	 0.000E+00	 3.306E+03	 1.464E+03
 639.200	 0.000E+00	 3.255E+03	 1.451E+03
 639.250	 0.000E+00	 3.202E+03	 1.453E+03
 639.300	 0.000E+00	 3.146E+03	 1.464E+03
 639.350	 0.000E+00	 3.082E+03	 1.500E+03
 639.400	 0.000E+00	 3.015E+03	 1.528E+03
 639.450	 0.000E+00	 2.944E+03	 1.564E+03
 639.500	 0.000E+00	 2.864E+03	 1.601E+03
 639.550	 0.000E+00	 2.779E+03	 1.627E+03
 639.600	 0.000E+00	 2.690E+03	 1.630E+03
 639.650	 0.000E+00	 2.597E+03	 1.617E+03
 639.700	 0.000E+00	 2.503E+03	 1.606E+03
 639.750	 0.000E+00	 2.406E+03	 1.599E+03
 639.800	 0.000E+00	 2.309E+03	 1.605E+03
 639.850	 0.000E+00	 2.206E+03	 1.629E+03
 639.900	 0.000E+00	 2.107E+03	 1.683E+03
 639.950	 0.000E+00	 2.007E+03	 1.737E+03
 640.000	 0.000E+00	 1.905E+03	 1.785E+03
 640.050	 0.000E+00	 1.799E+03	 1.807E+03
 640.100	 0.000E+00	 1.693E+03	 1.791E+03
 640.150	 0.000E+00	 1.583E+03	 1.751E+03
 640.200	 0.000E+00	 1.466E+03	 1.708E+03
 640.250	 0.000E+00	 1.346E+03	 1.650E+03
 640.300	 0.000E+00	 1.226E+03	 1.612E+03
 640.350	 0.000E+00	 1.103E+03	 1.599E+03
 640.400	 0.000E+00	 9.812E+02	 1.614E+03
 640.450	 0.000E+00	 8.531E+02	 1.634E+03
 640.500	 0.000E+00	 7.234E+02	 1.662E+03
 640.550	 0.000E+00	 5.952E+02	 1.680E+03
 640.600	 0.000E+00	 4.647E+02	 1.672E+03
 640.650	 0.000E+00	 3.277E+02	 1.647E+03
 640.700	 0.000E+00	 1.999E+02	 1.619E+03
 640.750	 0.000E+00	 6.778E+01	 1.579E+03
 640.800	 0.000E+00	-6.163E+01	 1.556E+03
 640.850	 0.000E+00	-1.906E+02	 1.556E+03
 640.900	 0.000E+00	-3.181E+02	 1.568E+03
 640.950	 0.000E+00	-4.475E+02	 1.595E+03
 641.000	 0.000E+00	-5.761E+02	 1.617E+03
 641.050	 0.000E+00	-7.057E+02	 1.609E+03
 641.100	 0.000E+00	-8.422E+02	 1.590E+03
 641.150	 0.000E+00	-9.756E+02	 1.553E+03
 641.200	 0.000E+00	-1.108E+03	 1.504E+03
 641.250	 0.000E+00	-1.240E+03	 1.465E+03
 641.300	 0.000E+00	-1.371E+03	 1.458E+03
 641.350	 0.000E+00	-1.499E+03	 1.442E+03
 641.400	 0.000E+00	-1.621E+03	 1.468E+03
 641.450	 0.000E+00	-1.740E+03	 1.497E+03
 641.500	 0.000E+00	-1.852E+03	 1.532E+03
 641.550	 0.000E+00	-1.957E+03	 1.573E+03
 641.600	 0.000E+00	-2.060E+03	 1.596E+03
 641.650	 0.000E+00	-2.156E+03	 1.612E+03
 641.700	 0.000E+00	-2.248E+03	 1.616E+03
 641.750	 0.000E+00	-2.337E+03	 1.615E+03
 641.800	 0.000E+00	-2.422E+03	 1.632E+03
 641.850	 0.000E+00	-2.502E+03	 1.676E+03
 641.900	 0.000E+00	-2.583E+03	 1.743E+03
 641.950	 0.000E+00	-2.657E+03	 1.844E+03
 642.000	 0.000E+00	-2.732E+03	 1.943E+03
 642.050	 0.000E+00	-2.806E+03	 2.042E+03
 642.100	 0.000E+00	-2.880E+03	 2.117E+03
 642.150	 0.000E+00	-2.952E+03	 2.160E+03
 642.200	 0.000E+00	-3.021E+03	 2.169E+03
 642.250	 0.000E+00	-3.088E+03	 2.157E+03
 642.300	 0.000E+00	-3.151E+03	 2.134E+03
 642.350	 0.000E+00	-3.209E+03	 2.110E+03
 642.400	 0.000E+00	-3.263E+03	 2.090E+03
 642.450	 0.000E+00	-3.312E+03	 2.065E+03
 642.500	 0.000E+00	-3.354E+03	 2.061E+03
 642.550	 0.000E+00	-3.394E+03	 2.036E+03
 642.600	 0.000E+00	-3.430E+03	 2.006E+03
 642.650	 0.000E+00	-3.461E+03	 1.950E+03
 642.700	 0.000E+00	-3.491E+03	 1.876E+03
 642.750	 0.000E+00	-3.516E+03	 1.791E+03
 642.800	 0.000E+00	-3.539E+03	 1.701E+03
 642.850	 0.000E+00	-3.559E+03	 1.630E+03
 642.900	 0.000E+00	-3.568E+03	 1.611E+03
 642.950	 0.000E+00	-3.574E+03	 1.602E+03
 643.000	 0.000E+00	-3.573E+03	 1.646E+03
 643.050	 0.000E+00	-3.564E+03	 1.692E+03
 643.100	 0.000E+00	-3.546E+03	 1.741E+03
 643.150	 0.000E+00	-3.525E+03	 1.776E+03
 643.200	 0.000E+00	-3.497E+03	 1.794E+03
 643.250	 0.000E+00	-3.462E+03	 1.791E+03
 643.300	 0.000E+00	-3.426E+03	 1.784E+03
 643.350	 0.000E+00	-3.380E+03	 1.780E+03
 643.400	 0.000E+00	-3.332E+03	 1.783E+03
 643.450	 0.000E+00	-3.276E+03	 1.803E+03
 643.500	 0.000E+00	-3.220E+03	 1.844E+03
 643.550	 0.000E+00	-3.158E+03	 1.880E+03
 643.600	 0.000E+00	-3.097E+03	 1.898E+03
 643.650	 0.000E+00	-3.035E+03	 1.912E+03
 643.700	 0.000E+00	-2.972E+03	 1.903E+03
 643.750	 0.000E+00	-2.904E+03	 1.878E+03
 643.800	 0.000E+00	-2.843E+03	 1.849E+03
 643.850	 0.000E+00	-2.772E+03	 1.837E+03
 643.900	 0.000E+00	-2.699E+03	 1.822E+03
 643.950	 0.000E+00	-2.622E+03	 1.834E+03
 644.000	 0.000E+00	-2.546E+03	 1.881E+03
 644.050	 0.000E+00	-2.452E+03	 1.935E+03
 644.100	 0.000E+00	-2.355E+03	 2.003E+03
 644.150	 0.000E+00	-2.249E+03	 2.073E+03
 644.200	 0.000E+00	-2.134E+03	 2.116E+03
 644.250	 0.000E+00	-2.016E+03	 2.149E+03
 644.300	 0.000E+00	-1.898E+03	 2.153E+03
 644.350	 0.000E+00	-1.767E+03	 2.132E+03
 644.400	 0.000E+00	-1.640E+03	 2.087E+03
 644.450	 0.000E+00	-1.518E+03	 2.039E+03
 644.500	 0.000E+00	-1.392E+03	 1.982E+03
 644.550	 0.000E+00	-1.267E+03	 1.913E+03
 644.600	 0.000E+00	-1.152E+03	 1.853E+03
 644.650	 0.000E+00	-1.036E+03	 1.783E+03
 644.700	 0.000E+00	-9.209E+02	 1.719E+03
 644.750	 0.000E+00	-8.178E+02	 1.641E+03
 644.800	 0.000E+00	-7.124E+02	 1.559E+03
 644.850	 0.000E+00	-6.004E+02	 1.479E+03
 644.900	 0.000E+00	-4.928E+02	 1.383E+03
 644.950	 0.000E+00	-3.805E+02	 1.298E+03
 645.000	 0.000E+00	-2.648E+02	 1.219E+03
 645.050	 0.000E+00	-1.407E+02	 1.154E+03
 645.100	 0.000E+00	-1.490E+01	 1.100E+03
 645.150	 0.000E+00	 1.168E+02	 1.073E+03
 645.200	 0.000E+00	 2.524E+02	 1.061E+03
 645.250	 0.000E+00	 3.899E+02	 1.090E+03
 645.300	 0.000E+00	 5.309E+02	 1.148E+03
 645.350	 0.000E+00	 6.744E+02	 1.222E+03
 645.400	 0.000E+00	 8.127E+02	 1.309E+03
 645.450	 0.000E+00	 9.528E+02	 1.407E+03
 645.500	 0.000E+00	 1.089E+03	 1.511E+03
 645.550	 0.000E+00	 1.218E+03	 1.596E+03
 645.600	 0.000E+00	 1.347E+03	 1.680E+03
 645.650	 0.000E+00	 1.466E+03	 1.752E+03
 645.700	 0.000E+00	 1.582E+03	 1.819E+03
 645.750	 0.000E+00	 1.696E+03	 1.868E+03
 645.800	 0.000E+00	 1.802E+03	 1.891E+03
 645.850	 0.000E+00	 1.906E+03	 1.888E+03
 645.900	 0.000E+00	 2.013E+03	 1.865E+03
 645.950	 0.000E+00	 2.115E+03	 1.804E+03
 646.000	 0.000E+00	 2.215E+03	 1.720E+03
 646.050	 0.000E+00	 2.314E+03	 1.604E+03
 646.100	 0.000E+00	 2.410E+03	 1.480E+03
 646.150	 0.000E+00	 2.499E+03	 1.354E+03
 646.200	 0.000E+00	 2.591E+03	 1.271E+03
 646.250	 0.000E+00	 2.678E+03	 1.205E+03
 646.300	 0.000E+00	 2.755E+03	 1.145E+03
 646.350	 0.000E+00	 2.833E+03	 1.136E+03
 646.400	 0.000E+00	 2.906E+03	 1.115E+03
 646.450	 0.000E+00	 2.976E+03	 1.123E+03
 646.500	 0.000E+00	 3.038E+03	 1.092E+03
 646.550	 0.000E+00	 3.096E+03	 1.069E+03
 646.600	 0.000E+00	 3.151E+03	 1.065E+03
 646.650	 0.000E+00	 3.205E+03	 1.093E+03
 646.700	 0.000E+00	 3.258E+03	 1.137E+03
 646.750	 0.000E+00	 3.308E+03	 1.203E+03
 646.800	 0.000E+00	 3.361E+03	 1.314E+03
 646.850	 0.000E+00	 3.408E+03	 1.393E+03
 646.900	 0.000E+00	 3.452E+03	 1.462E+03
 646.950	 0.000E+00	 3.494E+03	 1.503E+03
 647.000	 0.000E+00	 3.529E+03	 1.492E+03
 647.050	 0.000E+00	 3.558E+03	 1.461E+03
 647.100	 0.000E+00	 3.579E+03	 1.426E+03
 647.150	 0.000E+00	 3.596E+03	 1.409E+03
 647.200	 0.000E+00	 3.604E+03	 1.401E+03
 647.250	 0.000E+00	 3.605E+03	 1.407E+03
 647.300	 0.000E+00	 3.598E+03	 1.436E+03
 647.350	 0.000E+00	 3.580E+03	 1.450E+03
 647.400	 0.000E+00	 3.561E+03	 1.453E+03
 647.450	 0.000E+00	 3.533E+03	 1.430E+03
 647.500	 0.000E+00	 3.498E+03	 1.382E+03
 647.550	 0.000E+00	 3.461E+03	 1.335E+03
 647.600	 0.000E+00	 3.421E+03	 1.315E+03
 647.650	 0.000E+00	 3.380E+03	 1.320E+03
 647.700	 0.000E+00	 3.339E+03	 1.343E+03
 647.750	 0.000E+00	 3.300E+03	 1.403E+03
 647.800	 0.000E+00	 3.260E+03	 1.457E+03
 647.850	 0.000E+00	 3.217E+03	 1.477E+03
 647.900	 0.000E+00	 3.171E+03	 1.478E+03
 647.950	 0.000E+00	 3.120E+03	 1.455E+03
 648.000	 0.000E+00	 3.060E+03	 1.411E+03
 648.050	 0.000E+00	 3.001E+03	 1.392E+03
 648.100	 0.000E+00	 2.926E+03	 1.374E+03
 648.150	 0.000E+00	 2.848E+03	 1.407E+03
 648.200	 0.000E+00	 2.764E+03	 1.455E+03
 648.250	 0.000E+00	 2.669E+03	 1.513E+03
 648.300	 0.000E+00	 2.572E+03	 1.587E+03
 648.350	 0.000E+00	 2.467E+03	 1.630E+03
 648.400	 0.000E+00	 2.359E+03	 1.666E+03
 648.450	 0.000E+00	 2.248E+03	 1.661E+03
 648.500	 0.000E+00	 2.141E+03	 1.661E+03
 648.550	 0.000E+00	 2.027E+03	 1.640E+03
 648.600	 0.000E+00	 1.919E+03	 1.612E+03
 648.650	 0.000E+00	 1.815E+03	 1.628E+03
 648.700	 0.000E+00	 1.703E+03	 1.632E+03
 648.750	 0.000E+00	 1.603E+03	 1.654E+03
 648.800	 0.000E+00	 1.499E+03	 1.681E+03
 648.850	 0.000E+00	 1.393E+03	 1.709E+03
 648.900	 0.000E+00	 1.289E+03	 1.697E+03
 648.950	 0.000E+00	 1.179E+03	 1.676E+03
 649.000	 0.000E+00	 1.066E+03	 1.638E+03
 649.050	 0.000E+00	 9.513E+02	 1.603E+03
 649.100	 0.000E+00	 8.308E+02	 1.551E+03
 649.150	 0.000E+00	 7.033E+02	 1.529E+03
 649.200	 0.000E+00	 5.743E+02	 1.521E+03
 649.250	 0.000E+00	 4.406E+02	 1.514E+03
 649.300	 0.000E+00	 3.024E+02	 1.509E+03
 649.350	 0.000E+00	 1.602E+02	 1.509E+03
 649.400	 0.000E+00	 1.710E+01	 1.486E+03
 649.450	 0.000E+00	-1.196E+02	 1.473E+03
 649.500	 0.000E+00	-2.557E+02	 1.461E+03
 649.550	 0.000E+00	-3.955E+02	 1.426E+03
 649.600	 0.000E+00	-5.243E+02	 1.414E+03
 649.650	 0.000E+00	-6.493E+02	 1.420E+03
 649.700	 0.000E+00	-7.716E+02	 1.417E+03
 649.750	 0.000E+00	-8.936E+02	 1.417E+03
 649.800	 0.000E+00	-1.012E+03	 1.424E+03
 649.850	 0.000E+00	-1.126E+03	 1.436E+03
 649.900	 0.000E+00	-1.247E+03	 1.419E+03
 649.950	 0.000E+00	-1.365E+03	 1.426E+03
 650.000	 0.000E+00	-1.486E+03	 1.431E+03
 650.050	 0.000E+00	-1.609E+03	 1.458E+03
 650.100	 0.000E+00	-1.729E+03	 1.491E+03
 650.150	 0.000E+00	-1.849E+03	 1.520E+03
 650.200	 0.000E+00	-1.969E+03	 1.552E+03
 650.250	 0.000E+00	-2.083E+03	 1.587E+03
 650.300	 0.000E+00	-2.192E+03	 1.598E+03
 650.350	 0.000E+00	-2.298E+03	 1.601E+03
 650.400	 0.000E+00	-2.399E+03	 1.602E+03
 650.450	 0.000E+00	-2.490E+03	 1.592E+03
 650.500	 0.000E+00	-2.577E+03	 1.574E+03
 650.550	 0.000E+00	-2.661E+03	 1.557E+03
 650.600	 0.000E+00	-2.734E+03	 1.561E+03
 650.650	 0.000E+00	-2.805E+03	 1.568E+03
 650.700	 0.000E+00	-2.873E+03	 1.586E+03
 650.750	 0.000E+00	-2.934E+03	 1.616E+03
 650.800	 0.000E+00	-2.995E+03	 1.635E+03
 650.850	 0.000E+00	-3.056E+03	 1.635E+03
 650.900	 0.000E+00	-3.115E+03	 1.638E+03
 650.950	 0.000E+00	-3.173E+03	 1.643E+03
 651.000	 0.000E+00	-3.230E+03	 1.652E+03
 651.050	 0.000E+00	-3.286E+03	 1.674E+03
 651.100	 0.000E+00	-3.338E+03	 1.733E+03
 651.150	 0.000E+00	-3.384E+03	 1.806E+03
 651.200	 0.000E+00	-3.425E+03	 1.890E+03
 651.250	 0.000E+00	-3.462E+03	 1.977E+03
 651.300	 0.000E+00	-3.492E+03	 2.036E+03
 651.350	 0.000E+00	-3.514E+03	 2.055E+03
 651.400	 0.000E+00	-3.531E+03	 2.041E+03
 651.450	 0.000E+00	-3.543E+03	 1.976E+03
 651.500	 0.000E+00	-3.549E+03	 1.904E+03
 651.550	 0.000E+00	-3.553E+03	 1.815E+03
 651.600	 0.000E+00	-3.550E+03	 1.747E+03
 651.650	 0.000E+00	-3.540E+03	 1.710E+03
 651.700	 0.000E+00	-3.530E+03	 1.685E+03
 651.750	 0.000E+00	-3.512E+03	 1.681E+03
 651.800	 0.000E+00	-3.493E+03	 1.676E+03
 651.850	 0.000E+00	-3.470E+03	 1.672E+03
 651.900	 0.000E+00	-3.448E+03	 1.629E+03
 651.950	 0.000E+00	-3.419E+03	 1.591E+03
 652.000	 0.000E+00	-3.390E+03	 1.546E+03
 652.050	 0.000E+00	-3.354E+03	 1.518E+03
 652.100	 0.000E+00	-3.311E+03	 1.503E+03
 652.150	 0.000E+00	-3.264E+03	 1.512E+03
 652.200	 0.000E+00	-3.215E+03	 1.528E+03
 652.250	 0.000E+00	-3.149E+03	 1.580E+03
 652.300	 0.000E+00	-3.089E+03	 1.632E+03
 652.350	 0.000E+00	-3.010E+03	 1.676E+03
 652.400	 0.000E+00	-2.934E+03	 1.728E+03
 652.450	 0.000E+00	-2.847E+03	 1.768E+03
 652.500	 0.000E+00	-2.757E+03	 1.810E+03
 652.550	 0.000E+00	-2.663E+03	 1.861E+03
 652.600	 0.000E+00	-2.568E+03	 1.918E+03
 652.650	 0.000E+00	-2.460E+03	 2.007E+03
 652.700	 0.000E+00	-2.362E+03	 2.093E+03
 652.750	 0.000E+00	-2.256E+03	 2.184E+03
 652.800	 0.000E+00	-2.155E+03	 2.261E+03
 652.850	 0.000E+00	-2.050E+03	 2.314E+03
 652.900	 0.000E+00	-1.945E+03	 2.333E+03
 652.950	 0.000E+00	-1.844E+03	 2.321E+03
 653.000	 0.000E+00	-1.741E+03	 2.288E+03
 653.050	 0.000E+00	-1.635E+03	 2.219E+03
 653.100	 0.000E+00	-1.532E+03	 2.133E+03
 653.150	 0.000E+00	-1.426E+03	 2.037E+03
 653.200	 0.000E+00	-1.315E+03	 1.925E+03
 653.250	 0.000E+00	-1.201E+03	 1.808E+03
 653.300	 0.000E+00	-1.087E+03	 1.692E+03
 653.350	 0.000E+00	-9.661E+02	 1.593E+03
 653.400	 0.000E+00	-8.416E+02	 1.494E+03
 653.450	 0.000E+00	-7.167E+02	 1.412E+03
 653.500	 0.000E+00	-5.849E+02	 1.350E+03
 653.550	 0.000E+00	-4.515E+02	 1.286E+03
 653.600	 0.000E+00	-3.199E+02	 1.239E+03
 653.650	 0.000E+00	-1.862E+02	 1.200E+03
 653.700	 0.000E+00	-5.061E+01	 1.154E+03
 653.750	 0.000E+00	 7.859E+01	 1.119E+03
 653.800	 0.000E+00	 2.089E+02	 1.099E+03
 653.850	 0.000E+00	 3.408E+02	 1.120E+03
 653.900	 0.000E+00	 4.678E+02	 1.179E+03
 653.950	 0.000E+00	 5.939E+02	 1.268E+03
 654.000	 0.000E+00	 7.178E+02	 1.375E+03
 654.050	 0.000E+00	 8.473E+02	 1.503E+03
 654.100	 0.000E+00	 9.711E+02	 1.624E+03
 654.150	 0.000E+00	 1.102E+03	 1.732E+03
 654.200	 0.000E+00	 1.231E+03	 1.800E+03
 654.250	 0.000E+00	 1.361E+03	 1.859E+03
 654.300	 0.000E+00	 1.489E+03	 1.883E+03
 654.350	 0.000E+00	 1.616E+03	 1.894E+03
 654.400	 0.000E+00	 1.745E+03	 1.885E+03
 654.450	 0.000E+00	 1.863E+03	 1.850E+03
 654.500	 0.000E+00	 1.975E+03	 1.797E+03
 654.550	 0.000E+00	 2.087E+03	 1.736E+03
 654.600	 0.000E+00	 2.190E+03	 1.655E+03
 654.650	 0.000E+00	 2.283E+03	 1.557E+03
 654.700	 0.000E+00	 2.370E+03	 1.451E+03
 654.750	 0.000E+00	 2.456E+03	 1.366E+03
 654.800	 0.000E+00	 2.536E+03	 1.287E+03
 654.850	 0.000E+00	 2.608E+03	 1.203E+03
 654.900	 0.000E+00	 2.683E+03	 1.169E+03
 654.950	 0.000E+00	 2.757E+03	 1.151E+03
 655.000	 0.000E+00	 2.825E+03	 1.129E+03
 655.050	 0.000E+00	 2.894E+03	 1.137E+03
 655.100	 0.000E+00	 2.968E+03	 1.168E+03
 655.150	 0.000E+00	 3.037E+03	 1.167E+03
 655.200	 0.000E+00	 3.108E+03	 1.187E+03
 655.250	 0.000E+00	 3.180E+03	 1.208E+03
 655.300	 0.000E+00	 3.249E+03	 1.242E+03
 655.350	 0.000E+00	 3.313E+03	 1.275E+03
 655.400	 0.000E+00	 3.374E+03	 1.329E+03
 655.450	 0.000E+00	 3.431E+03	 1.402E+03
 655.500	 0.000E+00	 3.475E+03	 1.445E+03
 655.550	 0.000E+00	 3.511E+03	 1.504E+03
 655.600	 0.000E+00	 3.537E+03	 1.537E+03
 655.650	 0.000E+00	 3.557E+03	 1.583E+03
 655.700	 0.000E+00	 3.562E+03	 1.579E+03
 655.750	 0.000E+00	 3.563E+03	 1.569E+03
 655.800	 0.000E+00	 3.560E+03	 1.578E+03
 655.850	 0.000E+00	 3.553E+03	 1.578E+03
 655.900	 0.000E+00	 3.544E+03	 1.582E+03
 655.950	 0.000E+00	 3.536E+03	 1.593E+03
 656.000	 0.000E+00	 3.526E+03	 1.586E+03
 656.050	 0.000E+00	 3.516E+03	 1.567E+03
 656.100	 0.000E+00	 3.503E+03	 1.538E+03
 656.150	 0.000E+00	 3.489E+03	 1.501E+03
 656.200	 0.000E+00	 3.472E+03	 1.449E+03
 656.250	 0.000E+00	 3.449E+03	 1.404E+03
 656.300	 0.000E+00	 3.420E+03	 1.368E+03
 656.350	 0.000E+00	 3.388E+03	 1.349E+03
 656.400	 0.000E+00	 3.351E+03	 1.346E+03
 656.450	 0.000E+00	 3.304E+03	 1.366E+03
 656.500	 0.000E+00	 3.251E+03	 1.374E+03
 656.550	 0.000E+00	 3.189E+03	 1.375E+03
 656.600	 0.000E+00	 3.118E+03	 1.376E+03
 656.650	 0.000E+00	 3.040E+03	 1.363E+03
 656.700	 0.000E+00	 2.960E+03	 1.351E+03
 656.750	 0.000E+00	 2.872E+03	 1.357E+03
 656.800	 0.000E+00	 2.781E+03	 1.379E+03
 656.850	 0.000E+00	 2.689E+03	 1.418E+03
 656.900	 0.000E+00	 2.601E+03	 1.487E+03
 656.950	 0.000E+00	 2.509E+03	 1.549E+03
 657.000	 0.000E+00	 2.421E+03	 1.597E+03
 657.050	 0.000E+00	 2.336E+03	 1.621E+03
 657.100	 0.000E+00	 2.245E+03	 1.621E+03
 657.150	 0.000E+00	 2.153E+03	 1.604E+03
 657.200	 0.000E+00	 2.058E+03	 1.576E+03
 657.250	 0.000E+00	 1.957E+03	 1.554E+03
 657.300	 0.000E+00	 1.850E+03	 1.534E+03
 657.350	 0.000E+00	 1.746E+03	 1.572E+03
 657.400	 0.000E+00	 1.628E+03	 1.606E+03
 657.450	 0.000E+00	 1.511E+03	 1.654E+03
 657.500	 0.000E+00	 1.389E+03	 1.687E+03
 657.550	 0.000E+00	 1.261E+03	 1.705E+03
 657.600	 0.000E+00	 1.131E+03	 1.694E+03
 657.650	 0.000E+00	 1.001E+03	 1.637E+03
 657.700	 0.000E+00	 8.758E+02	 1.593E+03
 657.750	 0.000E+00	 7.398E+02	 1.534E+03
 657.800	 0.000E+00	 6.134E+02	 1.492E+03
 657.850	 0.000E+00	 4.868E+02	 1.470E+03
 657.900	 0.000E+00	 3.579E+02	 1.462E+03
 657.950	 0.000E+00	 2.326E+02	 1.474E+03
 658.000	 0.000E+00	 1.123E+02	 1.499E+03
 658.050	 0.000E+00	-1.024E+01	 1.499E+03
 658.100	 0.000E+00	-1.304E+02	 1.502E+03
 658.150	 0.000E+00	-2.497E+02	 1.480E+03
 658.200	 0.000E+00	-3.779E+02	 1.444E+03
 658.250	 0.000E+00	-4.976E+02	 1.426E+03
 658.300	 0.000E+00	-6.204E+02	 1.405E+03
 658.350	 0.000E+00	-7.535E+02	 1.396E+03
 658.400	 0.000E+00	-8.830E+02	 1.414E+03
 658.450	 0.000E+00	-1.011E+03	 1.446E+03
 658.500	 0.000E+00	-1.147E+03	 1.472E+03
 658.550	 0.000E+00	-1.280E+03	 1.493E+03
 658.600	 0.000E+00	-1.410E+03	 1.497E+03
 658.650	 0.000E+00	-1.537E+03	 1.505E+03
 658.700	 0.000E+00	-1.662E+03	 1.497E+03
 658.750	 0.000E+00	-1.776E+03	 1.509E+03
 658.800	 0.000E+00	-1.886E+03	 1.520E+03
 658.850	 0.000E+00	-1.990E+03	 1.549E+03
 658.900	 0.000E+00	-2.086E+03	 1.571E+03
 658.950	 0.000E+00	-2.180E+03	 1.596E+03
 659.000	 0.000E+00	-2.269E+03	 1.602E+03
 659.050	 0.000E+00	-2.352E+03	 1.594E+03
 659.100	 0.000E+00	-2.437E+03	 1.562E+03
 659.150	 0.000E+00	-2.521E+03	 1.539E+03
 659.200	 0.000E+00	-2.602E+03	 1.522E+03
 659.250	 0.000E+00	-2.685E+03	 1.505E+03
 659.300	 0.000E+00	-2.769E+03	 1.508E+03
 659.350	 0.000E+00	-2.846E+03	 1.541E+03
 659.400	 0.000E+00	-2.926E+03	 1.553E+03
 659.450	 0.000E+00	-3.006E+03	 1.563E+03
 659.500	 0.000E+00	-3.082E+03	 1.560E+03
 659.550	 0.000E+00	-3.152E+03	 1.555E+03
 659.600	 0.000E+00	-3.221E+03	 1.534E+03
 659.650	 0.000E+00	-3.284E+03	 1.516E+03
 659.700	 0.000E+00	-3.340E+03	 1.523E+03
 659.750	 0.000E+00	-3.387E+03	 1.554E+03
 659.800	 0.000E+00	-3.427E+03	 1.608E+03
 659.850	 0.000E+00	-3.458E+03	 1.686E+03
 659.900	 0.000E+00	-3.481E+03	 1.770E+03
 659.950	 0.000E+00	-3.498E+03	 1.835E+03
 660.000	 0.000E+00	-3.511E+03	 1.865E+03
