
These predictions were generated by FAST (v7.01.00a-bjj, 16-Feb-2012) on 15-Jul-2019 at 11:48:22.
The aerodynamic calculations were made by AeroDyn (v13.00.01a-bjj, 16-Feb-2012).

 NREL 5.0 MW Baseline Wind Turbine for Use in Offshore Analysis.

Time	BldPitch1	RootMxb1	RootMyb1
(s)	(deg)	(kN·m)	(kN·m)
   0.050	 0.000E+00	 6.711E+01	 5.119E+02
   0.100	 0.000E+00	 1.635E+02	 8.503E+02
   0.150	 0.000E+00	 2.949E+02	 1.505E+03
   0.200	 0.000E+00	 4.370E+02	 2.255E+03
   0.250	 0.000E+00	 6.030E+02	 3.064E+03
   0.300	 0.000E+00	 7.848E+02	 3.869E+03
   0.350	 0.000E+00	 9.728E+02	 4.633E+03
   0.400	 0.000E+00	 1.179E+03	 5.352E+03
   0.450	 0.000E+00	 1.411E+03	 6.030E+03
   0.500	 0.000E+00	 1.650E+03	 6.637E+03
   0.550	 0.000E+00	 1.890E+03	 7.197E+03
   0.600	 0.000E+00	 2.136E+03	 7.697E+03
   0.650	 0.000E+00	 2.361E+03	 8.122E+03
   0.700	 0.000E+00	 2.559E+03	 8.449E+03
   0.750	 0.000E+00	 2.724E+03	 8.634E+03
   0.800	 0.000E+00	 2.835E+03	 8.733E+03
   0.850	 0.000E+00	 2.898E+03	 8.743E+03
   0.900	 0.000E+00	 2.895E+03	 8.605E+03
   0.950	 0.000E+00	 2.837E+03	 8.487E+03
   1.000	 0.000E+00	 2.770E+03	 8.342E+03
   1.050	 0.000E+00	 2.722E+03	 8.140E+03
   1.100	 0.000E+00	 2.700E+03	 7.877E+03
   1.150	 0.000E+00	 2.743E+03	 7.579E+03
   1.200	 0.000E+00	 2.855E+03	 7.249E+03
   1.250	 0.000E+00	 3.010E+03	 6.872E+03
   1.300	 0.000E+00	 3.211E+03	 6.500E+03
   1.350	 0.000E+00	 3.452E+03	 6.215E+03
   1.400	 0.000E+00	 3.679E+03	 6.032E+03
   1.450	 0.000E+00	 3.864E+03	 5.908E+03
   1.500	 0.000E+00	 4.021E+03	 5.899E+03
   1.550	 0.000E+00	 4.115E+03	 5.858E+03
   1.600	 0.000E+00	 4.181E+03	 5.940E+03
   1.650	 0.000E+00	 4.201E+03	 5.967E+03
   1.700	 0.000E+00	 4.185E+03	 6.017E+03
   1.750	 0.000E+00	 4.124E+03	 6.050E+03
   1.800	 0.000E+00	 4.044E+03	 6.111E+03
   1.850	 0.000E+00	 3.936E+03	 6.227E+03
   1.900	 0.000E+00	 3.825E+03	 6.430E+03
   1.950	 0.000E+00	 3.705E+03	 6.648E+03
   2.000	 0.000E+00	 3.596E+03	 6.953E+03
   2.050	 0.000E+00	 3.523E+03	 7.285E+03
   2.100	 0.000E+00	 3.473E+03	 7.510E+03
   2.150	 0.000E+00	 3.475E+03	 7.643E+03
   2.200	 0.000E+00	 3.525E+03	 7.755E+03
   2.250	 0.000E+00	 3.597E+03	 7.705E+03
   2.300	 0.000E+00	 3.732E+03	 7.624E+03
   2.350	 0.000E+00	 3.848E+03	 7.461E+03
   2.400	 0.000E+00	 3.968E+03	 7.393E+03
   2.450	 0.000E+00	 4.055E+03	 7.439E+03
   2.500	 0.000E+00	 4.084E+03	 7.578E+03
   2.550	 0.000E+00	 4.033E+03	 7.749E+03
   2.600	 0.000E+00	 3.929E+03	 7.869E+03
   2.650	 0.000E+00	 3.767E+03	 7.917E+03
   2.700	 0.000E+00	 3.540E+03	 7.859E+03
   2.750	 0.000E+00	 3.285E+03	 7.690E+03
   2.800	 0.000E+00	 3.017E+03	 7.443E+03
   2.850	 0.000E+00	 2.739E+03	 7.190E+03
   2.900	 0.000E+00	 2.488E+03	 6.950E+03
   2.950	 0.000E+00	 2.265E+03	 6.819E+03
   3.000	 0.000E+00	 2.062E+03	 6.783E+03
   3.050	 0.000E+00	 1.900E+03	 6.863E+03
   3.100	 0.000E+00	 1.763E+03	 6.924E+03
   3.150	 0.000E+00	 1.644E+03	 6.894E+03
   3.200	 0.000E+00	 1.551E+03	 6.778E+03
   3.250	 0.000E+00	 1.471E+03	 6.634E+03
   3.300	 0.000E+00	 1.383E+03	 6.443E+03
   3.350	 0.000E+00	 1.301E+03	 6.331E+03
   3.400	 0.000E+00	 1.210E+03	 6.294E+03
   3.450	 0.000E+00	 1.116E+03	 6.312E+03
   3.500	 0.000E+00	 9.759E+02	 6.337E+03
   3.550	 0.000E+00	 8.083E+02	 6.351E+03
   3.600	 0.000E+00	 6.202E+02	 6.351E+03
   3.650	 0.000E+00	 4.039E+02	 6.344E+03
   3.700	 0.000E+00	 1.585E+02	 6.321E+03
   3.750	 0.000E+00	-9.792E+01	 6.303E+03
   3.800	 0.000E+00	-3.738E+02	 6.256E+03
   3.850	 0.000E+00	-6.406E+02	 6.241E+03
   3.900	 0.000E+00	-8.710E+02	 6.291E+03
   3.950	 0.000E+00	-1.067E+03	 6.351E+03
   4.000	 0.000E+00	-1.226E+03	 6.404E+03
   4.050	 0.000E+00	-1.326E+03	 6.433E+03
   4.100	 0.000E+00	-1.373E+03	 6.488E+03
   4.150	 0.000E+00	-1.396E+03	 6.581E+03
   4.200	 0.000E+00	-1.416E+03	 6.708E+03
   4.250	 0.000E+00	-1.444E+03	 6.837E+03
   4.300	 0.000E+00	-1.497E+03	 6.978E+03
   4.350	 0.000E+00	-1.599E+03	 7.083E+03
   4.400	 0.000E+00	-1.751E+03	 7.140E+03
   4.450	 0.000E+00	-1.936E+03	 7.154E+03
   4.500	 0.000E+00	-2.134E+03	 7.168E+03
   4.550	 0.000E+00	-2.324E+03	 7.206E+03
   4.600	 0.000E+00	-2.518E+03	 7.336E+03
   4.650	 0.000E+00	-2.701E+03	 7.580E+03
   4.700	 0.000E+00	-2.863E+03	 7.858E+03
   4.750	 0.000E+00	-2.987E+03	 8.145E+03
   4.800	 0.000E+00	-3.079E+03	 8.376E+03
   4.850	 0.000E+00	-3.124E+03	 8.532E+03
   4.900	 0.000E+00	-3.121E+03	 8.598E+03
   4.950	 0.000E+00	-3.080E+03	 8.610E+03
   5.000	 0.000E+00	-2.995E+03	 8.685E+03
   5.050	 0.000E+00	-2.895E+03	 8.847E+03
   5.100	 0.000E+00	-2.777E+03	 9.117E+03
   5.150	 0.000E+00	-2.641E+03	 9.503E+03
   5.200	 0.000E+00	-2.505E+03	 9.856E+03
   5.250	 0.000E+00	-2.374E+03	 1.021E+04
   5.300	 0.000E+00	-2.288E+03	 1.042E+04
   5.350	 0.000E+00	-2.229E+03	 1.054E+04
   5.400	 0.000E+00	-2.197E+03	 1.054E+04
   5.450	 0.000E+00	-2.183E+03	 1.052E+04
   5.500	 0.000E+00	-2.193E+03	 1.046E+04
   5.550	 0.000E+00	-2.209E+03	 1.034E+04
   5.600	 0.000E+00	-2.236E+03	 1.022E+04
   5.650	 0.000E+00	-2.280E+03	 1.005E+04
   5.700	 0.000E+00	-2.297E+03	 9.898E+03
   5.750	 0.000E+00	-2.264E+03	 9.776E+03
   5.800	 0.000E+00	-2.203E+03	 9.578E+03
   5.850	 0.000E+00	-2.056E+03	 9.331E+03
   5.900	 0.000E+00	-1.860E+03	 9.030E+03
   5.950	 0.000E+00	-1.625E+03	 8.688E+03
   6.000	 0.000E+00	-1.349E+03	 8.382E+03
   6.050	 0.000E+00	-1.018E+03	 8.164E+03
   6.100	 0.000E+00	-7.162E+02	 8.102E+03
   6.150	 0.000E+00	-3.964E+02	 8.179E+03
   6.200	 0.000E+00	-7.817E+01	 8.483E+03
   6.250	 0.000E+00	 1.958E+02	 8.912E+03
   6.300	 0.000E+00	 4.189E+02	 9.351E+03
   6.350	 0.000E+00	 5.946E+02	 9.723E+03
   6.400	 0.000E+00	 7.251E+02	 9.995E+03
   6.450	 0.000E+00	 8.378E+02	 1.020E+04
   6.500	 0.000E+00	 9.378E+02	 1.039E+04
   6.550	 0.000E+00	 1.037E+03	 1.063E+04
   6.600	 0.000E+00	 1.137E+03	 1.087E+04
   6.650	 0.000E+00	 1.269E+03	 1.117E+04
   6.700	 0.000E+00	 1.437E+03	 1.150E+04
   6.750	 0.000E+00	 1.652E+03	 1.178E+04
   6.800	 0.000E+00	 1.900E+03	 1.198E+04
   6.850	 0.000E+00	 2.166E+03	 1.201E+04
   6.900	 0.000E+00	 2.465E+03	 1.188E+04
   6.950	 0.000E+00	 2.811E+03	 1.164E+04
   7.000	 0.000E+00	 3.155E+03	 1.140E+04
   7.050	 0.000E+00	 3.491E+03	 1.129E+04
   7.100	 0.000E+00	 3.818E+03	 1.131E+04
   7.150	 0.000E+00	 4.095E+03	 1.146E+04
   7.200	 0.000E+00	 4.329E+03	 1.175E+04
   7.250	 0.000E+00	 4.513E+03	 1.209E+04
   7.300	 0.000E+00	 4.597E+03	 1.229E+04
   7.350	 0.000E+00	 4.618E+03	 1.237E+04
   7.400	 0.000E+00	 4.603E+03	 1.229E+04
   7.450	 0.000E+00	 4.543E+03	 1.209E+04
   7.500	 0.000E+00	 4.450E+03	 1.186E+04
   7.550	 0.000E+00	 4.359E+03	 1.166E+04
   7.600	 0.000E+00	 4.293E+03	 1.149E+04
   7.650	 0.000E+00	 4.237E+03	 1.128E+04
   7.700	 0.000E+00	 4.236E+03	 1.112E+04
   7.750	 0.000E+00	 4.323E+03	 1.108E+04
   7.800	 0.000E+00	 4.435E+03	 1.089E+04
   7.850	 0.000E+00	 4.561E+03	 1.064E+04
   7.900	 0.000E+00	 4.671E+03	 1.032E+04
   7.950	 0.000E+00	 4.783E+03	 1.004E+04
   8.000	 0.000E+00	 4.917E+03	 9.844E+03
   8.050	 0.000E+00	 5.023E+03	 9.770E+03
   8.100	 0.000E+00	 5.077E+03	 9.885E+03
   8.150	 0.000E+00	 5.078E+03	 1.014E+04
   8.200	 0.000E+00	 5.016E+03	 1.052E+04
   8.250	 0.000E+00	 4.883E+03	 1.086E+04
   8.300	 0.000E+00	 4.672E+03	 1.105E+04
   8.350	 0.000E+00	 4.397E+03	 1.117E+04
   8.400	 0.000E+00	 4.060E+03	 1.113E+04
   8.450	 0.000E+00	 3.715E+03	 1.099E+04
   8.500	 0.000E+00	 3.375E+03	 1.080E+04
   8.550	 0.000E+00	 3.039E+03	 1.061E+04
   8.600	 0.000E+00	 2.718E+03	 1.041E+04
   8.650	 0.000E+00	 2.448E+03	 1.024E+04
   8.700	 0.000E+00	 2.203E+03	 1.008E+04
   8.750	 0.000E+00	 2.009E+03	 9.830E+03
   8.800	 0.000E+00	 1.891E+03	 9.529E+03
   8.850	 0.000E+00	 1.828E+03	 9.186E+03
   8.900	 0.000E+00	 1.774E+03	 8.877E+03
   8.950	 0.000E+00	 1.763E+03	 8.698E+03
   9.000	 0.000E+00	 1.744E+03	 8.686E+03
   9.050	 0.000E+00	 1.684E+03	 8.815E+03
   9.100	 0.000E+00	 1.599E+03	 8.949E+03
   9.150	 0.000E+00	 1.470E+03	 8.973E+03
   9.200	 0.000E+00	 1.281E+03	 8.973E+03
   9.250	 0.000E+00	 1.047E+03	 9.043E+03
   9.300	 0.000E+00	 7.777E+02	 9.155E+03
   9.350	 0.000E+00	 4.834E+02	 9.379E+03
   9.400	 0.000E+00	 1.649E+02	 9.646E+03
   9.450	 0.000E+00	-1.491E+02	 9.949E+03
   9.500	 0.000E+00	-4.418E+02	 1.025E+04
   9.550	 0.000E+00	-7.142E+02	 1.046E+04
   9.600	 0.000E+00	-9.641E+02	 1.047E+04
   9.650	 0.000E+00	-1.156E+03	 1.036E+04
   9.700	 0.000E+00	-1.268E+03	 1.017E+04
   9.750	 0.000E+00	-1.344E+03	 9.991E+03
   9.800	 0.000E+00	-1.372E+03	 9.884E+03
   9.850	 0.000E+00	-1.349E+03	 9.907E+03
   9.900	 0.000E+00	-1.359E+03	 1.005E+04
   9.950	 0.000E+00	-1.416E+03	 1.024E+04
  10.000	 0.000E+00	-1.493E+03	 1.041E+04
  10.050	 0.000E+00	-1.597E+03	 1.049E+04
  10.100	 0.000E+00	-1.753E+03	 1.034E+04
  10.150	 0.000E+00	-1.914E+03	 1.007E+04
  10.200	 0.000E+00	-2.068E+03	 9.750E+03
  10.250	 0.000E+00	-2.206E+03	 9.464E+03
  10.300	 0.000E+00	-2.329E+03	 9.312E+03
  10.350	 0.000E+00	-2.411E+03	 9.378E+03
  10.400	 0.000E+00	-2.483E+03	 9.627E+03
  10.450	 6.579E-02	-2.562E+03	 9.909E+03
  10.500	 1.435E-01	-2.612E+03	 1.020E+04
  10.550	 2.241E-01	-2.673E+03	 1.037E+04
  10.600	 3.081E-01	-2.713E+03	 1.035E+04
  10.650	 3.943E-01	-2.702E+03	 1.020E+04
  10.700	 4.795E-01	-2.628E+03	 1.003E+04
  10.750	 5.614E-01	-2.491E+03	 9.800E+03
  10.800	 6.401E-01	-2.298E+03	 9.637E+03
  10.850	 7.174E-01	-2.112E+03	 9.638E+03
  10.900	 7.939E-01	-1.920E+03	 9.792E+03
  10.950	 8.697E-01	-1.711E+03	 1.000E+04
  11.000	 9.451E-01	-1.521E+03	 1.019E+04
  11.050	 1.021E+00	-1.352E+03	 1.029E+04
  11.100	 1.099E+00	-1.178E+03	 1.022E+04
  11.150	 1.179E+00	-1.023E+03	 9.995E+03
  11.200	 1.259E+00	-8.824E+02	 9.743E+03
  11.250	 1.338E+00	-7.356E+02	 9.580E+03
  11.300	 1.416E+00	-5.445E+02	 9.569E+03
  11.350	 1.492E+00	-3.734E+02	 9.798E+03
  11.400	 1.567E+00	-1.646E+02	 1.017E+04
  11.450	 1.641E+00	 9.697E+01	 1.060E+04
  11.500	 1.713E+00	 3.771E+02	 1.109E+04
  11.550	 1.784E+00	 6.952E+02	 1.150E+04
  11.600	 1.856E+00	 1.040E+03	 1.175E+04
  11.650	 1.930E+00	 1.382E+03	 1.183E+04
  11.700	 2.006E+00	 1.725E+03	 1.184E+04
  11.750	 2.081E+00	 2.061E+03	 1.177E+04
  11.800	 2.153E+00	 2.364E+03	 1.172E+04
  11.850	 2.225E+00	 2.624E+03	 1.176E+04
  11.900	 2.297E+00	 2.833E+03	 1.186E+04
  11.950	 2.370E+00	 2.991E+03	 1.190E+04
  12.000	 2.443E+00	 3.112E+03	 1.186E+04
  12.050	 2.516E+00	 3.240E+03	 1.176E+04
  12.100	 2.588E+00	 3.340E+03	 1.162E+04
  12.150	 2.659E+00	 3.395E+03	 1.139E+04
  12.200	 2.729E+00	 3.439E+03	 1.108E+04
  12.250	 2.796E+00	 3.483E+03	 1.066E+04
  12.300	 2.858E+00	 3.530E+03	 1.018E+04
  12.350	 2.915E+00	 3.614E+03	 9.673E+03
  12.400	 2.969E+00	 3.733E+03	 9.214E+03
  12.450	 3.019E+00	 3.889E+03	 8.848E+03
  12.500	 3.067E+00	 4.065E+03	 8.558E+03
  12.550	 3.116E+00	 4.266E+03	 8.465E+03
  12.600	 3.166E+00	 4.438E+03	 8.519E+03
  12.650	 3.219E+00	 4.571E+03	 8.696E+03
  12.700	 3.272E+00	 4.666E+03	 8.942E+03
  12.750	 3.323E+00	 4.707E+03	 9.120E+03
  12.800	 3.368E+00	 4.693E+03	 9.108E+03
  12.850	 3.407E+00	 4.619E+03	 8.860E+03
  12.900	 3.438E+00	 4.524E+03	 8.576E+03
  12.950	 3.461E+00	 4.401E+03	 8.247E+03
  13.000	 3.479E+00	 4.272E+03	 7.980E+03
  13.050	 3.492E+00	 4.112E+03	 7.752E+03
  13.100	 3.506E+00	 3.940E+03	 7.592E+03
  13.150	 3.523E+00	 3.762E+03	 7.469E+03
  13.200	 3.546E+00	 3.601E+03	 7.425E+03
  13.250	 3.574E+00	 3.449E+03	 7.433E+03
  13.300	 3.605E+00	 3.337E+03	 7.525E+03
  13.350	 3.635E+00	 3.255E+03	 7.656E+03
  13.400	 3.662E+00	 3.201E+03	 7.826E+03
  13.450	 3.682E+00	 3.160E+03	 7.970E+03
  13.500	 3.695E+00	 3.116E+03	 8.084E+03
  13.550	 3.702E+00	 3.058E+03	 8.198E+03
  13.600	 3.705E+00	 2.969E+03	 8.260E+03
  13.650	 3.709E+00	 2.844E+03	 8.168E+03
  13.700	 3.716E+00	 2.661E+03	 7.938E+03
  13.750	 3.728E+00	 2.415E+03	 7.596E+03
  13.800	 3.744E+00	 2.122E+03	 7.231E+03
  13.850	 3.764E+00	 1.803E+03	 6.952E+03
  13.900	 3.783E+00	 1.441E+03	 6.756E+03
  13.950	 3.800E+00	 1.097E+03	 6.677E+03
  14.000	 3.812E+00	 7.754E+02	 6.729E+03
  14.050	 3.818E+00	 4.820E+02	 6.888E+03
  14.100	 3.819E+00	 2.531E+02	 7.145E+03
  14.150	 3.814E+00	 6.420E+01	 7.406E+03
  14.200	 3.807E+00	-9.337E+01	 7.627E+03
  14.250	 3.798E+00	-2.225E+02	 7.694E+03
  14.300	 3.791E+00	-3.236E+02	 7.592E+03
  14.350	 3.785E+00	-4.453E+02	 7.366E+03
  14.400	 3.783E+00	-5.793E+02	 7.091E+03
  14.450	 3.782E+00	-7.100E+02	 6.890E+03
  14.500	 3.781E+00	-8.606E+02	 6.836E+03
  14.550	 3.778E+00	-1.030E+03	 6.897E+03
  14.600	 3.771E+00	-1.214E+03	 7.074E+03
  14.650	 3.760E+00	-1.425E+03	 7.301E+03
  14.700	 3.746E+00	-1.660E+03	 7.542E+03
  14.750	 3.728E+00	-1.920E+03	 7.695E+03
  14.800	 3.709E+00	-2.183E+03	 7.696E+03
  14.850	 3.690E+00	-2.423E+03	 7.592E+03
  14.900	 3.673E+00	-2.640E+03	 7.421E+03
  14.950	 3.659E+00	-2.833E+03	 7.241E+03
  15.000	 3.646E+00	-2.960E+03	 7.154E+03
  15.050	 3.633E+00	-3.023E+03	 7.164E+03
  15.100	 3.620E+00	-3.022E+03	 7.234E+03
  15.150	 3.606E+00	-2.974E+03	 7.351E+03
  15.200	 3.591E+00	-2.875E+03	 7.520E+03
  15.250	 3.573E+00	-2.745E+03	 7.647E+03
  15.300	 3.553E+00	-2.597E+03	 7.706E+03
  15.350	 3.532E+00	-2.465E+03	 7.693E+03
  15.400	 3.510E+00	-2.366E+03	 7.634E+03
  15.450	 3.487E+00	-2.280E+03	 7.582E+03
  15.500	 3.463E+00	-2.213E+03	 7.571E+03
  15.550	 3.437E+00	-2.169E+03	 7.666E+03
  15.600	 3.409E+00	-2.151E+03	 7.751E+03
  15.650	 3.380E+00	-2.155E+03	 7.830E+03
  15.700	 3.351E+00	-2.190E+03	 7.944E+03
  15.750	 3.320E+00	-2.210E+03	 8.066E+03
  15.800	 3.287E+00	-2.210E+03	 8.186E+03
  15.850	 3.252E+00	-2.148E+03	 8.239E+03
  15.900	 3.213E+00	-2.043E+03	 8.273E+03
  15.950	 3.171E+00	-1.873E+03	 8.288E+03
  16.000	 3.126E+00	-1.639E+03	 8.389E+03
  16.050	 3.077E+00	-1.382E+03	 8.559E+03
  16.100	 3.027E+00	-1.061E+03	 8.707E+03
  16.150	 2.978E+00	-7.554E+02	 8.792E+03
  16.200	 2.930E+00	-4.500E+02	 8.758E+03
  16.250	 2.883E+00	-1.183E+02	 8.637E+03
  16.300	 2.837E+00	 1.728E+02	 8.512E+03
  16.350	 2.790E+00	 4.361E+02	 8.432E+03
  16.400	 2.742E+00	 6.801E+02	 8.371E+03
  16.450	 2.690E+00	 8.974E+02	 8.442E+03
  16.500	 2.633E+00	 1.067E+03	 8.583E+03
  16.550	 2.570E+00	 1.230E+03	 8.826E+03
  16.600	 2.502E+00	 1.396E+03	 9.127E+03
  16.650	 2.432E+00	 1.535E+03	 9.440E+03
  16.700	 2.362E+00	 1.674E+03	 9.654E+03
  16.750	 2.293E+00	 1.847E+03	 9.770E+03
  16.800	 2.223E+00	 2.030E+03	 9.769E+03
  16.850	 2.153E+00	 2.233E+03	 9.649E+03
  16.900	 2.082E+00	 2.483E+03	 9.551E+03
  16.950	 2.010E+00	 2.727E+03	 9.460E+03
  17.000	 1.934E+00	 2.971E+03	 9.467E+03
  17.050	 1.855E+00	 3.228E+03	 9.568E+03
  17.100	 1.770E+00	 3.490E+03	 9.677E+03
  17.150	 1.681E+00	 3.719E+03	 9.722E+03
  17.200	 1.590E+00	 3.919E+03	 9.660E+03
  17.250	 1.496E+00	 4.099E+03	 9.424E+03
  17.300	 1.399E+00	 4.249E+03	 9.062E+03
  17.350	 1.299E+00	 4.384E+03	 8.707E+03
  17.400	 1.196E+00	 4.509E+03	 8.500E+03
  17.450	 1.091E+00	 4.596E+03	 8.453E+03
  17.500	 9.833E-01	 4.644E+03	 8.597E+03
  17.550	 8.728E-01	 4.686E+03	 8.901E+03
  17.600	 7.627E-01	 4.701E+03	 9.261E+03
  17.650	 6.563E-01	 4.701E+03	 9.544E+03
  17.700	 5.542E-01	 4.713E+03	 9.758E+03
  17.750	 4.546E-01	 4.737E+03	 9.809E+03
  17.800	 3.541E-01	 4.740E+03	 9.650E+03
  17.850	 2.490E-01	 4.777E+03	 9.569E+03
  17.900	 1.365E-01	 4.798E+03	 9.589E+03
  17.950	 1.518E-02	 4.835E+03	 9.708E+03
  18.000	 0.000E+00	 4.859E+03	 9.871E+03
  18.050	 0.000E+00	 4.852E+03	 1.002E+04
  18.100	 0.000E+00	 4.825E+03	 1.013E+04
  18.150	 0.000E+00	 4.782E+03	 1.024E+04
  18.200	 0.000E+00	 4.673E+03	 1.032E+04
  18.250	 0.000E+00	 4.490E+03	 1.028E+04
  18.300	 0.000E+00	 4.291E+03	 1.016E+04
  18.350	 0.000E+00	 4.089E+03	 9.987E+03
  18.400	 0.000E+00	 3.867E+03	 9.658E+03
  18.450	 0.000E+00	 3.667E+03	 9.274E+03
  18.500	 0.000E+00	 3.435E+03	 8.953E+03
  18.550	 0.000E+00	 3.172E+03	 8.713E+03
  18.600	 0.000E+00	 2.939E+03	 8.572E+03
  18.650	 0.000E+00	 2.708E+03	 8.461E+03
  18.700	 0.000E+00	 2.477E+03	 8.300E+03
  18.750	 0.000E+00	 2.256E+03	 8.146E+03
  18.800	 0.000E+00	 2.040E+03	 8.026E+03
  18.850	 0.000E+00	 1.834E+03	 7.934E+03
  18.900	 0.000E+00	 1.623E+03	 7.922E+03
  18.950	 0.000E+00	 1.425E+03	 7.916E+03
  19.000	 0.000E+00	 1.234E+03	 7.907E+03
  19.050	 0.000E+00	 1.067E+03	 7.877E+03
  19.100	 0.000E+00	 9.170E+02	 7.900E+03
  19.150	 0.000E+00	 7.603E+02	 8.019E+03
  19.200	 0.000E+00	 5.747E+02	 8.271E+03
  19.250	 0.000E+00	 3.774E+02	 8.512E+03
  19.300	 0.000E+00	 1.507E+02	 8.627E+03
  19.350	 0.000E+00	-1.194E+02	 8.601E+03
  19.400	 0.000E+00	-4.005E+02	 8.440E+03
  19.450	 0.000E+00	-6.912E+02	 8.243E+03
  19.500	 0.000E+00	-9.895E+02	 8.038E+03
  19.550	 0.000E+00	-1.266E+03	 7.863E+03
  19.600	 0.000E+00	-1.519E+03	 7.731E+03
  19.650	 0.000E+00	-1.735E+03	 7.634E+03
  19.700	 0.000E+00	-1.922E+03	 7.539E+03
  19.750	 0.000E+00	-2.086E+03	 7.438E+03
  19.800	 0.000E+00	-2.224E+03	 7.315E+03
  19.850	 0.000E+00	-2.317E+03	 7.252E+03
  19.900	 0.000E+00	-2.365E+03	 7.304E+03
  19.950	 0.000E+00	-2.377E+03	 7.443E+03
  20.000	 0.000E+00	-2.360E+03	 7.640E+03
  20.050	 0.000E+00	-2.335E+03	 7.863E+03
  20.100	 0.000E+00	-2.303E+03	 8.112E+03
  20.150	 0.000E+00	-2.257E+03	 8.420E+03
  20.200	 0.000E+00	-2.218E+03	 8.708E+03
  20.250	 0.000E+00	-2.182E+03	 8.954E+03
  20.300	 0.000E+00	-2.169E+03	 9.117E+03
  20.350	 0.000E+00	-2.167E+03	 9.222E+03
  20.400	 0.000E+00	-2.183E+03	 9.240E+03
  20.450	 0.000E+00	-2.219E+03	 9.209E+03
  20.500	 0.000E+00	-2.224E+03	 9.215E+03
  20.550	 0.000E+00	-2.224E+03	 9.307E+03
  20.600	 0.000E+00	-2.208E+03	 9.437E+03
  20.650	 0.000E+00	-2.148E+03	 9.660E+03
  20.700	 0.000E+00	-2.076E+03	 9.968E+03
  20.750	 0.000E+00	-1.997E+03	 1.028E+04
  20.800	 0.000E+00	-1.874E+03	 1.052E+04
  20.850	 0.000E+00	-1.768E+03	 1.064E+04
  20.900	 0.000E+00	-1.642E+03	 1.063E+04
  20.950	 0.000E+00	-1.482E+03	 1.041E+04
  21.000	 0.000E+00	-1.323E+03	 1.010E+04
  21.050	 0.000E+00	-1.154E+03	 9.827E+03
  21.100	 0.000E+00	-9.288E+02	 9.675E+03
  21.150	 0.000E+00	-6.973E+02	 9.665E+03
  21.200	 0.000E+00	-4.493E+02	 9.763E+03
  21.250	 0.000E+00	-1.993E+02	 9.940E+03
  21.300	 0.000E+00	 3.074E+01	 1.010E+04
  21.350	 0.000E+00	 2.488E+02	 1.016E+04
  21.400	 0.000E+00	 4.338E+02	 1.010E+04
  21.450	 0.000E+00	 6.172E+02	 9.920E+03
  21.500	 0.000E+00	 8.047E+02	 9.730E+03
  21.550	 0.000E+00	 9.758E+02	 9.536E+03
  21.600	 0.000E+00	 1.165E+03	 9.372E+03
  21.650	 0.000E+00	 1.383E+03	 9.346E+03
  21.700	 0.000E+00	 1.565E+03	 9.406E+03
  21.750	 0.000E+00	 1.754E+03	 9.589E+03
  21.800	 0.000E+00	 1.953E+03	 9.774E+03
  21.850	 0.000E+00	 2.150E+03	 9.899E+03
  21.900	 0.000E+00	 2.361E+03	 9.853E+03
  21.950	 0.000E+00	 2.579E+03	 9.685E+03
  22.000	 0.000E+00	 2.771E+03	 9.446E+03
  22.050	 0.000E+00	 2.948E+03	 9.190E+03
  22.100	 0.000E+00	 3.104E+03	 8.972E+03
  22.150	 0.000E+00	 3.265E+03	 8.829E+03
  22.200	 0.000E+00	 3.422E+03	 8.817E+03
  22.250	 0.000E+00	 3.574E+03	 8.925E+03
  22.300	 0.000E+00	 3.735E+03	 9.209E+03
  22.350	 0.000E+00	 3.895E+03	 9.564E+03
  22.400	 0.000E+00	 4.061E+03	 9.932E+03
  22.450	 0.000E+00	 4.235E+03	 1.023E+04
  22.500	 0.000E+00	 4.423E+03	 1.046E+04
  22.550	 0.000E+00	 4.593E+03	 1.056E+04
  22.600	 0.000E+00	 4.756E+03	 1.063E+04
  22.650	 0.000E+00	 4.924E+03	 1.079E+04
  22.700	 0.000E+00	 5.071E+03	 1.099E+04
  22.750	 0.000E+00	 5.174E+03	 1.114E+04
  22.800	 0.000E+00	 5.210E+03	 1.118E+04
  22.850	 0.000E+00	 5.204E+03	 1.121E+04
  22.900	 0.000E+00	 5.148E+03	 1.119E+04
  22.950	 0.000E+00	 5.046E+03	 1.106E+04
  23.000	 0.000E+00	 4.914E+03	 1.090E+04
  23.050	 0.000E+00	 4.784E+03	 1.075E+04
  23.100	 0.000E+00	 4.646E+03	 1.051E+04
  23.150	 0.000E+00	 4.541E+03	 1.032E+04
  23.200	 0.000E+00	 4.419E+03	 1.012E+04
  23.250	 0.000E+00	 4.287E+03	 9.801E+03
  23.300	 0.000E+00	 4.180E+03	 9.344E+03
  23.350	 0.000E+00	 4.080E+03	 8.852E+03
  23.400	 0.000E+00	 3.962E+03	 8.352E+03
  23.450	 0.000E+00	 3.853E+03	 7.852E+03
  23.500	 0.000E+00	 3.732E+03	 7.492E+03
  23.550	 0.000E+00	 3.580E+03	 7.266E+03
  23.600	 0.000E+00	 3.421E+03	 7.119E+03
  23.650	 0.000E+00	 3.219E+03	 6.947E+03
  23.700	 0.000E+00	 2.979E+03	 6.848E+03
  23.750	 0.000E+00	 2.718E+03	 6.712E+03
  23.800	 0.000E+00	 2.460E+03	 6.562E+03
  23.850	 0.000E+00	 2.188E+03	 6.408E+03
  23.900	 0.000E+00	 1.905E+03	 6.420E+03
  23.950	 0.000E+00	 1.643E+03	 6.627E+03
  24.000	 0.000E+00	 1.382E+03	 7.033E+03
  24.050	 0.000E+00	 1.101E+03	 7.462E+03
  24.100	 0.000E+00	 8.502E+02	 7.803E+03
  24.150	 0.000E+00	 6.230E+02	 7.919E+03
  24.200	 0.000E+00	 4.016E+02	 7.824E+03
  24.250	 0.000E+00	 2.107E+02	 7.594E+03
  24.300	 0.000E+00	 2.670E+01	 7.278E+03
  24.350	 0.000E+00	-1.493E+02	 7.023E+03
  24.400	 0.000E+00	-3.153E+02	 6.885E+03
  24.450	 0.000E+00	-4.879E+02	 6.806E+03
  24.500	 0.000E+00	-6.875E+02	 6.712E+03
  24.550	 0.000E+00	-9.163E+02	 6.613E+03
  24.600	 0.000E+00	-1.155E+03	 6.445E+03
  24.650	 0.000E+00	-1.416E+03	 6.191E+03
  24.700	 0.000E+00	-1.691E+03	 5.854E+03
  24.750	 0.000E+00	-1.939E+03	 5.547E+03
  24.800	 0.000E+00	-2.159E+03	 5.409E+03
  24.850	 0.000E+00	-2.336E+03	 5.551E+03
  24.900	 0.000E+00	-2.445E+03	 5.958E+03
  24.950	 0.000E+00	-2.522E+03	 6.469E+03
  25.000	 0.000E+00	-2.584E+03	 6.913E+03
  25.050	 0.000E+00	-2.595E+03	 7.228E+03
  25.100	 0.000E+00	-2.594E+03	 7.377E+03
  25.150	 0.000E+00	-2.579E+03	 7.423E+03
  25.200	 0.000E+00	-2.555E+03	 7.475E+03
  25.250	 0.000E+00	-2.517E+03	 7.677E+03
  25.300	 0.000E+00	-2.480E+03	 8.007E+03
  25.350	 0.000E+00	-2.450E+03	 8.447E+03
  25.400	 0.000E+00	-2.435E+03	 8.968E+03
  25.450	 0.000E+00	-2.416E+03	 9.447E+03
  25.500	 0.000E+00	-2.392E+03	 9.821E+03
  25.550	 0.000E+00	-2.377E+03	 1.002E+04
  25.600	 0.000E+00	-2.356E+03	 1.007E+04
  25.650	 0.000E+00	-2.314E+03	 1.005E+04
  25.700	 0.000E+00	-2.296E+03	 9.956E+03
  25.750	 0.000E+00	-2.264E+03	 9.831E+03
  25.800	 0.000E+00	-2.211E+03	 9.732E+03
  25.850	 0.000E+00	-2.142E+03	 9.674E+03
  25.900	 0.000E+00	-2.026E+03	 9.696E+03
  25.950	 0.000E+00	-1.872E+03	 9.750E+03
  26.000	 0.000E+00	-1.703E+03	 9.827E+03
  26.050	 0.000E+00	-1.518E+03	 9.952E+03
  26.100	 0.000E+00	-1.290E+03	 1.005E+04
  26.150	 0.000E+00	-1.052E+03	 1.013E+04
  26.200	 0.000E+00	-8.100E+02	 1.013E+04
  26.250	 0.000E+00	-5.544E+02	 1.008E+04
  26.300	 0.000E+00	-3.354E+02	 1.003E+04
  26.350	 0.000E+00	-8.821E+01	 1.011E+04
  26.400	 0.000E+00	 1.485E+02	 1.029E+04
  26.450	 0.000E+00	 3.717E+02	 1.056E+04
  26.500	 0.000E+00	 5.827E+02	 1.088E+04
  26.550	 0.000E+00	 7.987E+02	 1.110E+04
  26.600	 0.000E+00	 1.023E+03	 1.122E+04
  26.650	 0.000E+00	 1.232E+03	 1.126E+04
  26.700	 0.000E+00	 1.457E+03	 1.129E+04
  26.750	 0.000E+00	 1.681E+03	 1.127E+04
  26.800	 0.000E+00	 1.888E+03	 1.113E+04
  26.850	 0.000E+00	 2.128E+03	 1.100E+04
  26.900	 0.000E+00	 2.380E+03	 1.095E+04
  26.950	 0.000E+00	 2.635E+03	 1.099E+04
  27.000	 0.000E+00	 2.889E+03	 1.117E+04
  27.050	 0.000E+00	 3.133E+03	 1.139E+04
  27.100	 0.000E+00	 3.352E+03	 1.151E+04
  27.150	 0.000E+00	 3.531E+03	 1.143E+04
  27.200	 0.000E+00	 3.664E+03	 1.117E+04
  27.250	 0.000E+00	 3.772E+03	 1.086E+04
  27.300	 0.000E+00	 3.872E+03	 1.054E+04
  27.350	 0.000E+00	 3.964E+03	 1.034E+04
  27.400	 0.000E+00	 4.056E+03	 1.033E+04
  27.450	 0.000E+00	 4.136E+03	 1.037E+04
  27.500	 0.000E+00	 4.195E+03	 1.038E+04
  27.550	 0.000E+00	 4.260E+03	 1.038E+04
  27.600	 0.000E+00	 4.328E+03	 1.031E+04
  27.650	 0.000E+00	 4.401E+03	 1.019E+04
  27.700	 0.000E+00	 4.488E+03	 1.005E+04
  27.750	 0.000E+00	 4.566E+03	 9.734E+03
  27.800	 0.000E+00	 4.657E+03	 9.381E+03
  27.850	 0.000E+00	 4.743E+03	 9.006E+03
  27.900	 0.000E+00	 4.836E+03	 8.672E+03
  27.950	 0.000E+00	 4.926E+03	 8.498E+03
  28.000	 0.000E+00	 5.009E+03	 8.550E+03
  28.050	 0.000E+00	 5.067E+03	 8.827E+03
  28.100	 0.000E+00	 5.093E+03	 9.273E+03
  28.150	 0.000E+00	 5.061E+03	 9.636E+03
  28.200	 0.000E+00	 4.974E+03	 9.856E+03
  28.250	 0.000E+00	 4.807E+03	 9.826E+03
  28.300	 0.000E+00	 4.600E+03	 9.675E+03
  28.350	 0.000E+00	 4.349E+03	 9.434E+03
  28.400	 0.000E+00	 4.097E+03	 9.102E+03
  28.450	 0.000E+00	 3.867E+03	 8.838E+03
  28.500	 0.000E+00	 3.629E+03	 8.613E+03
  28.550	 0.000E+00	 3.428E+03	 8.421E+03
  28.600	 0.000E+00	 3.270E+03	 8.212E+03
  28.650	 0.000E+00	 3.147E+03	 8.046E+03
  28.700	 0.000E+00	 3.041E+03	 7.861E+03
  28.750	 0.000E+00	 2.933E+03	 7.681E+03
  28.800	 0.000E+00	 2.814E+03	 7.583E+03
  28.850	 0.000E+00	 2.691E+03	 7.493E+03
  28.900	 0.000E+00	 2.566E+03	 7.323E+03
  28.950	 0.000E+00	 2.443E+03	 7.092E+03
  29.000	 0.000E+00	 2.282E+03	 6.863E+03
  29.050	 0.000E+00	 2.088E+03	 6.712E+03
  29.100	 0.000E+00	 1.882E+03	 6.666E+03
  29.150	 0.000E+00	 1.638E+03	 6.720E+03
  29.200	 0.000E+00	 1.326E+03	 6.835E+03
  29.250	 0.000E+00	 9.935E+02	 6.946E+03
  29.300	 0.000E+00	 6.384E+02	 7.000E+03
  29.350	 0.000E+00	 2.594E+02	 6.938E+03
  29.400	 0.000E+00	-1.346E+02	 6.785E+03
  29.450	 0.000E+00	-4.826E+02	 6.620E+03
  29.500	 0.000E+00	-7.966E+02	 6.427E+03
  29.550	 0.000E+00	-1.062E+03	 6.204E+03
  29.600	 0.000E+00	-1.249E+03	 5.958E+03
  29.650	 0.000E+00	-1.376E+03	 5.738E+03
  29.700	 0.000E+00	-1.462E+03	 5.544E+03
  29.750	 0.000E+00	-1.514E+03	 5.414E+03
  29.800	 0.000E+00	-1.548E+03	 5.413E+03
  29.850	 0.000E+00	-1.601E+03	 5.486E+03
  29.900	 0.000E+00	-1.690E+03	 5.534E+03
  29.950	 0.000E+00	-1.812E+03	 5.572E+03
  30.000	 0.000E+00	-1.979E+03	 5.561E+03
  30.050	 0.000E+00	-2.200E+03	 5.533E+03
  30.100	 0.000E+00	-2.427E+03	 5.596E+03
  30.150	 0.000E+00	-2.650E+03	 5.756E+03
  30.200	 0.000E+00	-2.852E+03	 5.995E+03
  30.250	 0.000E+00	-3.023E+03	 6.293E+03
  30.300	 0.000E+00	-3.166E+03	 6.617E+03
  30.350	 0.000E+00	-3.271E+03	 6.904E+03
  30.400	 0.000E+00	-3.322E+03	 7.189E+03
  30.450	 0.000E+00	-3.318E+03	 7.479E+03
  30.500	 0.000E+00	-3.238E+03	 7.779E+03
  30.550	 0.000E+00	-3.102E+03	 8.050E+03
  30.600	 0.000E+00	-2.929E+03	 8.324E+03
  30.650	 0.000E+00	-2.737E+03	 8.579E+03
  30.700	 0.000E+00	-2.555E+03	 8.803E+03
  30.750	 0.000E+00	-2.368E+03	 9.007E+03
  30.800	 0.000E+00	-2.203E+03	 9.093E+03
  30.850	 0.000E+00	-2.055E+03	 9.052E+03
  30.900	 0.000E+00	-1.943E+03	 8.916E+03
  30.950	 0.000E+00	-1.856E+03	 8.757E+03
  31.000	 0.000E+00	-1.816E+03	 8.617E+03
  31.050	 0.000E+00	-1.773E+03	 8.655E+03
  31.100	 0.000E+00	-1.739E+03	 8.771E+03
  31.150	 0.000E+00	-1.673E+03	 8.976E+03
  31.200	 0.000E+00	-1.576E+03	 9.199E+03
  31.250	 0.000E+00	-1.457E+03	 9.404E+03
  31.300	 0.000E+00	-1.294E+03	 9.567E+03
  31.350	 0.000E+00	-1.096E+03	 9.595E+03
  31.400	 0.000E+00	-8.676E+02	 9.552E+03
  31.450	 0.000E+00	-6.165E+02	 9.459E+03
  31.500	 0.000E+00	-3.267E+02	 9.443E+03
  31.550	 0.000E+00	-8.551E+00	 9.557E+03
  31.600	 0.000E+00	 3.117E+02	 9.836E+03
  31.650	 0.000E+00	 6.393E+02	 1.026E+04
  31.700	 0.000E+00	 9.762E+02	 1.072E+04
  31.750	 0.000E+00	 1.283E+03	 1.118E+04
  31.800	 0.000E+00	 1.575E+03	 1.144E+04
  31.850	 0.000E+00	 1.854E+03	 1.157E+04
  31.900	 0.000E+00	 2.072E+03	 1.162E+04
  31.950	 0.000E+00	 2.231E+03	 1.165E+04
  32.000	 0.000E+00	 2.358E+03	 1.166E+04
  32.050	 0.000E+00	 2.454E+03	 1.164E+04
  32.100	 0.000E+00	 2.494E+03	 1.152E+04
  32.150	 0.000E+00	 2.513E+03	 1.141E+04
  32.200	 0.000E+00	 2.535E+03	 1.124E+04
  32.250	 0.000E+00	 2.604E+03	 1.100E+04
  32.300	 0.000E+00	 2.709E+03	 1.063E+04
  32.350	 0.000E+00	 2.872E+03	 1.024E+04
  32.400	 0.000E+00	 3.112E+03	 9.915E+03
  32.450	 0.000E+00	 3.410E+03	 9.686E+03
  32.500	 0.000E+00	 3.737E+03	 9.507E+03
  32.550	 0.000E+00	 4.104E+03	 9.489E+03
  32.600	 0.000E+00	 4.458E+03	 9.619E+03
  32.650	 0.000E+00	 4.759E+03	 9.870E+03
  32.700	 0.000E+00	 4.987E+03	 1.016E+04
  32.750	 0.000E+00	 5.157E+03	 1.045E+04
  32.800	 0.000E+00	 5.245E+03	 1.054E+04
  32.850	 0.000E+00	 5.288E+03	 1.056E+04
  32.900	 0.000E+00	 5.282E+03	 1.051E+04
  32.950	 0.000E+00	 5.218E+03	 1.042E+04
  33.000	 0.000E+00	 5.118E+03	 1.036E+04
  33.050	 0.000E+00	 4.991E+03	 1.034E+04
  33.100	 0.000E+00	 4.852E+03	 1.040E+04
  33.150	 0.000E+00	 4.692E+03	 1.043E+04
  33.200	 0.000E+00	 4.547E+03	 1.041E+04
  33.250	 0.000E+00	 4.446E+03	 1.027E+04
  33.300	 0.000E+00	 4.406E+03	 9.967E+03
  33.350	 0.000E+00	 4.403E+03	 9.587E+03
  33.400	 0.000E+00	 4.439E+03	 9.272E+03
  33.450	 0.000E+00	 4.488E+03	 9.095E+03
  33.500	 0.000E+00	 4.539E+03	 9.074E+03
  33.550	 0.000E+00	 4.556E+03	 9.110E+03
  33.600	 0.000E+00	 4.539E+03	 9.232E+03
  33.650	 0.000E+00	 4.425E+03	 9.240E+03
  33.700	 0.000E+00	 4.261E+03	 9.200E+03
  33.750	 0.000E+00	 4.017E+03	 9.084E+03
  33.800	 0.000E+00	 3.722E+03	 8.861E+03
  33.850	 0.000E+00	 3.380E+03	 8.585E+03
  33.900	 0.000E+00	 2.993E+03	 8.331E+03
  33.950	 0.000E+00	 2.602E+03	 8.094E+03
  34.000	 0.000E+00	 2.236E+03	 7.979E+03
  34.050	 0.000E+00	 1.885E+03	 7.908E+03
  34.100	 0.000E+00	 1.563E+03	 7.720E+03
  34.150	 0.000E+00	 1.283E+03	 7.475E+03
  34.200	 0.000E+00	 1.034E+03	 7.160E+03
  34.250	 0.000E+00	 8.429E+02	 6.760E+03
  34.300	 0.000E+00	 7.034E+02	 6.277E+03
  34.350	 0.000E+00	 5.933E+02	 5.807E+03
  34.400	 0.000E+00	 5.059E+02	 5.412E+03
  34.450	 0.000E+00	 4.311E+02	 5.161E+03
  34.500	 0.000E+00	 3.669E+02	 5.062E+03
  34.550	 0.000E+00	 2.411E+02	 5.027E+03
  34.600	 0.000E+00	 7.449E+01	 5.053E+03
  34.650	 0.000E+00	-1.332E+02	 5.091E+03
  34.700	 0.000E+00	-4.125E+02	 5.128E+03
  34.750	 0.000E+00	-7.473E+02	 5.137E+03
  34.800	 0.000E+00	-1.097E+03	 5.156E+03
  34.850	 0.000E+00	-1.457E+03	 5.225E+03
  34.900	 0.000E+00	-1.814E+03	 5.335E+03
  34.950	 0.000E+00	-2.120E+03	 5.554E+03
  35.000	 0.000E+00	-2.338E+03	 5.863E+03
  35.050	 0.000E+00	-2.481E+03	 6.257E+03
  35.100	 0.000E+00	-2.569E+03	 6.701E+03
  35.150	 0.000E+00	-2.570E+03	 7.207E+03
  35.200	 0.000E+00	-2.507E+03	 7.718E+03
  35.250	 0.000E+00	-2.406E+03	 8.194E+03
  35.300	 0.000E+00	-2.279E+03	 8.658E+03
  35.350	 0.000E+00	-2.152E+03	 9.050E+03
  35.400	 0.000E+00	-2.052E+03	 9.327E+03
  35.450	 0.000E+00	-1.972E+03	 9.552E+03
  35.500	 0.000E+00	-1.931E+03	 9.748E+03
  35.550	 0.000E+00	-1.949E+03	 9.893E+03
  35.600	 0.000E+00	-1.996E+03	 1.000E+04
  35.650	 0.000E+00	-2.068E+03	 1.011E+04
  35.700	 0.000E+00	-2.152E+03	 1.026E+04
  35.750	 0.000E+00	-2.248E+03	 1.042E+04
  35.800	 0.000E+00	-2.321E+03	 1.057E+04
  35.850	 0.000E+00	-2.370E+03	 1.071E+04
  35.900	 0.000E+00	-2.394E+03	 1.076E+04
  35.950	 0.000E+00	-2.387E+03	 1.071E+04
  36.000	 0.000E+00	-2.334E+03	 1.064E+04
  36.050	 0.000E+00	-2.231E+03	 1.049E+04
  36.100	 0.000E+00	-2.067E+03	 1.027E+04
  36.150	 0.000E+00	-1.851E+03	 9.976E+03
  36.200	 0.000E+00	-1.581E+03	 9.801E+03
  36.250	 0.000E+00	-1.292E+03	 9.681E+03
  36.300	 0.000E+00	-9.826E+02	 9.681E+03
  36.350	 0.000E+00	-6.903E+02	 9.800E+03
  36.400	 0.000E+00	-4.202E+02	 9.893E+03
  36.450	 0.000E+00	-1.812E+02	 9.964E+03
  36.500	 0.000E+00	 1.154E-01	 9.980E+03
  36.550	 0.000E+00	 9.915E+01	 9.933E+03
  36.600	 0.000E+00	 1.617E+02	 9.847E+03
  36.650	 0.000E+00	 2.113E+02	 9.764E+03
  36.700	 0.000E+00	 2.406E+02	 9.665E+03
  36.750	 0.000E+00	 2.707E+02	 9.643E+03
  36.800	 0.000E+00	 3.471E+02	 9.696E+03
  36.850	 0.000E+00	 4.511E+02	 9.797E+03
  36.900	 0.000E+00	 6.191E+02	 9.878E+03
  36.950	 0.000E+00	 8.604E+02	 9.941E+03
  37.000	 0.000E+00	 1.139E+03	 9.974E+03
  37.050	 0.000E+00	 1.450E+03	 1.005E+04
  37.100	 0.000E+00	 1.816E+03	 1.008E+04
  37.150	 0.000E+00	 2.216E+03	 1.007E+04
  37.200	 0.000E+00	 2.570E+03	 1.003E+04
  37.250	 0.000E+00	 2.905E+03	 1.005E+04
  37.300	 0.000E+00	 3.202E+03	 1.004E+04
  37.350	 0.000E+00	 3.417E+03	 9.977E+03
  37.400	 0.000E+00	 3.568E+03	 9.918E+03
  37.450	 0.000E+00	 3.653E+03	 9.850E+03
  37.500	 0.000E+00	 3.667E+03	 9.770E+03
  37.550	 0.000E+00	 3.622E+03	 9.731E+03
  37.600	 0.000E+00	 3.549E+03	 9.737E+03
  37.650	 0.000E+00	 3.504E+03	 9.786E+03
  37.700	 0.000E+00	 3.492E+03	 9.815E+03
  37.750	 0.000E+00	 3.530E+03	 9.834E+03
  37.800	 0.000E+00	 3.640E+03	 9.808E+03
  37.850	 0.000E+00	 3.821E+03	 9.711E+03
  37.900	 0.000E+00	 4.071E+03	 9.595E+03
  37.950	 0.000E+00	 4.381E+03	 9.453E+03
  38.000	 0.000E+00	 4.699E+03	 9.327E+03
  38.050	 0.000E+00	 5.009E+03	 9.304E+03
  38.100	 0.000E+00	 5.250E+03	 9.263E+03
  38.150	 0.000E+00	 5.395E+03	 9.167E+03
  38.200	 0.000E+00	 5.473E+03	 9.113E+03
  38.250	 0.000E+00	 5.486E+03	 9.149E+03
  38.300	 0.000E+00	 5.427E+03	 9.254E+03
  38.350	 0.000E+00	 5.308E+03	 9.415E+03
  38.400	 0.000E+00	 5.101E+03	 9.529E+03
  38.450	 0.000E+00	 4.838E+03	 9.594E+03
  38.500	 0.000E+00	 4.554E+03	 9.647E+03
  38.550	 0.000E+00	 4.239E+03	 9.576E+03
  38.600	 0.000E+00	 3.959E+03	 9.455E+03
  38.650	 0.000E+00	 3.716E+03	 9.313E+03
  38.700	 0.000E+00	 3.497E+03	 9.141E+03
  38.750	 0.000E+00	 3.331E+03	 8.960E+03
  38.800	 0.000E+00	 3.219E+03	 8.758E+03
  38.850	 0.000E+00	 3.137E+03	 8.488E+03
  38.900	 0.000E+00	 3.106E+03	 8.242E+03
  38.950	 0.000E+00	 3.085E+03	 7.989E+03
  39.000	 0.000E+00	 3.063E+03	 7.759E+03
  39.050	 0.000E+00	 3.027E+03	 7.662E+03
  39.100	 0.000E+00	 2.930E+03	 7.590E+03
  39.150	 0.000E+00	 2.767E+03	 7.511E+03
  39.200	 0.000E+00	 2.521E+03	 7.380E+03
  39.250	 0.000E+00	 2.192E+03	 7.258E+03
  39.300	 0.000E+00	 1.815E+03	 7.063E+03
  39.350	 0.000E+00	 1.396E+03	 6.861E+03
  39.400	 0.000E+00	 9.628E+02	 6.670E+03
  39.450	 0.000E+00	 5.296E+02	 6.486E+03
  39.500	 0.000E+00	 1.236E+02	 6.340E+03
  39.550	 0.000E+00	-2.223E+02	 6.246E+03
  39.600	 0.000E+00	-4.818E+02	 6.206E+03
  39.650	 0.000E+00	-6.864E+02	 6.154E+03
  39.700	 0.000E+00	-8.205E+02	 6.023E+03
  39.750	 0.000E+00	-8.893E+02	 5.790E+03
  39.800	 0.000E+00	-9.223E+02	 5.530E+03
  39.850	 0.000E+00	-9.171E+02	 5.297E+03
  39.900	 0.000E+00	-8.985E+02	 5.175E+03
  39.950	 0.000E+00	-9.171E+02	 5.167E+03
  40.000	 0.000E+00	-9.798E+02	 5.301E+03
  40.050	 0.000E+00	-1.078E+03	 5.580E+03
  40.100	 0.000E+00	-1.244E+03	 5.899E+03
  40.150	 0.000E+00	-1.477E+03	 6.197E+03
  40.200	 0.000E+00	-1.732E+03	 6.484E+03
  40.250	 0.000E+00	-2.012E+03	 6.751E+03
  40.300	 0.000E+00	-2.298E+03	 6.981E+03
  40.350	 0.000E+00	-2.536E+03	 7.228E+03
  40.400	 0.000E+00	-2.728E+03	 7.570E+03
  40.450	 0.000E+00	-2.877E+03	 8.003E+03
  40.500	 0.000E+00	-2.944E+03	 8.549E+03
  40.550	 0.000E+00	-2.931E+03	 9.120E+03
  40.600	 0.000E+00	-2.851E+03	 9.636E+03
  40.650	 0.000E+00	-2.719E+03	 1.001E+04
  40.700	 0.000E+00	-2.555E+03	 1.020E+04
  40.750	 0.000E+00	-2.359E+03	 1.030E+04
  40.800	 0.000E+00	-2.158E+03	 1.031E+04
  40.850	 0.000E+00	-1.934E+03	 1.030E+04
  40.900	 0.000E+00	-1.692E+03	 1.037E+04
  40.950	 0.000E+00	-1.480E+03	 1.051E+04
  41.000	 0.000E+00	-1.315E+03	 1.075E+04
  41.050	 0.000E+00	-1.213E+03	 1.111E+04
  41.100	 0.000E+00	-1.192E+03	 1.146E+04
  41.150	 0.000E+00	-1.236E+03	 1.164E+04
  41.200	 0.000E+00	-1.347E+03	 1.160E+04
  41.250	 0.000E+00	-1.490E+03	 1.136E+04
  41.300	 0.000E+00	-1.641E+03	 1.103E+04
  41.350	 0.000E+00	-1.768E+03	 1.063E+04
  41.400	 0.000E+00	-1.852E+03	 1.031E+04
  41.450	 0.000E+00	-1.861E+03	 1.009E+04
  41.500	 0.000E+00	-1.776E+03	 9.899E+03
  41.550	 0.000E+00	-1.616E+03	 9.735E+03
  41.600	 0.000E+00	-1.345E+03	 9.570E+03
  41.650	 0.000E+00	-9.852E+02	 9.386E+03
  41.700	 0.000E+00	-5.561E+02	 9.113E+03
  41.750	 0.000E+00	-8.727E+01	 8.887E+03
  41.800	 0.000E+00	 3.849E+02	 8.737E+03
  41.850	 0.000E+00	 8.181E+02	 8.715E+03
  41.900	 0.000E+00	 1.195E+03	 8.775E+03
  41.950	 0.000E+00	 1.482E+03	 8.907E+03
  42.000	 0.000E+00	 1.679E+03	 9.145E+03
  42.050	 0.000E+00	 1.760E+03	 9.402E+03
  42.100	 0.000E+00	 1.756E+03	 9.706E+03
  42.150	 0.000E+00	 1.715E+03	 9.931E+03
  42.200	 0.000E+00	 1.632E+03	 1.004E+04
  42.250	 0.000E+00	 1.565E+03	 1.012E+04
  42.300	 0.000E+00	 1.543E+03	 1.012E+04
  42.350	 0.000E+00	 1.585E+03	 1.014E+04
  42.400	 0.000E+00	 1.727E+03	 1.015E+04
  42.450	 0.000E+00	 1.976E+03	 1.024E+04
  42.500	 0.000E+00	 2.311E+03	 1.039E+04
  42.550	 0.000E+00	 2.713E+03	 1.052E+04
  42.600	 0.000E+00	 3.195E+03	 1.069E+04
  42.650	 0.000E+00	 3.678E+03	 1.076E+04
  42.700	 0.000E+00	 4.120E+03	 1.076E+04
  42.750	 0.000E+00	 4.521E+03	 1.065E+04
  42.800	 0.000E+00	 4.851E+03	 1.054E+04
  42.850	 0.000E+00	 5.083E+03	 1.045E+04
  42.900	 0.000E+00	 5.214E+03	 1.034E+04
  42.950	 0.000E+00	 5.234E+03	 1.025E+04
  43.000	 0.000E+00	 5.146E+03	 1.019E+04
  43.050	 0.000E+00	 4.981E+03	 1.020E+04
  43.100	 0.000E+00	 4.745E+03	 1.024E+04
  43.150	 0.000E+00	 4.500E+03	 1.027E+04
  43.200	 0.000E+00	 4.256E+03	 1.021E+04
  43.250	 0.000E+00	 4.061E+03	 1.015E+04
  43.300	 0.000E+00	 3.907E+03	 9.978E+03
  43.350	 0.000E+00	 3.856E+03	 9.786E+03
  43.400	 0.000E+00	 3.899E+03	 9.532E+03
  43.450	 0.000E+00	 4.032E+03	 9.278E+03
  43.500	 0.000E+00	 4.240E+03	 9.083E+03
  43.550	 0.000E+00	 4.473E+03	 9.052E+03
  43.600	 0.000E+00	 4.691E+03	 9.170E+03
  43.650	 0.000E+00	 4.870E+03	 9.418E+03
  43.700	 0.000E+00	 4.944E+03	 9.578E+03
  43.750	 0.000E+00	 4.924E+03	 9.587E+03
  43.800	 0.000E+00	 4.791E+03	 9.343E+03
  43.850	 0.000E+00	 4.537E+03	 8.910E+03
  43.900	 0.000E+00	 4.189E+03	 8.432E+03
  43.950	 0.000E+00	 3.756E+03	 7.956E+03
  44.000	 0.000E+00	 3.285E+03	 7.556E+03
  44.050	 0.000E+00	 2.804E+03	 7.300E+03
  44.100	 0.000E+00	 2.358E+03	 7.188E+03
  44.150	 0.000E+00	 1.979E+03	 7.202E+03
  44.200	 0.000E+00	 1.673E+03	 7.252E+03
  44.250	 0.000E+00	 1.457E+03	 7.282E+03
  44.300	 0.000E+00	 1.339E+03	 7.236E+03
  44.350	 0.000E+00	 1.291E+03	 7.081E+03
  44.400	 0.000E+00	 1.316E+03	 6.944E+03
  44.450	 0.000E+00	 1.367E+03	 6.822E+03
  44.500	 0.000E+00	 1.431E+03	 6.789E+03
  44.550	 0.000E+00	 1.480E+03	 6.949E+03
  44.600	 0.000E+00	 1.446E+03	 7.184E+03
  44.650	 0.000E+00	 1.337E+03	 7.456E+03
  44.700	 0.000E+00	 1.123E+03	 7.715E+03
  44.750	 0.000E+00	 8.366E+02	 7.889E+03
  44.800	 0.000E+00	 4.912E+02	 7.938E+03
  44.850	 0.000E+00	 7.417E+01	 7.873E+03
  44.900	 0.000E+00	-3.523E+02	 7.805E+03
  44.950	 0.000E+00	-7.272E+02	 7.856E+03
  45.000	 0.000E+00	-1.079E+03	 8.025E+03
  45.050	 0.000E+00	-1.387E+03	 8.310E+03
  45.100	 0.000E+00	-1.616E+03	 8.639E+03
  45.150	 0.000E+00	-1.814E+03	 8.949E+03
  45.200	 0.000E+00	-1.987E+03	 9.067E+03
  45.250	 0.000E+00	-2.077E+03	 8.964E+03
  45.300	 0.000E+00	-2.106E+03	 8.715E+03
  45.350	 0.000E+00	-2.095E+03	 8.380E+03
  45.400	 0.000E+00	-2.020E+03	 8.110E+03
  45.450	 0.000E+00	-1.888E+03	 7.995E+03
  45.500	 0.000E+00	-1.770E+03	 8.029E+03
  45.550	 0.000E+00	-1.698E+03	 8.252E+03
  45.600	 0.000E+00	-1.665E+03	 8.609E+03
  45.650	 0.000E+00	-1.688E+03	 8.977E+03
  45.700	 0.000E+00	-1.759E+03	 9.244E+03
  45.750	 0.000E+00	-1.904E+03	 9.367E+03
  45.800	 0.000E+00	-2.129E+03	 9.359E+03
  45.850	 0.000E+00	-2.386E+03	 9.281E+03
  45.900	 0.000E+00	-2.625E+03	 9.282E+03
  45.950	 0.000E+00	-2.788E+03	 9.392E+03
  46.000	 0.000E+00	-2.860E+03	 9.594E+03
  46.050	 0.000E+00	-2.851E+03	 9.786E+03
  46.100	 0.000E+00	-2.760E+03	 9.933E+03
  46.150	 0.000E+00	-2.602E+03	 1.001E+04
  46.200	 0.000E+00	-2.378E+03	 1.011E+04
  46.250	 0.000E+00	-2.105E+03	 1.023E+04
  46.300	 0.000E+00	-1.799E+03	 1.031E+04
  46.350	 0.000E+00	-1.450E+03	 1.031E+04
  46.400	 0.000E+00	-1.137E+03	 1.034E+04
  46.450	 0.000E+00	-8.509E+02	 1.041E+04
  46.500	 0.000E+00	-5.873E+02	 1.050E+04
  46.550	 0.000E+00	-3.923E+02	 1.067E+04
  46.600	 0.000E+00	-2.692E+02	 1.082E+04
  46.650	 0.000E+00	-1.858E+02	 1.090E+04
  46.700	 0.000E+00	-1.392E+02	 1.084E+04
  46.750	 0.000E+00	-1.182E+02	 1.071E+04
  46.800	 0.000E+00	-1.084E+02	 1.051E+04
  46.850	 0.000E+00	-6.403E+01	 1.040E+04
  46.900	 0.000E+00	-5.034E+00	 1.035E+04
  46.950	 0.000E+00	 1.076E+02	 1.035E+04
  47.000	 0.000E+00	 3.265E+02	 1.041E+04
  47.050	 0.000E+00	 6.109E+02	 1.055E+04
  47.100	 0.000E+00	 9.788E+02	 1.074E+04
  47.150	 0.000E+00	 1.431E+03	 1.093E+04
  47.200	 0.000E+00	 1.891E+03	 1.109E+04
  47.250	 0.000E+00	 2.274E+03	 1.113E+04
  47.300	 0.000E+00	 2.645E+03	 1.120E+04
  47.350	 0.000E+00	 2.955E+03	 1.121E+04
  47.400	 0.000E+00	 3.167E+03	 1.119E+04
  47.450	 0.000E+00	 3.325E+03	 1.116E+04
  47.500	 0.000E+00	 3.423E+03	 1.118E+04
  47.550	 0.000E+00	 3.446E+03	 1.118E+04
  47.600	 0.000E+00	 3.432E+03	 1.107E+04
  47.650	 0.000E+00	 3.405E+03	 1.086E+04
  47.700	 0.000E+00	 3.390E+03	 1.072E+04
  47.750	 0.000E+00	 3.392E+03	 1.056E+04
  47.800	 0.000E+00	 3.453E+03	 1.049E+04
  47.850	 0.000E+00	 3.564E+03	 1.040E+04
  47.900	 0.000E+00	 3.710E+03	 1.025E+04
  47.950	 0.000E+00	 3.912E+03	 1.008E+04
  48.000	 0.000E+00	 4.162E+03	 9.932E+03
  48.050	 0.000E+00	 4.428E+03	 9.810E+03
  48.100	 0.000E+00	 4.677E+03	 9.687E+03
  48.150	 0.000E+00	 4.898E+03	 9.606E+03
  48.200	 0.000E+00	 5.096E+03	 9.664E+03
  48.250	 0.000E+00	 5.228E+03	 9.663E+03
  48.300	 0.000E+00	 5.300E+03	 9.614E+03
  48.350	 0.000E+00	 5.306E+03	 9.572E+03
  48.400	 0.000E+00	 5.199E+03	 9.331E+03
  48.450	 0.000E+00	 5.040E+03	 9.013E+03
  48.500	 0.000E+00	 4.847E+03	 8.740E+03
  48.550	 0.000E+00	 4.625E+03	 8.506E+03
  48.600	 0.000E+00	 4.409E+03	 8.345E+03
  48.650	 0.000E+00	 4.183E+03	 8.321E+03
  48.700	 0.000E+00	 3.937E+03	 8.355E+03
  48.750	 0.000E+00	 3.734E+03	 8.432E+03
  48.800	 0.000E+00	 3.592E+03	 8.525E+03
  48.850	 0.000E+00	 3.502E+03	 8.555E+03
  48.900	 0.000E+00	 3.477E+03	 8.492E+03
  48.950	 0.000E+00	 3.494E+03	 8.389E+03
  49.000	 0.000E+00	 3.518E+03	 8.338E+03
  49.050	 0.000E+00	 3.555E+03	 8.350E+03
  49.100	 0.000E+00	 3.589E+03	 8.424E+03
  49.150	 0.000E+00	 3.552E+03	 8.541E+03
  49.200	 0.000E+00	 3.443E+03	 8.620E+03
  49.250	 0.000E+00	 3.255E+03	 8.626E+03
  49.300	 0.000E+00	 2.989E+03	 8.565E+03
  49.350	 0.000E+00	 2.655E+03	 8.463E+03
  49.400	 0.000E+00	 2.290E+03	 8.333E+03
  49.450	 0.000E+00	 1.916E+03	 8.163E+03
  49.500	 0.000E+00	 1.529E+03	 7.973E+03
  49.550	 0.000E+00	 1.170E+03	 7.800E+03
  49.600	 0.000E+00	 8.778E+02	 7.756E+03
  49.650	 0.000E+00	 6.272E+02	 7.828E+03
  49.700	 0.000E+00	 4.381E+02	 7.876E+03
  49.750	 0.000E+00	 2.892E+02	 7.922E+03
  49.800	 0.000E+00	 1.451E+02	 7.894E+03
  49.850	 0.000E+00	 2.169E+01	 7.874E+03
  49.900	 0.000E+00	-6.565E+01	 7.823E+03
  49.950	 0.000E+00	-1.495E+02	 7.808E+03
  50.000	 0.000E+00	-2.406E+02	 7.793E+03
  50.050	 0.000E+00	-3.250E+02	 7.697E+03
  50.100	 0.000E+00	-4.401E+02	 7.548E+03
  50.150	 0.000E+00	-6.023E+02	 7.378E+03
  50.200	 0.000E+00	-7.945E+02	 7.232E+03
  50.250	 0.000E+00	-1.039E+03	 7.172E+03
  50.300	 0.000E+00	-1.343E+03	 7.187E+03
  50.350	 0.000E+00	-1.667E+03	 7.294E+03
  50.400	 0.000E+00	-1.996E+03	 7.428E+03
  50.450	 0.000E+00	-2.311E+03	 7.540E+03
  50.500	 0.000E+00	-2.605E+03	 7.585E+03
  50.550	 0.000E+00	-2.847E+03	 7.564E+03
  50.600	 0.000E+00	-3.012E+03	 7.529E+03
  50.650	 0.000E+00	-3.073E+03	 7.515E+03
  50.700	 0.000E+00	-3.062E+03	 7.534E+03
  50.750	 0.000E+00	-2.990E+03	 7.615E+03
  50.800	 0.000E+00	-2.865E+03	 7.725E+03
  50.850	 0.000E+00	-2.698E+03	 7.911E+03
  50.900	 0.000E+00	-2.501E+03	 8.223E+03
  50.950	 0.000E+00	-2.297E+03	 8.612E+03
  51.000	 0.000E+00	-2.115E+03	 8.993E+03
  51.050	 0.000E+00	-1.992E+03	 9.300E+03
  51.100	 0.000E+00	-1.903E+03	 9.566E+03
  51.150	 0.000E+00	-1.861E+03	 9.768E+03
  51.200	 0.000E+00	-1.875E+03	 9.871E+03
  51.250	 0.000E+00	-1.922E+03	 9.898E+03
  51.300	 0.000E+00	-1.993E+03	 9.846E+03
  51.350	 0.000E+00	-2.068E+03	 9.737E+03
  51.400	 0.000E+00	-2.113E+03	 9.627E+03
  51.450	 0.000E+00	-2.120E+03	 9.616E+03
  51.500	 0.000E+00	-2.054E+03	 9.591E+03
  51.550	 0.000E+00	-1.904E+03	 9.601E+03
  51.600	 0.000E+00	-1.693E+03	 9.595E+03
  51.650	 0.000E+00	-1.420E+03	 9.589E+03
  51.700	 0.000E+00	-1.097E+03	 9.555E+03
  51.750	 0.000E+00	-7.606E+02	 9.510E+03
  51.800	 0.000E+00	-4.264E+02	 9.476E+03
  51.850	 0.000E+00	-7.559E+01	 9.454E+03
  51.900	 0.000E+00	 2.579E+02	 9.492E+03
  51.950	 0.000E+00	 5.310E+02	 9.588E+03
  52.000	 0.000E+00	 7.842E+02	 9.717E+03
  52.050	 0.000E+00	 9.812E+02	 9.809E+03
  52.100	 0.000E+00	 1.099E+03	 9.934E+03
  52.150	 0.000E+00	 1.205E+03	 1.005E+04
  52.200	 0.000E+00	 1.285E+03	 1.021E+04
  52.250	 0.000E+00	 1.337E+03	 1.029E+04
  52.300	 0.000E+00	 1.399E+03	 1.024E+04
  52.350	 0.000E+00	 1.476E+03	 1.015E+04
  52.400	 0.000E+00	 1.553E+03	 1.005E+04
  52.450	 0.000E+00	 1.669E+03	 9.952E+03
  52.500	 0.000E+00	 1.837E+03	 9.888E+03
  52.550	 0.000E+00	 2.038E+03	 9.829E+03
  52.600	 0.000E+00	 2.266E+03	 9.742E+03
  52.650	 0.000E+00	 2.528E+03	 9.645E+03
  52.700	 0.000E+00	 2.792E+03	 9.471E+03
  52.750	 0.000E+00	 3.095E+03	 9.278E+03
  52.800	 0.000E+00	 3.426E+03	 9.117E+03
  52.850	 0.000E+00	 3.742E+03	 9.088E+03
  52.900	 0.000E+00	 4.007E+03	 9.109E+03
  52.950	 0.000E+00	 4.199E+03	 9.143E+03
  53.000	 0.000E+00	 4.299E+03	 9.145E+03
  53.050	 0.000E+00	 4.320E+03	 9.087E+03
  53.100	 0.000E+00	 4.295E+03	 9.038E+03
  53.150	 0.000E+00	 4.242E+03	 8.922E+03
  53.200	 0.000E+00	 4.148E+03	 8.640E+03
  53.250	 0.000E+00	 4.059E+03	 8.293E+03
  53.300	 0.000E+00	 3.991E+03	 7.922E+03
  53.350	 0.000E+00	 3.973E+03	 7.637E+03
  53.400	 0.000E+00	 4.009E+03	 7.456E+03
  53.450	 0.000E+00	 4.120E+03	 7.486E+03
  53.500	 0.000E+00	 4.268E+03	 7.665E+03
  53.550	 0.000E+00	 4.406E+03	 7.871E+03
  53.600	 0.000E+00	 4.543E+03	 8.157E+03
  53.650	 0.000E+00	 4.638E+03	 8.405E+03
  53.700	 0.000E+00	 4.699E+03	 8.600E+03
  53.750	 0.000E+00	 4.739E+03	 8.775E+03
  53.800	 0.000E+00	 4.730E+03	 8.929E+03
  53.850	 0.000E+00	 4.695E+03	 9.102E+03
  53.900	 0.000E+00	 4.629E+03	 9.233E+03
  53.950	 0.000E+00	 4.524E+03	 9.446E+03
  54.000	 0.000E+00	 4.346E+03	 9.633E+03
  54.050	 0.000E+00	 4.148E+03	 9.831E+03
  54.100	 0.000E+00	 3.910E+03	 9.950E+03
  54.150	 0.000E+00	 3.643E+03	 9.949E+03
  54.200	 0.000E+00	 3.386E+03	 9.827E+03
  54.250	 0.000E+00	 3.130E+03	 9.678E+03
  54.300	 0.000E+00	 2.854E+03	 9.500E+03
  54.350	 0.000E+00	 2.595E+03	 9.274E+03
  54.400	 0.000E+00	 2.400E+03	 9.032E+03
  54.450	 0.000E+00	 2.251E+03	 8.760E+03
  54.500	 0.000E+00	 2.131E+03	 8.470E+03
  54.550	 0.000E+00	 2.043E+03	 8.215E+03
  54.600	 0.000E+00	 1.953E+03	 7.996E+03
  54.650	 0.000E+00	 1.816E+03	 7.802E+03
  54.700	 0.000E+00	 1.657E+03	 7.661E+03
  54.750	 0.000E+00	 1.443E+03	 7.544E+03
  54.800	 0.000E+00	 1.167E+03	 7.441E+03
  54.850	 0.000E+00	 8.720E+02	 7.354E+03
  54.900	 0.000E+00	 5.469E+02	 7.264E+03
  54.950	 0.000E+00	 2.054E+02	 7.211E+03
  55.000	 0.000E+00	-1.166E+02	 7.215E+03
  55.050	 0.000E+00	-4.194E+02	 7.257E+03
  55.100	 0.000E+00	-6.988E+02	 7.262E+03
  55.150	 0.000E+00	-9.395E+02	 7.204E+03
  55.200	 0.000E+00	-1.160E+03	 7.061E+03
  55.250	 0.000E+00	-1.358E+03	 6.876E+03
  55.300	 0.000E+00	-1.543E+03	 6.662E+03
  55.350	 0.000E+00	-1.719E+03	 6.521E+03
  55.400	 0.000E+00	-1.861E+03	 6.532E+03
  55.450	 0.000E+00	-1.956E+03	 6.734E+03
  55.500	 0.000E+00	-2.028E+03	 7.028E+03
  55.550	 0.000E+00	-2.081E+03	 7.340E+03
  55.600	 0.000E+00	-2.118E+03	 7.558E+03
  55.650	 0.000E+00	-2.161E+03	 7.648E+03
  55.700	 0.000E+00	-2.207E+03	 7.655E+03
  55.750	 0.000E+00	-2.240E+03	 7.670E+03
  55.800	 0.000E+00	-2.301E+03	 7.679E+03
  55.850	 0.000E+00	-2.374E+03	 7.759E+03
  55.900	 0.000E+00	-2.460E+03	 7.952E+03
  55.950	 0.000E+00	-2.543E+03	 8.225E+03
  56.000	 0.000E+00	-2.619E+03	 8.520E+03
  56.050	 0.000E+00	-2.673E+03	 8.823E+03
  56.100	 0.000E+00	-2.689E+03	 9.142E+03
  56.150	 0.000E+00	-2.656E+03	 9.459E+03
  56.200	 0.000E+00	-2.597E+03	 9.710E+03
  56.250	 0.000E+00	-2.498E+03	 9.863E+03
  56.300	 0.000E+00	-2.378E+03	 9.867E+03
  56.350	 0.000E+00	-2.219E+03	 9.818E+03
  56.400	 0.000E+00	-2.067E+03	 9.747E+03
  56.450	 0.000E+00	-1.895E+03	 9.676E+03
  56.500	 0.000E+00	-1.743E+03	 9.661E+03
  56.550	 0.000E+00	-1.630E+03	 9.728E+03
  56.600	 0.000E+00	-1.526E+03	 9.815E+03
  56.650	 0.000E+00	-1.446E+03	 9.797E+03
  56.700	 0.000E+00	-1.380E+03	 9.735E+03
  56.750	 0.000E+00	-1.307E+03	 9.495E+03
  56.800	 0.000E+00	-1.204E+03	 9.159E+03
  56.850	 0.000E+00	-1.070E+03	 8.800E+03
  56.900	 0.000E+00	-8.988E+02	 8.507E+03
  56.950	 0.000E+00	-6.759E+02	 8.307E+03
  57.000	 0.000E+00	-4.308E+02	 8.256E+03
  57.050	 0.000E+00	-1.696E+02	 8.330E+03
  57.100	 0.000E+00	 9.806E+01	 8.500E+03
  57.150	 0.000E+00	 3.241E+02	 8.729E+03
  57.200	 0.000E+00	 5.305E+02	 8.993E+03
  57.250	 0.000E+00	 7.246E+02	 9.250E+03
  57.300	 0.000E+00	 9.091E+02	 9.533E+03
  57.350	 0.000E+00	 1.087E+03	 9.794E+03
  57.400	 0.000E+00	 1.269E+03	 9.923E+03
  57.450	 0.000E+00	 1.463E+03	 9.909E+03
  57.500	 0.000E+00	 1.638E+03	 9.809E+03
  57.550	 0.000E+00	 1.813E+03	 9.685E+03
  57.600	 0.000E+00	 2.005E+03	 9.559E+03
  57.650	 0.000E+00	 2.181E+03	 9.531E+03
  57.700	 0.000E+00	 2.354E+03	 9.536E+03
  57.750	 0.000E+00	 2.526E+03	 9.571E+03
  57.800	 0.000E+00	 2.678E+03	 9.596E+03
  57.850	 0.000E+00	 2.842E+03	 9.597E+03
  57.900	 0.000E+00	 3.045E+03	 9.520E+03
  57.950	 0.000E+00	 3.262E+03	 9.358E+03
  58.000	 0.000E+00	 3.486E+03	 9.146E+03
  58.050	 0.000E+00	 3.724E+03	 8.955E+03
  58.100	 0.000E+00	 3.948E+03	 8.804E+03
  58.150	 0.000E+00	 4.127E+03	 8.727E+03
  58.200	 0.000E+00	 4.289E+03	 8.814E+03
  58.250	 0.000E+00	 4.419E+03	 8.955E+03
  58.300	 0.000E+00	 4.508E+03	 9.140E+03
  58.350	 0.000E+00	 4.552E+03	 9.323E+03
  58.400	 0.000E+00	 4.571E+03	 9.445E+03
  58.450	 0.000E+00	 4.550E+03	 9.400E+03
  58.500	 0.000E+00	 4.509E+03	 9.202E+03
  58.550	 0.000E+00	 4.478E+03	 8.890E+03
  58.600	 0.000E+00	 4.480E+03	 8.613E+03
  58.650	 0.000E+00	 4.520E+03	 8.418E+03
  58.700	 0.000E+00	 4.594E+03	 8.454E+03
  58.750	 0.000E+00	 4.655E+03	 8.682E+03
  58.800	 0.000E+00	 4.685E+03	 8.973E+03
  58.850	 0.000E+00	 4.683E+03	 9.241E+03
  58.900	 0.000E+00	 4.638E+03	 9.337E+03
  58.950	 0.000E+00	 4.570E+03	 9.244E+03
  59.000	 0.000E+00	 4.478E+03	 8.994E+03
  59.050	 0.000E+00	 4.368E+03	 8.727E+03
  59.100	 0.000E+00	 4.212E+03	 8.328E+03
  59.150	 0.000E+00	 4.066E+03	 7.975E+03
  59.200	 0.000E+00	 3.897E+03	 7.688E+03
  59.250	 0.000E+00	 3.721E+03	 7.520E+03
  59.300	 0.000E+00	 3.560E+03	 7.457E+03
  59.350	 0.000E+00	 3.401E+03	 7.522E+03
  59.400	 0.000E+00	 3.209E+03	 7.665E+03
  59.450	 0.000E+00	 3.013E+03	 7.916E+03
  59.500	 0.000E+00	 2.795E+03	 8.203E+03
  59.550	 0.000E+00	 2.527E+03	 8.353E+03
  59.600	 0.000E+00	 2.281E+03	 8.321E+03
  59.650	 0.000E+00	 2.077E+03	 8.178E+03
  59.700	 0.000E+00	 1.875E+03	 7.904E+03
  59.750	 0.000E+00	 1.704E+03	 7.622E+03
  59.800	 0.000E+00	 1.573E+03	 7.495E+03
  59.850	 0.000E+00	 1.424E+03	 7.502E+03
  59.900	 0.000E+00	 1.294E+03	 7.579E+03
  59.950	 0.000E+00	 1.173E+03	 7.711E+03
  60.000	 0.000E+00	 1.031E+03	 7.815E+03
  60.050	 0.000E+00	 8.714E+02	 7.832E+03
  60.100	 0.000E+00	 6.555E+02	 7.757E+03
  60.150	 0.000E+00	 4.194E+02	 7.663E+03
  60.200	 0.000E+00	 1.828E+02	 7.569E+03
  60.250	 0.000E+00	-5.588E+01	 7.468E+03
  60.300	 0.000E+00	-2.933E+02	 7.392E+03
  60.350	 0.000E+00	-5.301E+02	 7.332E+03
  60.400	 0.000E+00	-7.704E+02	 7.316E+03
  60.450	 0.000E+00	-9.916E+02	 7.348E+03
  60.500	 0.000E+00	-1.194E+03	 7.371E+03
  60.550	 0.000E+00	-1.386E+03	 7.384E+03
  60.600	 0.000E+00	-1.560E+03	 7.420E+03
  60.650	 0.000E+00	-1.719E+03	 7.441E+03
  60.700	 0.000E+00	-1.849E+03	 7.462E+03
  60.750	 0.000E+00	-1.961E+03	 7.524E+03
  60.800	 0.000E+00	-2.058E+03	 7.612E+03
  60.850	 0.000E+00	-2.136E+03	 7.680E+03
  60.900	 0.000E+00	-2.216E+03	 7.702E+03
  60.950	 0.000E+00	-2.272E+03	 7.675E+03
  61.000	 0.000E+00	-2.320E+03	 7.594E+03
  61.050	 0.000E+00	-2.373E+03	 7.494E+03
  61.100	 0.000E+00	-2.440E+03	 7.402E+03
  61.150	 0.000E+00	-2.492E+03	 7.407E+03
  61.200	 0.000E+00	-2.532E+03	 7.545E+03
  61.250	 0.000E+00	-2.555E+03	 7.804E+03
  61.300	 0.000E+00	-2.580E+03	 8.176E+03
  61.350	 0.000E+00	-2.609E+03	 8.635E+03
  61.400	 0.000E+00	-2.656E+03	 9.035E+03
  61.450	 0.000E+00	-2.693E+03	 9.294E+03
  61.500	 0.000E+00	-2.709E+03	 9.341E+03
  61.550	 0.000E+00	-2.683E+03	 9.220E+03
  61.600	 0.000E+00	-2.628E+03	 8.963E+03
  61.650	 0.000E+00	-2.543E+03	 8.683E+03
  61.700	 0.000E+00	-2.433E+03	 8.487E+03
  61.750	 0.000E+00	-2.292E+03	 8.464E+03
  61.800	 0.000E+00	-2.139E+03	 8.513E+03
  61.850	 0.000E+00	-1.976E+03	 8.577E+03
  61.900	 0.000E+00	-1.781E+03	 8.626E+03
  61.950	 0.000E+00	-1.619E+03	 8.600E+03
  62.000	 0.000E+00	-1.471E+03	 8.441E+03
  62.050	 0.000E+00	-1.338E+03	 8.143E+03
  62.100	 0.000E+00	-1.256E+03	 7.766E+03
  62.150	 0.000E+00	-1.150E+03	 7.282E+03
  62.200	 0.000E+00	-1.042E+03	 6.785E+03
  62.250	 0.000E+00	-9.075E+02	 6.384E+03
  62.300	 0.000E+00	-7.679E+02	 6.171E+03
  62.350	 0.000E+00	-6.007E+02	 6.163E+03
  62.400	 0.000E+00	-4.393E+02	 6.297E+03
  62.450	 0.000E+00	-2.475E+02	 6.539E+03
  62.500	 0.000E+00	-3.101E+01	 6.766E+03
  62.550	 0.000E+00	 2.196E+02	 6.947E+03
  62.600	 0.000E+00	 4.863E+02	 7.054E+03
  62.650	 0.000E+00	 7.662E+02	 7.227E+03
  62.700	 0.000E+00	 1.067E+03	 7.489E+03
  62.750	 0.000E+00	 1.401E+03	 7.897E+03
  62.800	 0.000E+00	 1.711E+03	 8.325E+03
  62.850	 0.000E+00	 2.011E+03	 8.735E+03
  62.900	 0.000E+00	 2.275E+03	 9.018E+03
  62.950	 0.000E+00	 2.485E+03	 9.204E+03
  63.000	 0.000E+00	 2.674E+03	 9.324E+03
  63.050	 0.000E+00	 2.842E+03	 9.361E+03
  63.100	 0.000E+00	 2.998E+03	 9.344E+03
  63.150	 0.000E+00	 3.145E+03	 9.299E+03
  63.200	 0.000E+00	 3.296E+03	 9.372E+03
  63.250	 0.000E+00	 3.451E+03	 9.541E+03
  63.300	 0.000E+00	 3.642E+03	 9.798E+03
  63.350	 0.000E+00	 3.852E+03	 1.004E+04
  63.400	 0.000E+00	 4.041E+03	 1.021E+04
  63.450	 0.000E+00	 4.209E+03	 1.023E+04
  63.500	 0.000E+00	 4.366E+03	 1.010E+04
  63.550	 0.000E+00	 4.498E+03	 9.870E+03
  63.600	 0.000E+00	 4.590E+03	 9.576E+03
  63.650	 0.000E+00	 4.683E+03	 9.421E+03
  63.700	 0.000E+00	 4.755E+03	 9.299E+03
  63.750	 0.000E+00	 4.797E+03	 9.207E+03
  63.800	 0.000E+00	 4.828E+03	 9.126E+03
  63.850	 0.000E+00	 4.852E+03	 9.100E+03
  63.900	 0.000E+00	 4.831E+03	 8.980E+03
  63.950	 0.000E+00	 4.814E+03	 8.913E+03
  64.000	 0.000E+00	 4.777E+03	 8.836E+03
  64.050	 0.000E+00	 4.741E+03	 8.834E+03
  64.100	 0.000E+00	 4.674E+03	 8.845E+03
  64.150	 0.000E+00	 4.610E+03	 8.932E+03
  64.200	 0.000E+00	 4.523E+03	 8.980E+03
  64.250	 0.000E+00	 4.434E+03	 8.893E+03
  64.300	 0.000E+00	 4.351E+03	 8.735E+03
  64.350	 0.000E+00	 4.253E+03	 8.476E+03
  64.400	 0.000E+00	 4.168E+03	 8.247E+03
  64.450	 0.000E+00	 4.090E+03	 8.077E+03
  64.500	 0.000E+00	 3.976E+03	 7.992E+03
  64.550	 0.000E+00	 3.848E+03	 7.971E+03
  64.600	 0.000E+00	 3.683E+03	 7.930E+03
  64.650	 0.000E+00	 3.476E+03	 7.833E+03
  64.700	 0.000E+00	 3.254E+03	 7.653E+03
  64.750	 0.000E+00	 3.007E+03	 7.437E+03
  64.800	 0.000E+00	 2.728E+03	 7.192E+03
  64.850	 0.000E+00	 2.471E+03	 6.953E+03
  64.900	 0.000E+00	 2.205E+03	 6.761E+03
  64.950	 0.000E+00	 1.948E+03	 6.633E+03
  65.000	 0.000E+00	 1.725E+03	 6.504E+03
  65.050	 0.000E+00	 1.533E+03	 6.437E+03
  65.100	 0.000E+00	 1.337E+03	 6.421E+03
  65.150	 0.000E+00	 1.185E+03	 6.503E+03
  65.200	 0.000E+00	 1.053E+03	 6.663E+03
  65.250	 0.000E+00	 9.206E+02	 6.897E+03
  65.300	 0.000E+00	 8.079E+02	 7.174E+03
  65.350	 0.000E+00	 7.023E+02	 7.438E+03
  65.400	 0.000E+00	 5.769E+02	 7.702E+03
  65.450	 0.000E+00	 4.238E+02	 7.937E+03
  65.500	 0.000E+00	 2.634E+02	 8.078E+03
  65.550	 0.000E+00	 9.043E+01	 8.140E+03
  65.600	 0.000E+00	-1.206E+02	 8.183E+03
  65.650	 0.000E+00	-3.205E+02	 8.205E+03
  65.700	 0.000E+00	-5.188E+02	 8.223E+03
  65.750	 0.000E+00	-7.679E+02	 8.194E+03
  65.800	 0.000E+00	-1.009E+03	 8.204E+03
  65.850	 0.000E+00	-1.211E+03	 8.198E+03
  65.900	 0.000E+00	-1.402E+03	 8.215E+03
  65.950	 0.000E+00	-1.587E+03	 8.229E+03
  66.000	 0.000E+00	-1.748E+03	 8.291E+03
  66.050	 0.000E+00	-1.896E+03	 8.338E+03
  66.100	 0.000E+00	-2.041E+03	 8.337E+03
  66.150	 0.000E+00	-2.134E+03	 8.323E+03
  66.200	 0.000E+00	-2.188E+03	 8.237E+03
  66.250	 0.000E+00	-2.236E+03	 8.023E+03
  66.300	 0.000E+00	-2.269E+03	 7.779E+03
  66.350	 0.000E+00	-2.299E+03	 7.605E+03
  66.400	 0.000E+00	-2.349E+03	 7.537E+03
  66.450	 0.000E+00	-2.425E+03	 7.633E+03
  66.500	 0.000E+00	-2.530E+03	 7.822E+03
  66.550	 0.000E+00	-2.655E+03	 7.983E+03
  66.600	 0.000E+00	-2.771E+03	 8.065E+03
  66.650	 0.000E+00	-2.871E+03	 8.055E+03
  66.700	 0.000E+00	-2.946E+03	 7.874E+03
  66.750	 0.000E+00	-2.985E+03	 7.600E+03
  66.800	 0.000E+00	-3.009E+03	 7.345E+03
  66.850	 0.000E+00	-2.997E+03	 7.166E+03
  66.900	 0.000E+00	-2.943E+03	 7.109E+03
  66.950	 0.000E+00	-2.854E+03	 7.183E+03
  67.000	 0.000E+00	-2.738E+03	 7.294E+03
  67.050	 0.000E+00	-2.585E+03	 7.365E+03
  67.100	 0.000E+00	-2.415E+03	 7.432E+03
  67.150	 0.000E+00	-2.228E+03	 7.509E+03
  67.200	 0.000E+00	-2.032E+03	 7.451E+03
  67.250	 0.000E+00	-1.840E+03	 7.352E+03
  67.300	 0.000E+00	-1.647E+03	 7.295E+03
  67.350	 0.000E+00	-1.463E+03	 7.234E+03
  67.400	 0.000E+00	-1.290E+03	 7.220E+03
  67.450	 0.000E+00	-1.124E+03	 7.305E+03
  67.500	 0.000E+00	-9.810E+02	 7.494E+03
  67.550	 0.000E+00	-8.344E+02	 7.785E+03
  67.600	 0.000E+00	-6.999E+02	 8.159E+03
  67.650	 0.000E+00	-5.724E+02	 8.532E+03
  67.700	 0.000E+00	-4.252E+02	 8.848E+03
  67.750	 0.000E+00	-2.671E+02	 9.065E+03
  67.800	 0.000E+00	-7.193E+01	 9.195E+03
  67.850	 0.000E+00	 1.449E+02	 9.266E+03
  67.900	 0.000E+00	 4.051E+02	 9.312E+03
  67.950	 0.000E+00	 7.101E+02	 9.341E+03
  68.000	 0.000E+00	 1.040E+03	 9.466E+03
  68.050	 0.000E+00	 1.379E+03	 9.660E+03
  68.100	 0.000E+00	 1.720E+03	 9.883E+03
  68.150	 0.000E+00	 2.026E+03	 1.005E+04
  68.200	 0.000E+00	 2.310E+03	 1.012E+04
  68.250	 0.000E+00	 2.567E+03	 1.008E+04
  68.300	 0.000E+00	 2.768E+03	 9.940E+03
  68.350	 0.000E+00	 2.955E+03	 9.724E+03
  68.400	 0.000E+00	 3.147E+03	 9.530E+03
  68.450	 0.000E+00	 3.304E+03	 9.371E+03
  68.500	 0.000E+00	 3.439E+03	 9.360E+03
  68.550	 0.000E+00	 3.568E+03	 9.458E+03
  68.600	 0.000E+00	 3.665E+03	 9.628E+03
  68.650	 0.000E+00	 3.740E+03	 9.879E+03
  68.700	 0.000E+00	 3.809E+03	 1.008E+04
  68.750	 0.000E+00	 3.874E+03	 1.013E+04
  68.800	 0.000E+00	 3.935E+03	 1.004E+04
  68.850	 0.000E+00	 4.010E+03	 9.820E+03
  68.900	 0.000E+00	 4.086E+03	 9.525E+03
  68.950	 0.000E+00	 4.207E+03	 9.312E+03
  69.000	 0.000E+00	 4.348E+03	 9.147E+03
  69.050	 0.000E+00	 4.492E+03	 9.035E+03
  69.100	 0.000E+00	 4.628E+03	 8.965E+03
  69.150	 0.000E+00	 4.737E+03	 8.990E+03
  69.200	 0.000E+00	 4.799E+03	 8.998E+03
  69.250	 0.000E+00	 4.812E+03	 8.872E+03
  69.300	 0.000E+00	 4.780E+03	 8.666E+03
  69.350	 0.000E+00	 4.700E+03	 8.349E+03
  69.400	 0.000E+00	 4.563E+03	 7.954E+03
  69.450	 0.000E+00	 4.378E+03	 7.594E+03
  69.500	 0.000E+00	 4.194E+03	 7.434E+03
  69.550	 0.000E+00	 4.001E+03	 7.321E+03
  69.600	 0.000E+00	 3.870E+03	 7.402E+03
  69.650	 0.000E+00	 3.772E+03	 7.635E+03
  69.700	 0.000E+00	 3.695E+03	 7.816E+03
  69.750	 0.000E+00	 3.645E+03	 7.925E+03
  69.800	 0.000E+00	 3.591E+03	 7.988E+03
  69.850	 0.000E+00	 3.526E+03	 8.037E+03
  69.900	 0.000E+00	 3.466E+03	 7.950E+03
  69.950	 0.000E+00	 3.379E+03	 7.777E+03
  70.000	 0.000E+00	 3.271E+03	 7.644E+03
  70.050	 0.000E+00	 3.143E+03	 7.552E+03
  70.100	 0.000E+00	 3.006E+03	 7.505E+03
  70.150	 0.000E+00	 2.852E+03	 7.473E+03
  70.200	 0.000E+00	 2.648E+03	 7.379E+03
  70.250	 0.000E+00	 2.461E+03	 7.242E+03
  70.300	 0.000E+00	 2.265E+03	 7.050E+03
  70.350	 0.000E+00	 2.034E+03	 6.858E+03
  70.400	 0.000E+00	 1.825E+03	 6.726E+03
  70.450	 0.000E+00	 1.610E+03	 6.677E+03
  70.500	 0.000E+00	 1.365E+03	 6.713E+03
  70.550	 0.000E+00	 1.143E+03	 6.886E+03
  70.600	 0.000E+00	 9.457E+02	 7.222E+03
  70.650	 0.000E+00	 7.551E+02	 7.642E+03
  70.700	 0.000E+00	 6.106E+02	 8.172E+03
  70.750	 0.000E+00	 4.788E+02	 8.617E+03
  70.800	 0.000E+00	 3.310E+02	 8.896E+03
  70.850	 0.000E+00	 2.101E+02	 8.986E+03
  70.900	 0.000E+00	 8.527E+01	 8.944E+03
  70.950	 0.000E+00	-5.474E+01	 8.804E+03
  71.000	 0.000E+00	-1.970E+02	 8.713E+03
  71.050	 0.000E+00	-3.597E+02	 8.740E+03
  71.100	 0.000E+00	-5.426E+02	 8.880E+03
  71.150	 0.000E+00	-7.449E+02	 9.064E+03
  71.200	 0.000E+00	-9.582E+02	 9.235E+03
  71.250	 0.000E+00	-1.181E+03	 9.310E+03
  71.300	 0.000E+00	-1.413E+03	 9.221E+03
  71.350	 0.000E+00	-1.641E+03	 8.976E+03
  71.400	 0.000E+00	-1.859E+03	 8.657E+03
  71.450	 0.000E+00	-2.070E+03	 8.341E+03
  71.500	 0.000E+00	-2.265E+03	 8.115E+03
  71.550	 0.000E+00	-2.433E+03	 7.952E+03
  71.600	 0.000E+00	-2.542E+03	 7.827E+03
  71.650	 0.000E+00	-2.622E+03	 7.759E+03
  71.700	 0.000E+00	-2.693E+03	 7.753E+03
  71.750	 0.000E+00	-2.726E+03	 7.902E+03
  71.800	 0.000E+00	-2.734E+03	 8.102E+03
  71.850	 0.000E+00	-2.704E+03	 8.286E+03
  71.900	 0.000E+00	-2.653E+03	 8.384E+03
  71.950	 0.000E+00	-2.600E+03	 8.386E+03
  72.000	 0.000E+00	-2.549E+03	 8.214E+03
  72.050	 0.000E+00	-2.505E+03	 7.939E+03
  72.100	 0.000E+00	-2.471E+03	 7.711E+03
  72.150	 0.000E+00	-2.452E+03	 7.513E+03
  72.200	 0.000E+00	-2.438E+03	 7.405E+03
  72.250	 0.000E+00	-2.453E+03	 7.408E+03
  72.300	 0.000E+00	-2.479E+03	 7.517E+03
  72.350	 0.000E+00	-2.485E+03	 7.642E+03
  72.400	 0.000E+00	-2.486E+03	 7.698E+03
  72.450	 0.000E+00	-2.450E+03	 7.670E+03
  72.500	 0.000E+00	-2.374E+03	 7.465E+03
  72.550	 0.000E+00	-2.238E+03	 7.263E+03
  72.600	 0.000E+00	-2.068E+03	 7.087E+03
  72.650	 0.000E+00	-1.823E+03	 6.961E+03
  72.700	 0.000E+00	-1.534E+03	 6.984E+03
  72.750	 0.000E+00	-1.266E+03	 7.129E+03
  72.800	 0.000E+00	-9.852E+02	 7.360E+03
  72.850	 0.000E+00	-7.075E+02	 7.643E+03
  72.900	 0.000E+00	-4.900E+02	 7.935E+03
  72.950	 0.000E+00	-3.083E+02	 8.201E+03
  73.000	 0.000E+00	-1.395E+02	 8.408E+03
  73.050	 0.000E+00	 1.831E+01	 8.595E+03
  73.100	 0.000E+00	 1.679E+02	 8.695E+03
  73.150	 0.000E+00	 3.601E+02	 8.841E+03
  73.200	 0.000E+00	 5.695E+02	 9.014E+03
  73.250	 0.000E+00	 7.661E+02	 9.206E+03
  73.300	 0.000E+00	 9.734E+02	 9.452E+03
  73.350	 0.000E+00	 1.198E+03	 9.702E+03
  73.400	 0.000E+00	 1.412E+03	 9.924E+03
  73.450	 0.000E+00	 1.623E+03	 1.004E+04
  73.500	 0.000E+00	 1.864E+03	 1.005E+04
  73.550	 0.000E+00	 2.122E+03	 9.928E+03
  73.600	 0.000E+00	 2.376E+03	 9.672E+03
  73.650	 0.000E+00	 2.663E+03	 9.359E+03
  73.700	 0.000E+00	 2.970E+03	 9.106E+03
  73.750	 0.000E+00	 3.248E+03	 8.928E+03
  73.800	 0.000E+00	 3.478E+03	 8.847E+03
  73.850	 0.000E+00	 3.675E+03	 8.918E+03
  73.900	 0.000E+00	 3.831E+03	 9.065E+03
  73.950	 0.000E+00	 3.917E+03	 9.154E+03
  74.000	 0.000E+00	 3.936E+03	 9.152E+03
  74.050	 0.000E+00	 3.912E+03	 9.029E+03
  74.100	 0.000E+00	 3.859E+03	 8.760E+03
  74.150	 0.000E+00	 3.800E+03	 8.406E+03
  74.200	 0.000E+00	 3.764E+03	 7.992E+03
  74.250	 0.000E+00	 3.776E+03	 7.632E+03
  74.300	 0.000E+00	 3.819E+03	 7.462E+03
  74.350	 0.000E+00	 3.904E+03	 7.493E+03
  74.400	 0.000E+00	 4.033E+03	 7.718E+03
  74.450	 0.000E+00	 4.171E+03	 7.933E+03
  74.500	 0.000E+00	 4.295E+03	 8.006E+03
  74.550	 0.000E+00	 4.428E+03	 7.982E+03
  74.600	 0.000E+00	 4.528E+03	 7.735E+03
  74.650	 0.000E+00	 4.608E+03	 7.437E+03
  74.700	 0.000E+00	 4.683E+03	 7.358E+03
  74.750	 0.000E+00	 4.695E+03	 7.405E+03
  74.800	 0.000E+00	 4.670E+03	 7.547E+03
  74.850	 0.000E+00	 4.605E+03	 7.809E+03
  74.900	 0.000E+00	 4.511E+03	 8.172E+03
  74.950	 0.000E+00	 4.380E+03	 8.479E+03
  75.000	 0.000E+00	 4.254E+03	 8.817E+03
  75.050	 0.000E+00	 4.070E+03	 9.051E+03
  75.100	 0.000E+00	 3.898E+03	 9.225E+03
  75.150	 0.000E+00	 3.735E+03	 9.282E+03
  75.200	 0.000E+00	 3.557E+03	 9.228E+03
  75.250	 0.000E+00	 3.385E+03	 9.014E+03
  75.300	 0.000E+00	 3.243E+03	 8.767E+03
  75.350	 0.000E+00	 3.113E+03	 8.589E+03
  75.400	 0.000E+00	 2.995E+03	 8.447E+03
  75.450	 0.000E+00	 2.917E+03	 8.315E+03
  75.500	 0.000E+00	 2.819E+03	 8.178E+03
  75.550	 0.000E+00	 2.700E+03	 7.998E+03
  75.600	 0.000E+00	 2.572E+03	 7.796E+03
  75.650	 0.000E+00	 2.450E+03	 7.651E+03
  75.700	 0.000E+00	 2.317E+03	 7.589E+03
  75.750	 0.000E+00	 2.177E+03	 7.530E+03
  75.800	 0.000E+00	 2.030E+03	 7.526E+03
  75.850	 0.000E+00	 1.829E+03	 7.648E+03
  75.900	 0.000E+00	 1.600E+03	 7.912E+03
  75.950	 0.000E+00	 1.375E+03	 8.246E+03
  76.000	 0.000E+00	 1.125E+03	 8.579E+03
  76.050	 0.000E+00	 8.429E+02	 8.807E+03
  76.100	 0.000E+00	 5.676E+02	 8.982E+03
  76.150	 0.000E+00	 2.991E+02	 9.088E+03
  76.200	 0.000E+00	 3.229E+01	 9.098E+03
  76.250	 0.000E+00	-2.116E+02	 9.049E+03
  76.300	 0.000E+00	-4.283E+02	 8.962E+03
  76.350	 0.000E+00	-6.127E+02	 8.912E+03
  76.400	 0.000E+00	-7.630E+02	 8.923E+03
  76.450	 0.000E+00	-9.030E+02	 8.932E+03
  76.500	 0.000E+00	-1.021E+03	 8.914E+03
  76.550	 0.000E+00	-1.122E+03	 8.898E+03
  76.600	 0.000E+00	-1.222E+03	 8.843E+03
  76.650	 0.000E+00	-1.335E+03	 8.755E+03
  76.700	 0.000E+00	-1.464E+03	 8.599E+03
  76.750	 0.000E+00	-1.600E+03	 8.433E+03
  76.800	 0.000E+00	-1.761E+03	 8.281E+03
  76.850	 0.000E+00	-1.928E+03	 8.144E+03
  76.900	 0.000E+00	-2.098E+03	 8.001E+03
  76.950	 0.000E+00	-2.279E+03	 7.838E+03
  77.000	 0.000E+00	-2.477E+03	 7.683E+03
  77.050	 0.000E+00	-2.679E+03	 7.603E+03
  77.100	 0.000E+00	-2.860E+03	 7.569E+03
  77.150	 0.000E+00	-3.010E+03	 7.498E+03
  77.200	 0.000E+00	-3.110E+03	 7.424E+03
  77.250	 0.000E+00	-3.140E+03	 7.418E+03
  77.300	 0.000E+00	-3.121E+03	 7.442E+03
  77.350	 0.000E+00	-3.036E+03	 7.478E+03
  77.400	 0.000E+00	-2.896E+03	 7.541E+03
  77.450	 0.000E+00	-2.744E+03	 7.603E+03
  77.500	 0.000E+00	-2.580E+03	 7.678E+03
  77.550	 0.000E+00	-2.447E+03	 7.722E+03
  77.600	 0.000E+00	-2.355E+03	 7.697E+03
  77.650	 0.000E+00	-2.287E+03	 7.627E+03
  77.700	 0.000E+00	-2.255E+03	 7.542E+03
  77.750	 0.000E+00	-2.223E+03	 7.484E+03
  77.800	 0.000E+00	-2.183E+03	 7.468E+03
  77.850	 0.000E+00	-2.116E+03	 7.496E+03
  77.900	 0.000E+00	-2.032E+03	 7.579E+03
  77.950	 0.000E+00	-1.903E+03	 7.707E+03
  78.000	 0.000E+00	-1.740E+03	 7.821E+03
  78.050	 0.000E+00	-1.573E+03	 7.916E+03
  78.100	 0.000E+00	-1.401E+03	 7.997E+03
  78.150	 0.000E+00	-1.211E+03	 8.066E+03
  78.200	 0.000E+00	-1.017E+03	 8.107E+03
  78.250	 0.000E+00	-8.216E+02	 8.085E+03
  78.300	 0.000E+00	-5.991E+02	 8.055E+03
  78.350	 0.000E+00	-3.967E+02	 8.020E+03
  78.400	 0.000E+00	-1.898E+02	 8.003E+03
  78.450	 0.000E+00	 6.238E+01	 7.979E+03
  78.500	 0.000E+00	 3.093E+02	 7.961E+03
  78.550	 0.000E+00	 5.434E+02	 7.970E+03
  78.600	 0.000E+00	 7.882E+02	 7.963E+03
  78.650	 0.000E+00	 1.001E+03	 7.858E+03
  78.700	 0.000E+00	 1.187E+03	 7.748E+03
  78.750	 0.000E+00	 1.380E+03	 7.629E+03
  78.800	 0.000E+00	 1.578E+03	 7.548E+03
  78.850	 0.000E+00	 1.760E+03	 7.582E+03
  78.900	 0.000E+00	 1.960E+03	 7.742E+03
  78.950	 0.000E+00	 2.194E+03	 7.972E+03
  79.000	 0.000E+00	 2.416E+03	 8.264E+03
  79.050	 0.000E+00	 2.643E+03	 8.604E+03
  79.100	 0.000E+00	 2.879E+03	 8.930E+03
  79.150	 0.000E+00	 3.116E+03	 9.254E+03
  79.200	 0.000E+00	 3.343E+03	 9.453E+03
  79.250	 0.000E+00	 3.566E+03	 9.505E+03
  79.300	 0.000E+00	 3.763E+03	 9.448E+03
  79.350	 0.000E+00	 3.939E+03	 9.333E+03
  79.400	 0.000E+00	 4.095E+03	 9.217E+03
  79.450	 0.000E+00	 4.212E+03	 9.033E+03
  79.500	 0.000E+00	 4.290E+03	 8.804E+03
  79.550	 0.000E+00	 4.371E+03	 8.695E+03
  79.600	 0.000E+00	 4.417E+03	 8.580E+03
  79.650	 0.000E+00	 4.445E+03	 8.524E+03
  79.700	 0.000E+00	 4.444E+03	 8.418E+03
  79.750	 0.000E+00	 4.455E+03	 8.371E+03
  79.800	 0.000E+00	 4.462E+03	 8.291E+03
  79.850	 0.000E+00	 4.461E+03	 8.172E+03
  79.900	 0.000E+00	 4.448E+03	 8.058E+03
  79.950	 0.000E+00	 4.423E+03	 7.962E+03
  80.000	 0.000E+00	 4.391E+03	 7.839E+03
  80.050	 0.000E+00	 4.365E+03	 7.749E+03
  80.100	 0.000E+00	 4.355E+03	 7.750E+03
  80.150	 0.000E+00	 4.349E+03	 7.755E+03
  80.200	 0.000E+00	 4.361E+03	 7.837E+03
  80.250	 0.000E+00	 4.359E+03	 8.040E+03
  80.300	 0.000E+00	 4.333E+03	 8.314E+03
  80.350	 0.000E+00	 4.267E+03	 8.525E+03
  80.400	 0.000E+00	 4.163E+03	 8.622E+03
  80.450	 0.000E+00	 4.035E+03	 8.612E+03
  80.500	 0.000E+00	 3.882E+03	 8.441E+03
  80.550	 0.000E+00	 3.710E+03	 8.139E+03
  80.600	 0.000E+00	 3.515E+03	 7.753E+03
  80.650	 0.000E+00	 3.320E+03	 7.425E+03
  80.700	 0.000E+00	 3.111E+03	 7.175E+03
  80.750	 0.000E+00	 2.911E+03	 7.004E+03
  80.800	 0.000E+00	 2.739E+03	 6.946E+03
  80.850	 0.000E+00	 2.569E+03	 6.993E+03
  80.900	 0.000E+00	 2.406E+03	 7.116E+03
  80.950	 0.000E+00	 2.252E+03	 7.205E+03
  81.000	 0.000E+00	 2.112E+03	 7.304E+03
  81.050	 0.000E+00	 1.943E+03	 7.398E+03
  81.100	 0.000E+00	 1.807E+03	 7.471E+03
  81.150	 0.000E+00	 1.674E+03	 7.538E+03
  81.200	 0.000E+00	 1.530E+03	 7.608E+03
  81.250	 0.000E+00	 1.373E+03	 7.669E+03
  81.300	 0.000E+00	 1.194E+03	 7.752E+03
  81.350	 0.000E+00	 9.766E+02	 7.858E+03
  81.400	 0.000E+00	 7.345E+02	 8.019E+03
  81.450	 0.000E+00	 4.650E+02	 8.116E+03
  81.500	 0.000E+00	 1.987E+02	 8.140E+03
  81.550	 0.000E+00	-7.761E+01	 8.029E+03
  81.600	 0.000E+00	-3.537E+02	 7.788E+03
  81.650	 0.000E+00	-5.938E+02	 7.581E+03
  81.700	 0.000E+00	-8.154E+02	 7.376E+03
  81.750	 0.000E+00	-1.015E+03	 7.218E+03
  81.800	 0.000E+00	-1.182E+03	 7.099E+03
  81.850	 0.000E+00	-1.338E+03	 6.988E+03
  81.900	 0.000E+00	-1.478E+03	 6.900E+03
  81.950	 0.000E+00	-1.604E+03	 6.847E+03
  82.000	 0.000E+00	-1.714E+03	 6.781E+03
  82.050	 0.000E+00	-1.822E+03	 6.775E+03
  82.100	 0.000E+00	-1.928E+03	 6.906E+03
  82.150	 0.000E+00	-2.015E+03	 7.180E+03
  82.200	 0.000E+00	-2.102E+03	 7.565E+03
  82.250	 0.000E+00	-2.201E+03	 8.016E+03
  82.300	 0.000E+00	-2.298E+03	 8.469E+03
  82.350	 0.000E+00	-2.384E+03	 8.841E+03
  82.400	 0.000E+00	-2.475E+03	 8.979E+03
  82.450	 0.000E+00	-2.572E+03	 8.885E+03
  82.500	 0.000E+00	-2.662E+03	 8.645E+03
  82.550	 0.000E+00	-2.746E+03	 8.338E+03
  82.600	 0.000E+00	-2.827E+03	 8.077E+03
  82.650	 0.000E+00	-2.898E+03	 7.966E+03
  82.700	 0.000E+00	-2.964E+03	 7.927E+03
  82.750	 0.000E+00	-2.987E+03	 7.922E+03
  82.800	 0.000E+00	-2.974E+03	 7.857E+03
  82.850	 0.000E+00	-2.910E+03	 7.738E+03
  82.900	 0.000E+00	-2.815E+03	 7.472E+03
  82.950	 0.000E+00	-2.662E+03	 7.136E+03
  83.000	 0.000E+00	-2.482E+03	 6.800E+03
  83.050	 0.000E+00	-2.279E+03	 6.543E+03
  83.100	 0.000E+00	-2.089E+03	 6.418E+03
  83.150	 0.000E+00	-1.911E+03	 6.428E+03
  83.200	 0.000E+00	-1.752E+03	 6.628E+03
  83.250	 0.000E+00	-1.637E+03	 6.887E+03
  83.300	 0.000E+00	-1.553E+03	 7.149E+03
  83.350	 0.000E+00	-1.510E+03	 7.341E+03
  83.400	 0.000E+00	-1.477E+03	 7.440E+03
  83.450	 0.000E+00	-1.419E+03	 7.477E+03
  83.500	 0.000E+00	-1.341E+03	 7.556E+03
  83.550	 0.000E+00	-1.206E+03	 7.697E+03
  83.600	 0.000E+00	-1.046E+03	 7.906E+03
  83.650	 0.000E+00	-8.036E+02	 8.164E+03
  83.700	 0.000E+00	-5.527E+02	 8.405E+03
  83.750	 0.000E+00	-2.759E+02	 8.616E+03
  83.800	 0.000E+00	 3.400E+01	 8.734E+03
  83.850	 0.000E+00	 3.198E+02	 8.764E+03
  83.900	 0.000E+00	 6.066E+02	 8.784E+03
  83.950	 0.000E+00	 9.136E+02	 8.831E+03
  84.000	 0.000E+00	 1.183E+03	 8.910E+03
  84.050	 0.000E+00	 1.427E+03	 9.081E+03
  84.100	 0.000E+00	 1.649E+03	 9.232E+03
  84.150	 0.000E+00	 1.838E+03	 9.384E+03
  84.200	 0.000E+00	 1.990E+03	 9.487E+03
  84.250	 0.000E+00	 2.127E+03	 9.468E+03
  84.300	 0.000E+00	 2.258E+03	 9.384E+03
  84.350	 0.000E+00	 2.364E+03	 9.246E+03
  84.400	 0.000E+00	 2.450E+03	 9.082E+03
  84.450	 0.000E+00	 2.537E+03	 8.931E+03
  84.500	 0.000E+00	 2.616E+03	 8.750E+03
  84.550	 0.000E+00	 2.697E+03	 8.597E+03
  84.600	 0.000E+00	 2.812E+03	 8.492E+03
  84.650	 0.000E+00	 2.966E+03	 8.411E+03
  84.700	 0.000E+00	 3.139E+03	 8.315E+03
  84.750	 0.000E+00	 3.350E+03	 8.213E+03
  84.800	 0.000E+00	 3.600E+03	 8.099E+03
  84.850	 0.000E+00	 3.850E+03	 7.862E+03
  84.900	 0.000E+00	 4.092E+03	 7.566E+03
  84.950	 0.000E+00	 4.312E+03	 7.292E+03
  85.000	 0.000E+00	 4.473E+03	 7.114E+03
  85.050	 0.000E+00	 4.567E+03	 7.005E+03
  85.100	 0.000E+00	 4.612E+03	 7.021E+03
  85.150	 0.000E+00	 4.614E+03	 7.049E+03
  85.200	 0.000E+00	 4.577E+03	 7.061E+03
  85.250	 0.000E+00	 4.491E+03	 7.061E+03
  85.300	 0.000E+00	 4.416E+03	 7.176E+03
  85.350	 0.000E+00	 4.308E+03	 7.225E+03
  85.400	 0.000E+00	 4.235E+03	 7.388E+03
  85.450	 0.000E+00	 4.201E+03	 7.721E+03
  85.500	 0.000E+00	 4.180E+03	 8.115E+03
  85.550	 0.000E+00	 4.182E+03	 8.442E+03
  85.600	 0.000E+00	 4.198E+03	 8.700E+03
  85.650	 0.000E+00	 4.205E+03	 8.845E+03
  85.700	 0.000E+00	 4.212E+03	 8.861E+03
  85.750	 0.000E+00	 4.201E+03	 8.765E+03
  85.800	 0.000E+00	 4.178E+03	 8.686E+03
  85.850	 0.000E+00	 4.140E+03	 8.538E+03
  85.900	 0.000E+00	 4.098E+03	 8.396E+03
  85.950	 0.000E+00	 4.013E+03	 8.266E+03
  86.000	 0.000E+00	 3.892E+03	 8.169E+03
  86.050	 0.000E+00	 3.726E+03	 8.069E+03
  86.100	 0.000E+00	 3.513E+03	 7.992E+03
  86.150	 0.000E+00	 3.264E+03	 7.941E+03
  86.200	 0.000E+00	 2.991E+03	 7.873E+03
  86.250	 0.000E+00	 2.702E+03	 7.809E+03
  86.300	 0.000E+00	 2.412E+03	 7.681E+03
  86.350	 0.000E+00	 2.142E+03	 7.475E+03
  86.400	 0.000E+00	 1.909E+03	 7.262E+03
  86.450	 0.000E+00	 1.712E+03	 7.073E+03
  86.500	 0.000E+00	 1.543E+03	 6.937E+03
  86.550	 0.000E+00	 1.410E+03	 6.919E+03
  86.600	 0.000E+00	 1.285E+03	 6.957E+03
  86.650	 0.000E+00	 1.172E+03	 7.000E+03
  86.700	 0.000E+00	 1.068E+03	 7.057E+03
  86.750	 0.000E+00	 9.563E+02	 7.084E+03
  86.800	 0.000E+00	 8.043E+02	 7.018E+03
  86.850	 0.000E+00	 6.311E+02	 6.961E+03
  86.900	 0.000E+00	 4.231E+02	 6.847E+03
  86.950	 0.000E+00	 1.798E+02	 6.721E+03
  87.000	 0.000E+00	-9.225E+01	 6.617E+03
  87.050	 0.000E+00	-3.640E+02	 6.603E+03
  87.100	 0.000E+00	-6.595E+02	 6.655E+03
  87.150	 0.000E+00	-9.654E+02	 6.758E+03
  87.200	 0.000E+00	-1.233E+03	 6.896E+03
  87.250	 0.000E+00	-1.482E+03	 6.998E+03
  87.300	 0.000E+00	-1.721E+03	 7.005E+03
  87.350	 0.000E+00	-1.916E+03	 6.891E+03
  87.400	 0.000E+00	-2.079E+03	 6.689E+03
  87.450	 0.000E+00	-2.231E+03	 6.484E+03
  87.500	 0.000E+00	-2.334E+03	 6.440E+03
  87.550	 0.000E+00	-2.385E+03	 6.599E+03
  87.600	 0.000E+00	-2.405E+03	 6.931E+03
  87.650	 0.000E+00	-2.401E+03	 7.360E+03
  87.700	 0.000E+00	-2.375E+03	 7.809E+03
  87.750	 0.000E+00	-2.346E+03	 8.144E+03
  87.800	 0.000E+00	-2.341E+03	 8.302E+03
  87.850	 0.000E+00	-2.355E+03	 8.293E+03
  87.900	 0.000E+00	-2.412E+03	 8.111E+03
  87.950	 0.000E+00	-2.497E+03	 7.857E+03
  88.000	 0.000E+00	-2.596E+03	 7.629E+03
  88.050	 0.000E+00	-2.705E+03	 7.453E+03
  88.100	 0.000E+00	-2.807E+03	 7.361E+03
  88.150	 0.000E+00	-2.884E+03	 7.317E+03
  88.200	 0.000E+00	-2.924E+03	 7.358E+03
  88.250	 0.000E+00	-2.934E+03	 7.446E+03
  88.300	 0.000E+00	-2.898E+03	 7.557E+03
  88.350	 0.000E+00	-2.808E+03	 7.644E+03
  88.400	 0.000E+00	-2.667E+03	 7.712E+03
  88.450	 0.000E+00	-2.496E+03	 7.701E+03
  88.500	 0.000E+00	-2.304E+03	 7.612E+03
  88.550	 0.000E+00	-2.101E+03	 7.505E+03
  88.600	 0.000E+00	-1.909E+03	 7.389E+03
  88.650	 0.000E+00	-1.707E+03	 7.338E+03
  88.700	 0.000E+00	-1.516E+03	 7.373E+03
  88.750	 0.000E+00	-1.382E+03	 7.481E+03
  88.800	 0.000E+00	-1.256E+03	 7.680E+03
  88.850	 0.000E+00	-1.143E+03	 7.946E+03
  88.900	 0.000E+00	-1.062E+03	 8.186E+03
  88.950	 0.000E+00	-9.784E+02	 8.353E+03
  89.000	 0.000E+00	-8.870E+02	 8.506E+03
  89.050	 0.000E+00	-7.698E+02	 8.637E+03
  89.100	 0.000E+00	-6.136E+02	 8.751E+03
  89.150	 0.000E+00	-4.159E+02	 8.857E+03
  89.200	 0.000E+00	-1.927E+02	 8.964E+03
  89.250	 0.000E+00	 7.100E+01	 9.058E+03
  89.300	 0.000E+00	 3.439E+02	 9.178E+03
  89.350	 0.000E+00	 6.239E+02	 9.334E+03
  89.400	 0.000E+00	 9.027E+02	 9.539E+03
  89.450	 0.000E+00	 1.144E+03	 9.709E+03
  89.500	 0.000E+00	 1.345E+03	 9.834E+03
  89.550	 0.000E+00	 1.528E+03	 9.899E+03
  89.600	 0.000E+00	 1.692E+03	 9.782E+03
  89.650	 0.000E+00	 1.820E+03	 9.463E+03
  89.700	 0.000E+00	 1.938E+03	 8.967E+03
  89.750	 0.000E+00	 2.055E+03	 8.410E+03
  89.800	 0.000E+00	 2.155E+03	 7.897E+03
  89.850	 0.000E+00	 2.277E+03	 7.507E+03
  89.900	 0.000E+00	 2.428E+03	 7.249E+03
  89.950	 0.000E+00	 2.569E+03	 7.153E+03
  90.000	 0.000E+00	 2.711E+03	 7.142E+03
  90.050	 0.000E+00	 2.883E+03	 7.188E+03
  90.100	 0.000E+00	 3.039E+03	 7.174E+03
  90.150	 0.000E+00	 3.182E+03	 7.099E+03
  90.200	 0.000E+00	 3.354E+03	 6.987E+03
  90.250	 0.000E+00	 3.534E+03	 6.890E+03
  90.300	 0.000E+00	 3.684E+03	 6.742E+03
  90.350	 0.000E+00	 3.852E+03	 6.717E+03
  90.400	 0.000E+00	 4.007E+03	 6.829E+03
  90.450	 0.000E+00	 4.128E+03	 7.023E+03
  90.500	 0.000E+00	 4.229E+03	 7.248E+03
  90.550	 0.000E+00	 4.324E+03	 7.517E+03
  90.600	 0.000E+00	 4.382E+03	 7.684E+03
  90.650	 0.000E+00	 4.427E+03	 7.762E+03
  90.700	 0.000E+00	 4.449E+03	 7.745E+03
  90.750	 0.000E+00	 4.468E+03	 7.678E+03
  90.800	 0.000E+00	 4.454E+03	 7.532E+03
  90.850	 0.000E+00	 4.439E+03	 7.463E+03
  90.900	 0.000E+00	 4.423E+03	 7.404E+03
  90.950	 0.000E+00	 4.403E+03	 7.360E+03
  91.000	 0.000E+00	 4.377E+03	 7.420E+03
  91.050	 0.000E+00	 4.340E+03	 7.586E+03
  91.100	 0.000E+00	 4.292E+03	 7.760E+03
  91.150	 0.000E+00	 4.234E+03	 7.818E+03
  91.200	 0.000E+00	 4.187E+03	 7.865E+03
  91.250	 0.000E+00	 4.131E+03	 7.843E+03
  91.300	 0.000E+00	 4.085E+03	 7.830E+03
  91.350	 0.000E+00	 4.021E+03	 7.835E+03
  91.400	 0.000E+00	 3.973E+03	 7.939E+03
  91.450	 0.000E+00	 3.921E+03	 8.068E+03
  91.500	 0.000E+00	 3.851E+03	 8.192E+03
  91.550	 0.000E+00	 3.749E+03	 8.331E+03
  91.600	 0.000E+00	 3.617E+03	 8.501E+03
  91.650	 0.000E+00	 3.452E+03	 8.569E+03
  91.700	 0.000E+00	 3.253E+03	 8.500E+03
  91.750	 0.000E+00	 3.010E+03	 8.332E+03
  91.800	 0.000E+00	 2.760E+03	 8.129E+03
  91.850	 0.000E+00	 2.519E+03	 7.928E+03
  91.900	 0.000E+00	 2.286E+03	 7.806E+03
  91.950	 0.000E+00	 2.060E+03	 7.765E+03
  92.000	 0.000E+00	 1.865E+03	 7.734E+03
  92.050	 0.000E+00	 1.699E+03	 7.701E+03
  92.100	 0.000E+00	 1.525E+03	 7.639E+03
  92.150	 0.000E+00	 1.366E+03	 7.522E+03
  92.200	 0.000E+00	 1.221E+03	 7.327E+03
  92.250	 0.000E+00	 1.062E+03	 7.135E+03
  92.300	 0.000E+00	 8.754E+02	 6.961E+03
  92.350	 0.000E+00	 6.677E+02	 6.803E+03
  92.400	 0.000E+00	 4.229E+02	 6.693E+03
  92.450	 0.000E+00	 1.499E+02	 6.588E+03
  92.500	 0.000E+00	-1.256E+02	 6.423E+03
  92.550	 0.000E+00	-4.076E+02	 6.260E+03
  92.600	 0.000E+00	-7.089E+02	 6.082E+03
  92.650	 0.000E+00	-9.810E+02	 5.927E+03
  92.700	 0.000E+00	-1.216E+03	 5.862E+03
  92.750	 0.000E+00	-1.429E+03	 5.906E+03
  92.800	 0.000E+00	-1.617E+03	 6.014E+03
  92.850	 0.000E+00	-1.774E+03	 6.207E+03
  92.900	 0.000E+00	-1.920E+03	 6.442E+03
  92.950	 0.000E+00	-2.044E+03	 6.643E+03
  93.000	 0.000E+00	-2.126E+03	 6.801E+03
  93.050	 0.000E+00	-2.187E+03	 6.907E+03
  93.100	 0.000E+00	-2.239E+03	 6.925E+03
  93.150	 0.000E+00	-2.276E+03	 6.958E+03
  93.200	 0.000E+00	-2.305E+03	 7.022E+03
  93.250	 0.000E+00	-2.339E+03	 7.140E+03
  93.300	 0.000E+00	-2.397E+03	 7.285E+03
  93.350	 0.000E+00	-2.493E+03	 7.434E+03
  93.400	 0.000E+00	-2.603E+03	 7.603E+03
  93.450	 0.000E+00	-2.727E+03	 7.701E+03
  93.500	 0.000E+00	-2.845E+03	 7.741E+03
  93.550	 0.000E+00	-2.954E+03	 7.674E+03
  93.600	 0.000E+00	-3.045E+03	 7.440E+03
  93.650	 0.000E+00	-3.117E+03	 7.071E+03
  93.700	 0.000E+00	-3.144E+03	 6.706E+03
  93.750	 0.000E+00	-3.145E+03	 6.379E+03
  93.800	 0.000E+00	-3.100E+03	 6.163E+03
  93.850	 0.000E+00	-3.023E+03	 6.059E+03
  93.900	 0.000E+00	-2.925E+03	 6.053E+03
  93.950	 0.000E+00	-2.809E+03	 6.043E+03
  94.000	 0.000E+00	-2.683E+03	 6.013E+03
  94.050	 0.000E+00	-2.560E+03	 5.942E+03
  94.100	 0.000E+00	-2.430E+03	 5.877E+03
  94.150	 0.000E+00	-2.290E+03	 5.828E+03
  94.200	 0.000E+00	-2.154E+03	 5.813E+03
  94.250	 0.000E+00	-2.037E+03	 5.839E+03
  94.300	 0.000E+00	-1.903E+03	 6.019E+03
  94.350	 0.000E+00	-1.792E+03	 6.211E+03
  94.400	 0.000E+00	-1.662E+03	 6.503E+03
  94.450	 0.000E+00	-1.504E+03	 6.836E+03
  94.500	 0.000E+00	-1.318E+03	 7.200E+03
  94.550	 0.000E+00	-1.115E+03	 7.565E+03
  94.600	 0.000E+00	-8.785E+02	 7.926E+03
  94.650	 0.000E+00	-6.346E+02	 8.312E+03
  94.700	 0.000E+00	-3.917E+02	 8.676E+03
  94.750	 0.000E+00	-1.279E+02	 9.037E+03
  94.800	 0.000E+00	 1.343E+02	 9.362E+03
  94.850	 0.000E+00	 3.958E+02	 9.631E+03
  94.900	 0.000E+00	 6.363E+02	 9.852E+03
  94.950	 0.000E+00	 8.828E+02	 1.001E+04
  95.000	 0.000E+00	 1.102E+03	 1.011E+04
  95.050	 0.000E+00	 1.299E+03	 1.013E+04
  95.100	 0.000E+00	 1.517E+03	 1.005E+04
  95.150	 0.000E+00	 1.692E+03	 9.836E+03
  95.200	 0.000E+00	 1.869E+03	 9.564E+03
  95.250	 0.000E+00	 2.058E+03	 9.293E+03
  95.300	 0.000E+00	 2.243E+03	 9.090E+03
  95.350	 0.000E+00	 2.396E+03	 8.880E+03
  95.400	 0.000E+00	 2.564E+03	 8.679E+03
  95.450	 0.000E+00	 2.723E+03	 8.491E+03
  95.500	 0.000E+00	 2.836E+03	 8.322E+03
  95.550	 0.000E+00	 2.956E+03	 8.194E+03
  95.600	 0.000E+00	 3.101E+03	 8.081E+03
  95.650	 0.000E+00	 3.247E+03	 7.985E+03
  95.700	 0.000E+00	 3.421E+03	 7.959E+03
  95.750	 0.000E+00	 3.600E+03	 7.937E+03
  95.800	 0.000E+00	 3.755E+03	 7.943E+03
  95.850	 0.000E+00	 3.877E+03	 7.903E+03
  95.900	 0.000E+00	 4.000E+03	 7.909E+03
  95.950	 0.000E+00	 4.100E+03	 7.944E+03
  96.000	 0.000E+00	 4.169E+03	 8.005E+03
  96.050	 0.000E+00	 4.241E+03	 8.130E+03
  96.100	 0.000E+00	 4.296E+03	 8.198E+03
  96.150	 0.000E+00	 4.337E+03	 8.214E+03
  96.200	 0.000E+00	 4.371E+03	 8.106E+03
  96.250	 0.000E+00	 4.399E+03	 7.839E+03
  96.300	 0.000E+00	 4.413E+03	 7.466E+03
  96.350	 0.000E+00	 4.402E+03	 7.023E+03
  96.400	 0.000E+00	 4.383E+03	 6.640E+03
  96.450	 0.000E+00	 4.349E+03	 6.406E+03
  96.500	 0.000E+00	 4.297E+03	 6.347E+03
  96.550	 0.000E+00	 4.218E+03	 6.394E+03
  96.600	 0.000E+00	 4.122E+03	 6.511E+03
  96.650	 0.000E+00	 4.028E+03	 6.641E+03
  96.700	 0.000E+00	 3.952E+03	 6.738E+03
  96.750	 0.000E+00	 3.879E+03	 6.641E+03
  96.800	 0.000E+00	 3.824E+03	 6.433E+03
  96.850	 0.000E+00	 3.781E+03	 6.256E+03
  96.900	 0.000E+00	 3.731E+03	 6.170E+03
  96.950	 0.000E+00	 3.690E+03	 6.193E+03
  97.000	 0.000E+00	 3.650E+03	 6.408E+03
  97.050	 0.000E+00	 3.590E+03	 6.748E+03
  97.100	 0.000E+00	 3.514E+03	 7.107E+03
  97.150	 0.000E+00	 3.409E+03	 7.456E+03
  97.200	 0.000E+00	 3.266E+03	 7.724E+03
  97.250	 0.000E+00	 3.104E+03	 7.870E+03
  97.300	 0.000E+00	 2.934E+03	 7.829E+03
  97.350	 0.000E+00	 2.750E+03	 7.644E+03
  97.400	 0.000E+00	 2.586E+03	 7.433E+03
  97.450	 0.000E+00	 2.432E+03	 7.292E+03
  97.500	 0.000E+00	 2.273E+03	 7.299E+03
  97.550	 0.000E+00	 2.111E+03	 7.477E+03
  97.600	 0.000E+00	 1.935E+03	 7.678E+03
  97.650	 0.000E+00	 1.748E+03	 7.784E+03
  97.700	 0.000E+00	 1.557E+03	 7.770E+03
  97.750	 0.000E+00	 1.377E+03	 7.681E+03
  97.800	 0.000E+00	 1.188E+03	 7.535E+03
  97.850	 0.000E+00	 9.796E+02	 7.362E+03
  97.900	 0.000E+00	 7.697E+02	 7.184E+03
  97.950	 0.000E+00	 5.776E+02	 7.067E+03
  98.000	 0.000E+00	 3.776E+02	 6.951E+03
  98.050	 0.000E+00	 1.771E+02	 6.825E+03
  98.100	 0.000E+00	-1.566E+01	 6.718E+03
  98.150	 0.000E+00	-2.317E+02	 6.601E+03
  98.200	 0.000E+00	-4.682E+02	 6.531E+03
  98.250	 0.000E+00	-6.961E+02	 6.569E+03
  98.300	 0.000E+00	-9.255E+02	 6.698E+03
  98.350	 0.000E+00	-1.170E+03	 6.884E+03
  98.400	 0.000E+00	-1.386E+03	 7.059E+03
  98.450	 0.000E+00	-1.588E+03	 7.181E+03
  98.500	 0.000E+00	-1.783E+03	 7.241E+03
  98.550	 0.000E+00	-1.944E+03	 7.272E+03
  98.600	 0.000E+00	-2.061E+03	 7.265E+03
  98.650	 0.000E+00	-2.163E+03	 7.234E+03
  98.700	 0.000E+00	-2.240E+03	 7.247E+03
  98.750	 0.000E+00	-2.317E+03	 7.268E+03
  98.800	 0.000E+00	-2.400E+03	 7.288E+03
  98.850	 0.000E+00	-2.483E+03	 7.327E+03
  98.900	 0.000E+00	-2.562E+03	 7.367E+03
  98.950	 0.000E+00	-2.665E+03	 7.339E+03
  99.000	 0.000E+00	-2.769E+03	 7.225E+03
  99.050	 0.000E+00	-2.876E+03	 7.054E+03
  99.100	 0.000E+00	-2.965E+03	 6.863E+03
  99.150	 0.000E+00	-3.042E+03	 6.646E+03
  99.200	 0.000E+00	-3.094E+03	 6.485E+03
  99.250	 0.000E+00	-3.115E+03	 6.381E+03
  99.300	 0.000E+00	-3.119E+03	 6.307E+03
  99.350	 0.000E+00	-3.091E+03	 6.279E+03
  99.400	 0.000E+00	-3.039E+03	 6.294E+03
  99.450	 0.000E+00	-2.956E+03	 6.299E+03
  99.500	 0.000E+00	-2.889E+03	 6.259E+03
  99.550	 0.000E+00	-2.821E+03	 6.218E+03
  99.600	 0.000E+00	-2.738E+03	 6.235E+03
  99.650	 0.000E+00	-2.655E+03	 6.316E+03
  99.700	 0.000E+00	-2.526E+03	 6.461E+03
  99.750	 0.000E+00	-2.392E+03	 6.690E+03
  99.800	 0.000E+00	-2.252E+03	 6.966E+03
  99.850	 0.000E+00	-2.090E+03	 7.295E+03
  99.900	 0.000E+00	-1.911E+03	 7.668E+03
  99.950	 0.000E+00	-1.708E+03	 8.121E+03
 100.000	 0.000E+00	-1.500E+03	 8.545E+03
 100.050	 0.000E+00	-1.277E+03	 8.857E+03
 100.100	 0.000E+00	-1.060E+03	 9.043E+03
 100.150	 0.000E+00	-8.121E+02	 9.181E+03
 100.200	 0.000E+00	-5.667E+02	 9.338E+03
 100.250	 0.000E+00	-3.235E+02	 9.521E+03
 100.300	 0.000E+00	-7.036E+01	 9.744E+03
 100.350	 0.000E+00	 1.826E+02	 9.965E+03
 100.400	 0.000E+00	 4.312E+02	 1.013E+04
 100.450	 0.000E+00	 6.840E+02	 1.024E+04
 100.500	 0.000E+00	 9.100E+02	 1.031E+04
 100.550	 0.000E+00	 1.086E+03	 1.027E+04
 100.600	 0.000E+00	 1.246E+03	 1.019E+04
 100.650	 0.000E+00	 1.418E+03	 1.008E+04
 100.700	 0.000E+00	 1.536E+03	 9.899E+03
 100.750	 0.000E+00	 1.681E+03	 9.754E+03
 100.800	 0.000E+00	 1.820E+03	 9.601E+03
 100.850	 0.000E+00	 1.947E+03	 9.457E+03
 100.900	 0.000E+00	 2.101E+03	 9.335E+03
 100.950	 0.000E+00	 2.274E+03	 9.255E+03
 101.000	 0.000E+00	 2.451E+03	 9.160E+03
 101.050	 0.000E+00	 2.647E+03	 9.055E+03
 101.100	 0.000E+00	 2.860E+03	 8.938E+03
 101.150	 0.000E+00	 3.090E+03	 8.781E+03
 101.200	 0.000E+00	 3.331E+03	 8.697E+03
 101.250	 0.000E+00	 3.560E+03	 8.688E+03
 101.300	 0.000E+00	 3.766E+03	 8.766E+03
 101.350	 0.000E+00	 3.955E+03	 8.926E+03
 101.400	 0.000E+00	 4.128E+03	 9.134E+03
 101.450	 0.000E+00	 4.270E+03	 9.327E+03
 101.500	 0.000E+00	 4.375E+03	 9.455E+03
 101.550	 0.000E+00	 4.438E+03	 9.516E+03
 101.600	 0.000E+00	 4.471E+03	 9.512E+03
 101.650	 0.000E+00	 4.486E+03	 9.494E+03
 101.700	 0.000E+00	 4.486E+03	 9.471E+03
 101.750	 0.000E+00	 4.484E+03	 9.440E+03
 101.800	 0.000E+00	 4.474E+03	 9.307E+03
 101.850	 0.000E+00	 4.476E+03	 9.104E+03
 101.900	 0.000E+00	 4.479E+03	 8.832E+03
 101.950	 0.000E+00	 4.477E+03	 8.649E+03
 102.000	 0.000E+00	 4.461E+03	 8.564E+03
 102.050	 0.000E+00	 4.453E+03	 8.544E+03
 102.100	 0.000E+00	 4.452E+03	 8.510E+03
 102.150	 0.000E+00	 4.437E+03	 8.378E+03
 102.200	 0.000E+00	 4.422E+03	 8.187E+03
 102.250	 0.000E+00	 4.387E+03	 7.923E+03
 102.300	 0.000E+00	 4.321E+03	 7.616E+03
 102.350	 0.000E+00	 4.241E+03	 7.343E+03
 102.400	 0.000E+00	 4.153E+03	 7.111E+03
 102.450	 0.000E+00	 4.051E+03	 7.001E+03
 102.500	 0.000E+00	 3.952E+03	 6.991E+03
 102.550	 0.000E+00	 3.854E+03	 7.061E+03
 102.600	 0.000E+00	 3.760E+03	 7.225E+03
 102.650	 0.000E+00	 3.658E+03	 7.398E+03
 102.700	 0.000E+00	 3.539E+03	 7.565E+03
 102.750	 0.000E+00	 3.389E+03	 7.735E+03
 102.800	 0.000E+00	 3.214E+03	 7.903E+03
 102.850	 0.000E+00	 3.025E+03	 7.979E+03
 102.900	 0.000E+00	 2.848E+03	 7.951E+03
 102.950	 0.000E+00	 2.676E+03	 7.872E+03
 103.000	 0.000E+00	 2.495E+03	 7.800E+03
 103.050	 0.000E+00	 2.331E+03	 7.803E+03
 103.100	 0.000E+00	 2.174E+03	 7.882E+03
 103.150	 0.000E+00	 2.010E+03	 8.078E+03
 103.200	 0.000E+00	 1.857E+03	 8.311E+03
 103.250	 0.000E+00	 1.715E+03	 8.549E+03
 103.300	 0.000E+00	 1.543E+03	 8.651E+03
 103.350	 0.000E+00	 1.373E+03	 8.647E+03
 103.400	 0.000E+00	 1.207E+03	 8.576E+03
 103.450	 0.000E+00	 1.013E+03	 8.490E+03
 103.500	 0.000E+00	 8.073E+02	 8.495E+03
 103.550	 0.000E+00	 6.106E+02	 8.511E+03
 103.600	 0.000E+00	 3.818E+02	 8.509E+03
 103.650	 0.000E+00	 1.452E+02	 8.479E+03
 103.700	 0.000E+00	-8.324E+01	 8.341E+03
 103.750	 0.000E+00	-3.372E+02	 8.186E+03
 103.800	 0.000E+00	-5.958E+02	 8.031E+03
 103.850	 0.000E+00	-8.152E+02	 7.946E+03
 103.900	 0.000E+00	-1.014E+03	 7.968E+03
 103.950	 0.000E+00	-1.209E+03	 8.001E+03
 104.000	 0.000E+00	-1.374E+03	 8.016E+03
 104.050	 0.000E+00	-1.548E+03	 7.959E+03
 104.100	 0.000E+00	-1.720E+03	 7.845E+03
 104.150	 0.000E+00	-1.890E+03	 7.694E+03
 104.200	 0.000E+00	-2.055E+03	 7.480E+03
 104.250	 0.000E+00	-2.235E+03	 7.217E+03
 104.300	 0.000E+00	-2.426E+03	 6.919E+03
 104.350	 0.000E+00	-2.602E+03	 6.617E+03
 104.400	 0.000E+00	-2.772E+03	 6.330E+03
 104.450	 0.000E+00	-2.925E+03	 6.123E+03
 104.500	 0.000E+00	-3.061E+03	 5.945E+03
 104.550	 0.000E+00	-3.173E+03	 5.770E+03
 104.600	 0.000E+00	-3.270E+03	 5.586E+03
 104.650	 0.000E+00	-3.337E+03	 5.495E+03
 104.700	 0.000E+00	-3.365E+03	 5.516E+03
 104.750	 0.000E+00	-3.360E+03	 5.668E+03
 104.800	 0.000E+00	-3.324E+03	 5.894E+03
 104.850	 0.000E+00	-3.269E+03	 6.106E+03
 104.900	 0.000E+00	-3.201E+03	 6.226E+03
 104.950	 0.000E+00	-3.115E+03	 6.242E+03
 105.000	 0.000E+00	-3.041E+03	 6.074E+03
 105.050	 0.000E+00	-2.950E+03	 5.892E+03
 105.100	 0.000E+00	-2.882E+03	 5.760E+03
 105.150	 0.000E+00	-2.804E+03	 5.757E+03
 105.200	 0.000E+00	-2.734E+03	 5.942E+03
 105.250	 0.000E+00	-2.657E+03	 6.286E+03
 105.300	 0.000E+00	-2.592E+03	 6.712E+03
 105.350	 0.000E+00	-2.496E+03	 7.148E+03
 105.400	 0.000E+00	-2.403E+03	 7.536E+03
 105.450	 0.000E+00	-2.265E+03	 7.742E+03
 105.500	 0.000E+00	-2.069E+03	 7.809E+03
 105.550	 0.000E+00	-1.841E+03	 7.782E+03
 105.600	 0.000E+00	-1.586E+03	 7.757E+03
 105.650	 0.000E+00	-1.303E+03	 7.786E+03
 105.700	 0.000E+00	-9.947E+02	 7.931E+03
 105.750	 0.000E+00	-7.065E+02	 8.166E+03
 105.800	 0.000E+00	-4.322E+02	 8.479E+03
 105.850	 0.000E+00	-1.643E+02	 8.798E+03
 105.900	 0.000E+00	 7.234E+01	 9.045E+03
 105.950	 0.000E+00	 3.152E+02	 9.159E+03
 106.000	 0.000E+00	 5.668E+02	 9.149E+03
 106.050	 0.000E+00	 7.887E+02	 9.067E+03
 106.100	 0.000E+00	 9.999E+02	 9.010E+03
 106.150	 0.000E+00	 1.229E+03	 9.070E+03
 106.200	 0.000E+00	 1.439E+03	 9.230E+03
 106.250	 0.000E+00	 1.673E+03	 9.536E+03
 106.300	 0.000E+00	 1.909E+03	 9.864E+03
 106.350	 0.000E+00	 2.117E+03	 1.018E+04
 106.400	 0.000E+00	 2.283E+03	 1.038E+04
 106.450	 0.000E+00	 2.430E+03	 1.044E+04
 106.500	 0.000E+00	 2.583E+03	 1.037E+04
 106.550	 0.000E+00	 2.753E+03	 1.019E+04
 106.600	 0.000E+00	 2.939E+03	 1.000E+04
 106.650	 0.000E+00	 3.151E+03	 9.885E+03
 106.700	 0.000E+00	 3.375E+03	 9.766E+03
 106.750	 0.000E+00	 3.630E+03	 9.724E+03
 106.800	 0.000E+00	 3.866E+03	 9.597E+03
 106.850	 0.000E+00	 4.108E+03	 9.501E+03
 106.900	 0.000E+00	 4.312E+03	 9.419E+03
 106.950	 0.000E+00	 4.468E+03	 9.368E+03
 107.000	 0.000E+00	 4.580E+03	 9.353E+03
 107.050	 0.000E+00	 4.650E+03	 9.384E+03
 107.100	 0.000E+00	 4.669E+03	 9.435E+03
 107.150	 0.000E+00	 4.668E+03	 9.520E+03
 107.200	 0.000E+00	 4.654E+03	 9.568E+03
 107.250	 0.000E+00	 4.625E+03	 9.511E+03
 107.300	 0.000E+00	 4.607E+03	 9.445E+03
 107.350	 0.000E+00	 4.598E+03	 9.345E+03
 107.400	 0.000E+00	 4.604E+03	 9.257E+03
 107.450	 0.000E+00	 4.605E+03	 9.153E+03
 107.500	 0.000E+00	 4.631E+03	 9.106E+03
 107.550	 0.000E+00	 4.681E+03	 9.145E+03
 107.600	 0.000E+00	 4.719E+03	 9.214E+03
 107.650	 0.000E+00	 4.765E+03	 9.343E+03
 107.700	 0.000E+00	 4.795E+03	 9.440E+03
 107.750	 0.000E+00	 4.833E+03	 9.536E+03
 107.800	 0.000E+00	 4.855E+03	 9.578E+03
 107.850	 0.000E+00	 4.839E+03	 9.617E+03
 107.900	 0.000E+00	 4.775E+03	 9.635E+03
 107.950	 0.000E+00	 4.662E+03	 9.628E+03
 108.000	 0.000E+00	 4.499E+03	 9.627E+03
 108.050	 0.000E+00	 4.303E+03	 9.605E+03
 108.100	 0.000E+00	 4.089E+03	 9.648E+03
 108.150	 0.000E+00	 3.839E+03	 9.701E+03
 108.200	 0.000E+00	 3.585E+03	 9.751E+03
 108.250	 0.000E+00	 3.364E+03	 9.807E+03
 108.300	 0.000E+00	 3.155E+03	 9.802E+03
 108.350	 0.000E+00	 2.961E+03	 9.710E+03
 108.400	 0.000E+00	 2.806E+03	 9.584E+03
 108.450	 0.000E+00	 2.656E+03	 9.418E+03
 108.500	 0.000E+00	 2.528E+03	 9.266E+03
 108.550	 0.000E+00	 2.404E+03	 9.209E+03
 108.600	 0.000E+00	 2.273E+03	 9.247E+03
 108.650	 0.000E+00	 2.102E+03	 9.309E+03
 108.700	 0.000E+00	 1.901E+03	 9.347E+03
 108.750	 0.000E+00	 1.655E+03	 9.338E+03
 108.800	 0.000E+00	 1.351E+03	 9.186E+03
 108.850	 0.000E+00	 1.041E+03	 8.870E+03
 108.900	 0.000E+00	 7.511E+02	 8.455E+03
 108.950	 0.000E+00	 4.774E+02	 7.969E+03
 109.000	 0.000E+00	 2.251E+02	 7.589E+03
 109.050	 0.000E+00	-1.572E+01	 7.356E+03
 109.100	 0.000E+00	-2.597E+02	 7.340E+03
 109.150	 0.000E+00	-4.750E+02	 7.514E+03
 109.200	 0.000E+00	-6.531E+02	 7.748E+03
 109.250	 0.000E+00	-8.305E+02	 7.914E+03
 109.300	 0.000E+00	-1.001E+03	 8.009E+03
 109.350	 0.000E+00	-1.172E+03	 8.015E+03
 109.400	 0.000E+00	-1.360E+03	 7.924E+03
 109.450	 0.000E+00	-1.528E+03	 7.824E+03
 109.500	 0.000E+00	-1.673E+03	 7.728E+03
 109.550	 0.000E+00	-1.816E+03	 7.693E+03
 109.600	 0.000E+00	-1.953E+03	 7.742E+03
 109.650	 0.000E+00	-2.071E+03	 7.884E+03
 109.700	 0.000E+00	-2.193E+03	 8.065E+03
 109.750	 0.000E+00	-2.326E+03	 8.229E+03
 109.800	 0.000E+00	-2.480E+03	 8.276E+03
 109.850	 0.000E+00	-2.651E+03	 8.106E+03
 109.900	 0.000E+00	-2.826E+03	 7.801E+03
 109.950	 0.000E+00	-2.985E+03	 7.511E+03
 110.000	 0.000E+00	-3.116E+03	 7.324E+03
 110.050	 0.000E+00	-3.210E+03	 7.258E+03
 110.100	 0.000E+00	-3.267E+03	 7.269E+03
 110.150	 0.000E+00	-3.281E+03	 7.304E+03
 110.200	 0.000E+00	-3.250E+03	 7.254E+03
 110.250	 0.000E+00	-3.186E+03	 7.106E+03
 110.300	 0.000E+00	-3.107E+03	 6.867E+03
 110.350	 0.000E+00	-3.031E+03	 6.605E+03
 110.400	 0.000E+00	-2.945E+03	 6.368E+03
 110.450	 0.000E+00	-2.844E+03	 6.178E+03
 110.500	 0.000E+00	-2.741E+03	 6.071E+03
 110.550	 0.000E+00	-2.638E+03	 6.011E+03
 110.600	 0.000E+00	-2.546E+03	 5.997E+03
 110.650	 0.000E+00	-2.443E+03	 6.082E+03
 110.700	 0.000E+00	-2.350E+03	 6.201E+03
 110.750	 0.000E+00	-2.233E+03	 6.368E+03
 110.800	 0.000E+00	-2.105E+03	 6.522E+03
 110.850	 0.000E+00	-1.946E+03	 6.715E+03
 110.900	 0.000E+00	-1.756E+03	 6.980E+03
 110.950	 0.000E+00	-1.542E+03	 7.334E+03
 111.000	 0.000E+00	-1.325E+03	 7.763E+03
 111.050	 0.000E+00	-1.127E+03	 8.204E+03
 111.100	 0.000E+00	-9.119E+02	 8.568E+03
 111.150	 0.000E+00	-6.878E+02	 8.797E+03
 111.200	 0.000E+00	-4.664E+02	 8.847E+03
 111.250	 0.000E+00	-2.397E+02	 8.720E+03
 111.300	 0.000E+00	 5.045E+00	 8.503E+03
 111.350	 0.000E+00	 2.547E+02	 8.387E+03
 111.400	 0.000E+00	 4.998E+02	 8.338E+03
 111.450	 0.000E+00	 7.539E+02	 8.447E+03
 111.500	 0.000E+00	 1.017E+03	 8.688E+03
 111.550	 0.000E+00	 1.273E+03	 8.976E+03
 111.600	 0.000E+00	 1.519E+03	 9.204E+03
 111.650	 0.000E+00	 1.740E+03	 9.311E+03
 111.700	 0.000E+00	 1.954E+03	 9.335E+03
 111.750	 0.000E+00	 2.179E+03	 9.304E+03
 111.800	 0.000E+00	 2.421E+03	 9.269E+03
 111.850	 0.000E+00	 2.652E+03	 9.158E+03
 111.900	 0.000E+00	 2.880E+03	 9.107E+03
 111.950	 0.000E+00	 3.111E+03	 9.204E+03
 112.000	 0.000E+00	 3.324E+03	 9.449E+03
 112.050	 0.000E+00	 3.506E+03	 9.754E+03
 112.100	 0.000E+00	 3.661E+03	 1.001E+04
 112.150	 0.000E+00	 3.803E+03	 1.014E+04
 112.200	 0.000E+00	 3.916E+03	 1.010E+04
 112.250	 0.000E+00	 4.013E+03	 9.957E+03
 112.300	 0.000E+00	 4.114E+03	 9.810E+03
 112.350	 0.000E+00	 4.207E+03	 9.656E+03
 112.400	 0.000E+00	 4.310E+03	 9.553E+03
 112.450	 0.000E+00	 4.428E+03	 9.471E+03
 112.500	 0.000E+00	 4.561E+03	 9.494E+03
 112.550	 0.000E+00	 4.675E+03	 9.547E+03
 112.600	 0.000E+00	 4.760E+03	 9.581E+03
 112.650	 0.000E+00	 4.815E+03	 9.533E+03
 112.700	 0.000E+00	 4.861E+03	 9.394E+03
 112.750	 0.000E+00	 4.927E+03	 9.261E+03
 112.800	 0.000E+00	 4.982E+03	 9.143E+03
 112.850	 0.000E+00	 4.996E+03	 9.015E+03
 112.900	 0.000E+00	 5.006E+03	 9.016E+03
 112.950	 0.000E+00	 4.970E+03	 9.121E+03
 113.000	 0.000E+00	 4.921E+03	 9.275E+03
 113.050	 0.000E+00	 4.848E+03	 9.403E+03
 113.100	 0.000E+00	 4.747E+03	 9.488E+03
 113.150	 0.000E+00	 4.611E+03	 9.481E+03
 113.200	 0.000E+00	 4.446E+03	 9.375E+03
 113.250	 0.000E+00	 4.272E+03	 9.315E+03
 113.300	 0.000E+00	 4.072E+03	 9.226E+03
 113.350	 0.000E+00	 3.890E+03	 9.100E+03
 113.400	 0.000E+00	 3.734E+03	 9.012E+03
 113.450	 0.000E+00	 3.577E+03	 8.974E+03
 113.500	 0.000E+00	 3.429E+03	 8.987E+03
 113.550	 0.000E+00	 3.291E+03	 9.081E+03
 113.600	 0.000E+00	 3.141E+03	 9.180E+03
 113.650	 0.000E+00	 2.985E+03	 9.186E+03
 113.700	 0.000E+00	 2.824E+03	 9.107E+03
 113.750	 0.000E+00	 2.661E+03	 8.940E+03
 113.800	 0.000E+00	 2.499E+03	 8.754E+03
 113.850	 0.000E+00	 2.315E+03	 8.605E+03
 113.900	 0.000E+00	 2.109E+03	 8.466E+03
 113.950	 0.000E+00	 1.908E+03	 8.328E+03
 114.000	 0.000E+00	 1.700E+03	 8.228E+03
 114.050	 0.000E+00	 1.479E+03	 8.176E+03
 114.100	 0.000E+00	 1.242E+03	 8.134E+03
 114.150	 0.000E+00	 9.849E+02	 8.102E+03
 114.200	 0.000E+00	 7.060E+02	 8.101E+03
 114.250	 0.000E+00	 4.219E+02	 8.037E+03
 114.300	 0.000E+00	 1.541E+02	 7.902E+03
 114.350	 0.000E+00	-1.285E+02	 7.682E+03
 114.400	 0.000E+00	-4.343E+02	 7.357E+03
 114.450	 0.000E+00	-7.101E+02	 7.064E+03
 114.500	 0.000E+00	-9.816E+02	 6.847E+03
 114.550	 0.000E+00	-1.225E+03	 6.707E+03
 114.600	 0.000E+00	-1.422E+03	 6.642E+03
 114.650	 0.000E+00	-1.584E+03	 6.662E+03
 114.700	 0.000E+00	-1.729E+03	 6.718E+03
 114.750	 0.000E+00	-1.833E+03	 6.810E+03
 114.800	 0.000E+00	-1.909E+03	 6.932E+03
 114.850	 0.000E+00	-1.978E+03	 7.053E+03
 114.900	 0.000E+00	-2.043E+03	 7.158E+03
 114.950	 0.000E+00	-2.107E+03	 7.304E+03
 115.000	 0.000E+00	-2.175E+03	 7.481E+03
 115.050	 0.000E+00	-2.237E+03	 7.726E+03
 115.100	 0.000E+00	-2.299E+03	 8.008E+03
 115.150	 0.000E+00	-2.367E+03	 8.334E+03
 115.200	 0.000E+00	-2.447E+03	 8.645E+03
 115.250	 0.000E+00	-2.523E+03	 8.886E+03
 115.300	 0.000E+00	-2.603E+03	 9.014E+03
 115.350	 0.000E+00	-2.676E+03	 9.038E+03
 115.400	 0.000E+00	-2.744E+03	 9.025E+03
 115.450	 0.000E+00	-2.801E+03	 8.969E+03
 115.500	 0.000E+00	-2.844E+03	 8.885E+03
 115.550	 0.000E+00	-2.857E+03	 8.818E+03
 115.600	 0.000E+00	-2.871E+03	 8.731E+03
 115.650	 0.000E+00	-2.848E+03	 8.594E+03
 115.700	 0.000E+00	-2.794E+03	 8.426E+03
 115.750	 0.000E+00	-2.706E+03	 8.246E+03
 115.800	 0.000E+00	-2.578E+03	 7.982E+03
 115.850	 0.000E+00	-2.422E+03	 7.756E+03
 115.900	 0.000E+00	-2.266E+03	 7.654E+03
 115.950	 0.000E+00	-2.108E+03	 7.590E+03
 116.000	 0.000E+00	-1.961E+03	 7.673E+03
 116.050	 0.000E+00	-1.810E+03	 7.810E+03
 116.100	 0.000E+00	-1.661E+03	 7.901E+03
 116.150	 0.000E+00	-1.509E+03	 7.895E+03
 116.200	 0.000E+00	-1.358E+03	 7.889E+03
 116.250	 0.000E+00	-1.222E+03	 7.887E+03
 116.300	 0.000E+00	-1.063E+03	 7.903E+03
 116.350	 0.000E+00	-8.764E+02	 8.013E+03
 116.400	 0.000E+00	-6.999E+02	 8.262E+03
 116.450	 0.000E+00	-5.020E+02	 8.529E+03
 116.500	 0.000E+00	-2.571E+02	 8.799E+03
 116.550	 0.000E+00	-2.589E+01	 8.969E+03
 116.600	 0.000E+00	 2.231E+02	 9.012E+03
 116.650	 0.000E+00	 4.762E+02	 8.981E+03
 116.700	 0.000E+00	 7.138E+02	 8.952E+03
 116.750	 0.000E+00	 9.496E+02	 8.896E+03
 116.800	 0.000E+00	 1.195E+03	 8.854E+03
 116.850	 0.000E+00	 1.418E+03	 8.805E+03
 116.900	 0.000E+00	 1.656E+03	 8.795E+03
 116.950	 0.000E+00	 1.897E+03	 8.811E+03
 117.000	 0.000E+00	 2.134E+03	 8.855E+03
 117.050	 0.000E+00	 2.391E+03	 8.923E+03
 117.100	 0.000E+00	 2.657E+03	 9.015E+03
 117.150	 0.000E+00	 2.908E+03	 9.112E+03
 117.200	 0.000E+00	 3.164E+03	 9.302E+03
 117.250	 0.000E+00	 3.404E+03	 9.527E+03
 117.300	 0.000E+00	 3.617E+03	 9.833E+03
 117.350	 0.000E+00	 3.806E+03	 1.013E+04
 117.400	 0.000E+00	 3.987E+03	 1.041E+04
 117.450	 0.000E+00	 4.135E+03	 1.065E+04
 117.500	 0.000E+00	 4.239E+03	 1.073E+04
 117.550	 0.000E+00	 4.329E+03	 1.069E+04
 117.600	 0.000E+00	 4.420E+03	 1.061E+04
 117.650	 0.000E+00	 4.488E+03	 1.047E+04
 117.700	 0.000E+00	 4.581E+03	 1.046E+04
 117.750	 0.000E+00	 4.666E+03	 1.053E+04
 117.800	 0.000E+00	 4.733E+03	 1.062E+04
 117.850	 0.000E+00	 4.795E+03	 1.068E+04
 117.900	 0.000E+00	 4.847E+03	 1.063E+04
 117.950	 0.000E+00	 4.913E+03	 1.050E+04
 118.000	 0.000E+00	 4.984E+03	 1.031E+04
 118.050	 0.000E+00	 5.002E+03	 9.936E+03
 118.100	 0.000E+00	 5.027E+03	 9.639E+03
 118.150	 0.000E+00	 5.008E+03	 9.379E+03
 118.200	 0.000E+00	 4.945E+03	 9.147E+03
 118.250	 0.000E+00	 4.867E+03	 8.988E+03
 118.300	 0.000E+00	 4.748E+03	 8.814E+03
 118.350	 0.000E+00	 4.617E+03	 8.667E+03
 118.400	 0.000E+00	 4.470E+03	 8.465E+03
 118.450	 0.000E+00	 4.323E+03	 8.326E+03
 118.500	 0.000E+00	 4.162E+03	 8.253E+03
 118.550	 0.000E+00	 3.999E+03	 8.178E+03
 118.600	 0.000E+00	 3.856E+03	 8.207E+03
 118.650	 0.000E+00	 3.707E+03	 8.282E+03
 118.700	 0.000E+00	 3.561E+03	 8.348E+03
 118.750	 0.000E+00	 3.425E+03	 8.369E+03
 118.800	 0.000E+00	 3.280E+03	 8.289E+03
 118.850	 0.000E+00	 3.129E+03	 8.134E+03
 118.900	 0.000E+00	 2.978E+03	 7.976E+03
 118.950	 0.000E+00	 2.798E+03	 7.874E+03
 119.000	 0.000E+00	 2.589E+03	 7.839E+03
 119.050	 0.000E+00	 2.360E+03	 7.860E+03
 119.100	 0.000E+00	 2.100E+03	 7.909E+03
 119.150	 0.000E+00	 1.836E+03	 7.941E+03
 119.200	 0.000E+00	 1.567E+03	 7.920E+03
 119.250	 0.000E+00	 1.312E+03	 7.830E+03
 119.300	 0.000E+00	 1.057E+03	 7.685E+03
 119.350	 0.000E+00	 8.033E+02	 7.523E+03
 119.400	 0.000E+00	 5.703E+02	 7.451E+03
 119.450	 0.000E+00	 3.629E+02	 7.497E+03
 119.500	 0.000E+00	 1.703E+02	 7.582E+03
 119.550	 0.000E+00	-2.245E+01	 7.627E+03
 119.600	 0.000E+00	-2.185E+02	 7.640E+03
 119.650	 0.000E+00	-4.224E+02	 7.519E+03
 119.700	 0.000E+00	-6.371E+02	 7.322E+03
 119.750	 0.000E+00	-8.625E+02	 7.035E+03
 119.800	 0.000E+00	-1.084E+03	 6.714E+03
 119.850	 0.000E+00	-1.311E+03	 6.439E+03
 119.900	 0.000E+00	-1.552E+03	 6.217E+03
 119.950	 0.000E+00	-1.766E+03	 6.106E+03
 120.000	 0.000E+00	-1.955E+03	 6.065E+03
 120.050	 0.000E+00	-2.138E+03	 6.061E+03
 120.100	 0.000E+00	-2.294E+03	 6.110E+03
 120.150	 0.000E+00	-2.413E+03	 6.245E+03
 120.200	 0.000E+00	-2.502E+03	 6.443E+03
 120.250	 0.000E+00	-2.567E+03	 6.668E+03
 120.300	 0.000E+00	-2.590E+03	 6.915E+03
 120.350	 0.000E+00	-2.594E+03	 7.198E+03
 120.400	 0.000E+00	-2.592E+03	 7.452E+03
 120.450	 0.000E+00	-2.592E+03	 7.744E+03
 120.500	 0.000E+00	-2.578E+03	 8.098E+03
 120.550	 0.000E+00	-2.565E+03	 8.415E+03
 120.600	 0.000E+00	-2.570E+03	 8.672E+03
 120.650	 0.000E+00	-2.574E+03	 8.897E+03
 120.700	 0.000E+00	-2.583E+03	 9.092E+03
 120.750	 0.000E+00	-2.592E+03	 9.257E+03
 120.800	 0.000E+00	-2.595E+03	 9.388E+03
 120.850	 0.000E+00	-2.596E+03	 9.481E+03
 120.900	 0.000E+00	-2.585E+03	 9.518E+03
 120.950	 0.000E+00	-2.537E+03	 9.495E+03
 121.000	 0.000E+00	-2.469E+03	 9.450E+03
 121.050	 0.000E+00	-2.377E+03	 9.394E+03
 121.100	 0.000E+00	-2.245E+03	 9.339E+03
 121.150	 0.000E+00	-2.094E+03	 9.338E+03
 121.200	 0.000E+00	-1.956E+03	 9.284E+03
 121.250	 0.000E+00	-1.755E+03	 9.230E+03
 121.300	 0.000E+00	-1.578E+03	 9.128E+03
 121.350	 0.000E+00	-1.384E+03	 8.973E+03
 121.400	 0.000E+00	-1.161E+03	 8.760E+03
 121.450	 0.000E+00	-9.709E+02	 8.508E+03
 121.500	 0.000E+00	-7.873E+02	 8.295E+03
 121.550	 0.000E+00	-5.951E+02	 8.197E+03
 121.600	 0.000E+00	-4.496E+02	 8.264E+03
 121.650	 0.000E+00	-2.748E+02	 8.510E+03
 121.700	 0.000E+00	-8.950E+01	 8.826E+03
 121.750	 0.000E+00	 9.702E+01	 9.123E+03
 121.800	 0.000E+00	 3.076E+02	 9.320E+03
 121.850	 0.000E+00	 5.340E+02	 9.427E+03
 121.900	 0.000E+00	 7.885E+02	 9.473E+03
 121.950	 0.000E+00	 1.056E+03	 9.460E+03
 122.000	 0.000E+00	 1.340E+03	 9.468E+03
 122.050	 0.000E+00	 1.591E+03	 9.532E+03
 122.100	 0.000E+00	 1.837E+03	 9.628E+03
 122.150	 0.000E+00	 2.062E+03	 9.792E+03
 122.200	 0.000E+00	 2.265E+03	 1.004E+04
 122.250	 0.000E+00	 2.463E+03	 1.024E+04
 122.300	 0.000E+00	 2.636E+03	 1.030E+04
 122.350	 0.000E+00	 2.786E+03	 1.016E+04
 122.400	 0.000E+00	 2.932E+03	 9.847E+03
 122.450	 0.000E+00	 3.086E+03	 9.505E+03
 122.500	 0.000E+00	 3.228E+03	 9.221E+03
 122.550	 0.000E+00	 3.386E+03	 9.114E+03
 122.600	 0.000E+00	 3.561E+03	 9.205E+03
 122.650	 0.000E+00	 3.718E+03	 9.442E+03
 122.700	 0.000E+00	 3.829E+03	 9.696E+03
 122.750	 0.000E+00	 3.928E+03	 9.903E+03
 122.800	 0.000E+00	 4.002E+03	 9.903E+03
 122.850	 0.000E+00	 4.085E+03	 9.807E+03
 122.900	 0.000E+00	 4.165E+03	 9.517E+03
 122.950	 0.000E+00	 4.254E+03	 9.179E+03
 123.000	 0.000E+00	 4.355E+03	 8.893E+03
 123.050	 0.000E+00	 4.459E+03	 8.659E+03
 123.100	 0.000E+00	 4.577E+03	 8.609E+03
 123.150	 0.000E+00	 4.688E+03	 8.689E+03
 123.200	 0.000E+00	 4.816E+03	 8.914E+03
 123.250	 0.000E+00	 4.945E+03	 9.186E+03
 123.300	 0.000E+00	 5.022E+03	 9.407E+03
 123.350	 0.000E+00	 5.057E+03	 9.679E+03
 123.400	 0.000E+00	 5.004E+03	 9.845E+03
 123.450	 0.000E+00	 4.919E+03	 9.885E+03
 123.500	 0.000E+00	 4.781E+03	 9.763E+03
 123.550	 0.000E+00	 4.627E+03	 9.589E+03
 123.600	 0.000E+00	 4.451E+03	 9.364E+03
 123.650	 0.000E+00	 4.262E+03	 9.205E+03
 123.700	 0.000E+00	 4.059E+03	 9.117E+03
 123.750	 0.000E+00	 3.853E+03	 9.088E+03
 123.800	 0.000E+00	 3.653E+03	 9.048E+03
 123.850	 0.000E+00	 3.463E+03	 8.972E+03
 123.900	 0.000E+00	 3.289E+03	 8.852E+03
 123.950	 0.000E+00	 3.148E+03	 8.745E+03
 124.000	 0.000E+00	 3.023E+03	 8.620E+03
 124.050	 0.000E+00	 2.938E+03	 8.516E+03
 124.100	 0.000E+00	 2.860E+03	 8.483E+03
 124.150	 0.000E+00	 2.761E+03	 8.490E+03
 124.200	 0.000E+00	 2.635E+03	 8.447E+03
 124.250	 0.000E+00	 2.497E+03	 8.428E+03
 124.300	 0.000E+00	 2.323E+03	 8.461E+03
 124.350	 0.000E+00	 2.114E+03	 8.432E+03
 124.400	 0.000E+00	 1.824E+03	 8.359E+03
 124.450	 0.000E+00	 1.500E+03	 8.238E+03
 124.500	 0.000E+00	 1.156E+03	 8.085E+03
 124.550	 0.000E+00	 7.875E+02	 7.975E+03
 124.600	 0.000E+00	 4.397E+02	 7.848E+03
 124.650	 0.000E+00	 1.330E+02	 7.660E+03
 124.700	 0.000E+00	-1.367E+02	 7.503E+03
 124.750	 0.000E+00	-3.655E+02	 7.423E+03
 124.800	 0.000E+00	-5.289E+02	 7.485E+03
 124.850	 0.000E+00	-6.595E+02	 7.512E+03
 124.900	 0.000E+00	-7.840E+02	 7.462E+03
 124.950	 0.000E+00	-8.924E+02	 7.306E+03
 125.000	 0.000E+00	-1.003E+03	 7.061E+03
 125.050	 0.000E+00	-1.146E+03	 6.785E+03
 125.100	 0.000E+00	-1.300E+03	 6.564E+03
 125.150	 0.000E+00	-1.462E+03	 6.485E+03
 125.200	 0.000E+00	-1.639E+03	 6.583E+03
 125.250	 0.000E+00	-1.828E+03	 6.768E+03
 125.300	 0.000E+00	-2.007E+03	 7.068E+03
 125.350	 0.000E+00	-2.175E+03	 7.413E+03
 125.400	 0.000E+00	-2.331E+03	 7.784E+03
 125.450	 0.000E+00	-2.462E+03	 8.170E+03
 125.500	 0.000E+00	-2.552E+03	 8.561E+03
 125.550	 0.000E+00	-2.623E+03	 8.932E+03
 125.600	 0.000E+00	-2.682E+03	 9.242E+03
 125.650	 0.000E+00	-2.709E+03	 9.486E+03
 125.700	 0.000E+00	-2.712E+03	 9.643E+03
 125.750	 0.000E+00	-2.694E+03	 9.678E+03
 125.800	 0.000E+00	-2.649E+03	 9.690E+03
 125.850	 0.000E+00	-2.582E+03	 9.702E+03
 125.900	 0.000E+00	-2.485E+03	 9.715E+03
 125.950	 0.000E+00	-2.381E+03	 9.707E+03
 126.000	 0.000E+00	-2.276E+03	 9.722E+03
 126.050	 0.000E+00	-2.168E+03	 9.765E+03
 126.100	 0.000E+00	-2.094E+03	 9.817E+03
 126.150	 0.000E+00	-2.041E+03	 9.846E+03
 126.200	 0.000E+00	-2.005E+03	 9.836E+03
 126.250	 0.000E+00	-1.989E+03	 9.781E+03
 126.300	 0.000E+00	-1.948E+03	 9.786E+03
 126.350	 0.000E+00	-1.915E+03	 9.787E+03
 126.400	 0.000E+00	-1.866E+03	 9.735E+03
 126.450	 0.000E+00	-1.807E+03	 9.570E+03
 126.500	 0.000E+00	-1.722E+03	 9.356E+03
 126.550	 0.000E+00	-1.613E+03	 9.144E+03
 126.600	 0.000E+00	-1.478E+03	 8.955E+03
 126.650	 0.000E+00	-1.336E+03	 8.769E+03
 126.700	 0.000E+00	-1.171E+03	 8.587E+03
 126.750	 0.000E+00	-9.647E+02	 8.454E+03
 126.800	 0.000E+00	-7.415E+02	 8.362E+03
 126.850	 0.000E+00	-4.570E+02	 8.332E+03
 126.900	 0.000E+00	-1.316E+02	 8.363E+03
 126.950	 0.000E+00	 2.068E+02	 8.362E+03
 127.000	 0.000E+00	 5.681E+02	 8.458E+03
 127.050	 0.000E+00	 9.181E+02	 8.688E+03
 127.100	 0.000E+00	 1.222E+03	 8.969E+03
 127.150	 0.000E+00	 1.521E+03	 9.284E+03
 127.200	 0.000E+00	 1.778E+03	 9.555E+03
 127.250	 0.000E+00	 1.968E+03	 9.751E+03
 127.300	 0.000E+00	 2.147E+03	 9.993E+03
 127.350	 0.000E+00	 2.294E+03	 1.024E+04
 127.400	 0.000E+00	 2.409E+03	 1.046E+04
 127.450	 0.000E+00	 2.520E+03	 1.057E+04
 127.500	 0.000E+00	 2.645E+03	 1.061E+04
 127.550	 0.000E+00	 2.773E+03	 1.052E+04
 127.600	 0.000E+00	 2.906E+03	 1.033E+04
 127.650	 0.000E+00	 3.092E+03	 1.015E+04
 127.700	 0.000E+00	 3.328E+03	 1.003E+04
 127.750	 0.000E+00	 3.595E+03	 9.976E+03
 127.800	 0.000E+00	 3.850E+03	 9.903E+03
 127.850	 0.000E+00	 4.107E+03	 9.903E+03
 127.900	 0.000E+00	 4.363E+03	 9.947E+03
 127.950	 0.000E+00	 4.579E+03	 9.983E+03
 128.000	 0.000E+00	 4.786E+03	 1.003E+04
 128.050	 0.000E+00	 4.988E+03	 1.013E+04
 128.100	 0.000E+00	 5.163E+03	 1.029E+04
 128.150	 0.000E+00	 5.280E+03	 1.044E+04
 128.200	 0.000E+00	 5.363E+03	 1.069E+04
 128.250	 0.000E+00	 5.401E+03	 1.091E+04
 128.300	 0.000E+00	 5.401E+03	 1.099E+04
 128.350	 0.000E+00	 5.403E+03	 1.105E+04
 128.400	 0.000E+00	 5.371E+03	 1.111E+04
 128.450	 0.000E+00	 5.335E+03	 1.122E+04
 128.500	 0.000E+00	 5.259E+03	 1.138E+04
 128.550	 0.000E+00	 5.162E+03	 1.165E+04
 128.600	 0.000E+00	 5.023E+03	 1.186E+04
 128.650	 0.000E+00	 4.892E+03	 1.184E+04
 128.700	 0.000E+00	 4.785E+03	 1.164E+04
 128.750	 0.000E+00	 4.682E+03	 1.118E+04
 128.800	 0.000E+00	 4.598E+03	 1.062E+04
 128.850	 0.000E+00	 4.505E+03	 1.014E+04
 128.900	 0.000E+00	 4.361E+03	 9.812E+03
 128.950	 0.000E+00	 4.207E+03	 9.627E+03
 129.000	 0.000E+00	 4.017E+03	 9.470E+03
 129.050	 0.000E+00	 3.795E+03	 9.374E+03
 129.100	 0.000E+00	 3.568E+03	 9.205E+03
 129.150	 0.000E+00	 3.328E+03	 8.865E+03
 129.200	 0.000E+00	 3.074E+03	 8.449E+03
 129.250	 0.000E+00	 2.837E+03	 8.144E+03
 129.300	 0.000E+00	 2.607E+03	 7.955E+03
 129.350	 0.000E+00	 2.386E+03	 7.933E+03
 129.400	 0.000E+00	 2.164E+03	 7.986E+03
 129.450	 0.000E+00	 1.939E+03	 8.090E+03
 129.500	 0.000E+00	 1.736E+03	 8.255E+03
 129.550	 0.000E+00	 1.521E+03	 8.439E+03
 129.600	 0.000E+00	 1.309E+03	 8.588E+03
 129.650	 0.000E+00	 1.111E+03	 8.760E+03
 129.700	 0.000E+00	 8.977E+02	 8.889E+03
 129.750	 0.000E+00	 6.753E+02	 8.986E+03
 129.800	 0.000E+00	 4.843E+02	 8.965E+03
 129.850	 0.000E+00	 2.711E+02	 8.827E+03
 129.900	 0.000E+00	 3.801E+01	 8.588E+03
 129.950	 0.000E+00	-1.690E+02	 8.288E+03
 130.000	 0.000E+00	-3.813E+02	 8.010E+03
 130.050	 0.000E+00	-6.073E+02	 7.808E+03
 130.100	 0.000E+00	-8.226E+02	 7.686E+03
 130.150	 0.000E+00	-1.074E+03	 7.637E+03
 130.200	 0.000E+00	-1.321E+03	 7.707E+03
 130.250	 0.000E+00	-1.543E+03	 7.877E+03
 130.300	 0.000E+00	-1.767E+03	 8.051E+03
 130.350	 0.000E+00	-1.981E+03	 8.157E+03
 130.400	 0.000E+00	-2.152E+03	 8.166E+03
 130.450	 0.000E+00	-2.297E+03	 8.075E+03
 130.500	 0.000E+00	-2.423E+03	 7.990E+03
 130.550	 0.000E+00	-2.506E+03	 8.015E+03
 130.600	 0.000E+00	-2.523E+03	 8.202E+03
 130.650	 0.000E+00	-2.506E+03	 8.508E+03
 130.700	 0.000E+00	-2.478E+03	 8.886E+03
 130.750	 0.000E+00	-2.441E+03	 9.242E+03
 130.800	 0.000E+00	-2.421E+03	 9.514E+03
 130.850	 0.000E+00	-2.401E+03	 9.654E+03
 130.900	 0.000E+00	-2.375E+03	 9.702E+03
 130.950	 0.000E+00	-2.342E+03	 9.669E+03
 131.000	 0.000E+00	-2.310E+03	 9.535E+03
 131.050	 0.000E+00	-2.282E+03	 9.421E+03
 131.100	 0.000E+00	-2.278E+03	 9.372E+03
 131.150	 0.000E+00	-2.280E+03	 9.379E+03
 131.200	 0.000E+00	-2.285E+03	 9.446E+03
 131.250	 0.000E+00	-2.288E+03	 9.542E+03
 131.300	 0.000E+00	-2.270E+03	 9.612E+03
 131.350	 0.000E+00	-2.241E+03	 9.610E+03
 131.400	 0.000E+00	-2.186E+03	 9.594E+03
 131.450	 0.000E+00	-2.105E+03	 9.426E+03
 131.500	 0.000E+00	-1.986E+03	 9.202E+03
 131.550	 0.000E+00	-1.854E+03	 8.893E+03
 131.600	 0.000E+00	-1.691E+03	 8.539E+03
 131.650	 0.000E+00	-1.509E+03	 8.223E+03
 131.700	 0.000E+00	-1.311E+03	 7.989E+03
 131.750	 0.000E+00	-1.124E+03	 7.860E+03
 131.800	 0.000E+00	-9.573E+02	 7.829E+03
 131.850	 0.000E+00	-7.746E+02	 7.837E+03
 131.900	 0.000E+00	-5.970E+02	 7.851E+03
 131.950	 0.000E+00	-4.093E+02	 7.740E+03
 132.000	 0.000E+00	-1.792E+02	 7.629E+03
 132.050	 0.000E+00	 4.576E+01	 7.642E+03
 132.100	 0.000E+00	 2.926E+02	 7.767E+03
 132.150	 0.000E+00	 5.430E+02	 8.038E+03
 132.200	 0.000E+00	 7.714E+02	 8.433E+03
 132.250	 0.000E+00	 1.020E+03	 8.881E+03
 132.300	 0.000E+00	 1.286E+03	 9.287E+03
 132.350	 0.000E+00	 1.548E+03	 9.579E+03
 132.400	 0.000E+00	 1.814E+03	 9.804E+03
 132.450	 0.000E+00	 2.089E+03	 9.934E+03
 132.500	 0.000E+00	 2.362E+03	 1.002E+04
 132.550	 0.000E+00	 2.639E+03	 1.004E+04
 132.600	 0.000E+00	 2.932E+03	 1.007E+04
 132.650	 0.000E+00	 3.213E+03	 1.010E+04
 132.700	 0.000E+00	 3.457E+03	 1.011E+04
 132.750	 0.000E+00	 3.674E+03	 1.017E+04
 132.800	 0.000E+00	 3.848E+03	 1.015E+04
 132.850	 0.000E+00	 3.971E+03	 1.003E+04
 132.900	 0.000E+00	 4.053E+03	 9.810E+03
 132.950	 0.000E+00	 4.097E+03	 9.524E+03
 133.000	 0.000E+00	 4.134E+03	 9.323E+03
 133.050	 0.000E+00	 4.153E+03	 9.158E+03
 133.100	 0.000E+00	 4.194E+03	 9.123E+03
 133.150	 0.000E+00	 4.259E+03	 9.173E+03
 133.200	 0.000E+00	 4.360E+03	 9.260E+03
 133.250	 0.000E+00	 4.508E+03	 9.392E+03
 133.300	 0.000E+00	 4.693E+03	 9.497E+03
 133.350	 0.000E+00	 4.895E+03	 9.626E+03
 133.400	 0.000E+00	 5.100E+03	 9.879E+03
 133.450	 0.000E+00	 5.254E+03	 1.024E+04
 133.500	 0.000E+00	 5.347E+03	 1.063E+04
 133.550	 0.000E+00	 5.389E+03	 1.100E+04
 133.600	 0.000E+00	 5.364E+03	 1.127E+04
 133.650	 0.000E+00	 5.263E+03	 1.129E+04
 133.700	 0.000E+00	 5.120E+03	 1.107E+04
 133.750	 0.000E+00	 4.944E+03	 1.074E+04
 133.800	 0.000E+00	 4.752E+03	 1.036E+04
 133.850	 0.000E+00	 4.552E+03	 9.982E+03
 133.900	 0.000E+00	 4.335E+03	 9.744E+03
 133.950	 0.000E+00	 4.141E+03	 9.631E+03
 134.000	 0.000E+00	 3.965E+03	 9.434E+03
 134.050	 0.000E+00	 3.807E+03	 9.211E+03
 134.100	 0.000E+00	 3.628E+03	 8.971E+03
 134.150	 0.000E+00	 3.446E+03	 8.746E+03
 134.200	 0.000E+00	 3.252E+03	 8.466E+03
 134.250	 0.000E+00	 3.040E+03	 8.169E+03
 134.300	 0.000E+00	 2.836E+03	 7.829E+03
 134.350	 0.000E+00	 2.681E+03	 7.593E+03
 134.400	 0.000E+00	 2.507E+03	 7.431E+03
 134.450	 0.000E+00	 2.326E+03	 7.447E+03
 134.500	 0.000E+00	 2.171E+03	 7.554E+03
 134.550	 0.000E+00	 1.988E+03	 7.674E+03
 134.600	 0.000E+00	 1.757E+03	 7.698E+03
 134.650	 0.000E+00	 1.524E+03	 7.698E+03
 134.700	 0.000E+00	 1.271E+03	 7.713E+03
 134.750	 0.000E+00	 9.919E+02	 7.734E+03
 134.800	 0.000E+00	 7.374E+02	 7.874E+03
 134.850	 0.000E+00	 4.818E+02	 8.026E+03
 134.900	 0.000E+00	 2.530E+02	 8.230E+03
 134.950	 0.000E+00	 7.009E+01	 8.453E+03
 135.000	 0.000E+00	-9.135E+01	 8.651E+03
 135.050	 0.000E+00	-2.427E+02	 8.767E+03
 135.100	 0.000E+00	-3.778E+02	 8.761E+03
 135.150	 0.000E+00	-5.181E+02	 8.719E+03
 135.200	 0.000E+00	-6.717E+02	 8.706E+03
 135.250	 0.000E+00	-8.495E+02	 8.736E+03
 135.300	 0.000E+00	-1.043E+03	 8.798E+03
 135.350	 0.000E+00	-1.271E+03	 8.806E+03
 135.400	 0.000E+00	-1.510E+03	 8.712E+03
 135.450	 0.000E+00	-1.725E+03	 8.571E+03
 135.500	 0.000E+00	-1.931E+03	 8.357E+03
 135.550	 0.000E+00	-2.108E+03	 8.097E+03
 135.600	 0.000E+00	-2.244E+03	 7.807E+03
 135.650	 0.000E+00	-2.343E+03	 7.528E+03
 135.700	 0.000E+00	-2.416E+03	 7.330E+03
 135.750	 0.000E+00	-2.481E+03	 7.275E+03
 135.800	 0.000E+00	-2.542E+03	 7.389E+03
 135.850	 0.000E+00	-2.615E+03	 7.590E+03
 135.900	 0.000E+00	-2.687E+03	 7.825E+03
 135.950	 0.000E+00	-2.737E+03	 8.016E+03
 136.000	 0.000E+00	-2.773E+03	 8.093E+03
 136.050	 0.000E+00	-2.783E+03	 8.032E+03
 136.100	 0.000E+00	-2.758E+03	 7.912E+03
 136.150	 0.000E+00	-2.705E+03	 7.765E+03
 136.200	 0.000E+00	-2.621E+03	 7.666E+03
 136.250	 0.000E+00	-2.502E+03	 7.740E+03
 136.300	 0.000E+00	-2.392E+03	 8.023E+03
 136.350	 0.000E+00	-2.280E+03	 8.384E+03
 136.400	 0.000E+00	-2.195E+03	 8.750E+03
 136.450	 0.000E+00	-2.148E+03	 9.059E+03
 136.500	 0.000E+00	-2.106E+03	 9.274E+03
 136.550	 0.000E+00	-2.076E+03	 9.293E+03
 136.600	 0.000E+00	-2.007E+03	 9.196E+03
 136.650	 0.000E+00	-1.900E+03	 9.042E+03
 136.700	 0.000E+00	-1.761E+03	 8.849E+03
 136.750	 0.000E+00	-1.577E+03	 8.678E+03
 136.800	 0.000E+00	-1.342E+03	 8.634E+03
 136.850	 0.000E+00	-1.098E+03	 8.725E+03
 136.900	 0.000E+00	-7.943E+02	 8.986E+03
 136.950	 0.000E+00	-4.915E+02	 9.295E+03
 137.000	 0.000E+00	-1.722E+02	 9.556E+03
 137.050	 0.000E+00	 1.289E+02	 9.726E+03
 137.100	 0.000E+00	 4.073E+02	 9.831E+03
 137.150	 0.000E+00	 6.859E+02	 9.887E+03
 137.200	 0.000E+00	 9.316E+02	 9.897E+03
 137.250	 0.000E+00	 1.181E+03	 9.895E+03
 137.300	 0.000E+00	 1.442E+03	 9.872E+03
 137.350	 0.000E+00	 1.649E+03	 9.860E+03
 137.400	 0.000E+00	 1.841E+03	 9.870E+03
 137.450	 0.000E+00	 1.998E+03	 9.909E+03
 137.500	 0.000E+00	 2.118E+03	 1.002E+04
 137.550	 0.000E+00	 2.213E+03	 1.014E+04
 137.600	 0.000E+00	 2.300E+03	 1.015E+04
 137.650	 0.000E+00	 2.382E+03	 1.007E+04
 137.700	 0.000E+00	 2.469E+03	 9.820E+03
 137.750	 0.000E+00	 2.614E+03	 9.450E+03
 137.800	 0.000E+00	 2.806E+03	 9.004E+03
 137.850	 0.000E+00	 3.019E+03	 8.592E+03
 137.900	 0.000E+00	 3.268E+03	 8.354E+03
 137.950	 0.000E+00	 3.548E+03	 8.333E+03
 138.000	 0.000E+00	 3.815E+03	 8.490E+03
 138.050	 0.000E+00	 4.045E+03	 8.710E+03
 138.100	 0.000E+00	 4.268E+03	 9.018E+03
 138.150	 0.000E+00	 4.439E+03	 9.295E+03
 138.200	 0.000E+00	 4.517E+03	 9.363E+03
 138.250	 0.000E+00	 4.554E+03	 9.233E+03
 138.300	 0.000E+00	 4.552E+03	 8.902E+03
 138.350	 0.000E+00	 4.513E+03	 8.472E+03
 138.400	 0.000E+00	 4.454E+03	 8.149E+03
 138.450	 0.000E+00	 4.418E+03	 8.100E+03
 138.500	 0.000E+00	 4.426E+03	 8.309E+03
 138.550	 0.000E+00	 4.459E+03	 8.578E+03
 138.600	 0.000E+00	 4.498E+03	 8.892E+03
 138.650	 0.000E+00	 4.525E+03	 9.137E+03
 138.700	 0.000E+00	 4.538E+03	 9.309E+03
 138.750	 0.000E+00	 4.509E+03	 9.254E+03
 138.800	 0.000E+00	 4.493E+03	 9.112E+03
 138.850	 0.000E+00	 4.468E+03	 8.858E+03
 138.900	 0.000E+00	 4.446E+03	 8.579E+03
 138.950	 0.000E+00	 4.417E+03	 8.302E+03
 139.000	 0.000E+00	 4.370E+03	 8.135E+03
 139.050	 0.000E+00	 4.313E+03	 8.092E+03
 139.100	 0.000E+00	 4.241E+03	 8.126E+03
 139.150	 0.000E+00	 4.126E+03	 8.126E+03
 139.200	 0.000E+00	 4.002E+03	 8.132E+03
 139.250	 0.000E+00	 3.816E+03	 8.081E+03
 139.300	 0.000E+00	 3.581E+03	 7.989E+03
 139.350	 0.000E+00	 3.300E+03	 7.790E+03
 139.400	 0.000E+00	 2.996E+03	 7.518E+03
 139.450	 0.000E+00	 2.685E+03	 7.165E+03
 139.500	 0.000E+00	 2.375E+03	 6.845E+03
 139.550	 0.000E+00	 2.102E+03	 6.671E+03
 139.600	 0.000E+00	 1.876E+03	 6.694E+03
 139.650	 0.000E+00	 1.686E+03	 6.922E+03
 139.700	 0.000E+00	 1.544E+03	 7.173E+03
 139.750	 0.000E+00	 1.447E+03	 7.298E+03
 139.800	 0.000E+00	 1.317E+03	 7.301E+03
 139.850	 0.000E+00	 1.168E+03	 7.182E+03
 139.900	 0.000E+00	 1.020E+03	 7.008E+03
 139.950	 0.000E+00	 8.379E+02	 6.838E+03
 140.000	 0.000E+00	 6.058E+02	 6.721E+03
 140.050	 0.000E+00	 3.942E+02	 6.648E+03
 140.100	 0.000E+00	 1.568E+02	 6.575E+03
 140.150	 0.000E+00	-1.121E+02	 6.464E+03
 140.200	 0.000E+00	-3.741E+02	 6.335E+03
 140.250	 0.000E+00	-6.237E+02	 6.179E+03
 140.300	 0.000E+00	-9.045E+02	 6.067E+03
 140.350	 0.000E+00	-1.187E+03	 6.061E+03
 140.400	 0.000E+00	-1.446E+03	 6.149E+03
 140.450	 0.000E+00	-1.712E+03	 6.257E+03
 140.500	 0.000E+00	-1.963E+03	 6.357E+03
 140.550	 0.000E+00	-2.165E+03	 6.460E+03
 140.600	 0.000E+00	-2.339E+03	 6.521E+03
 140.650	 0.000E+00	-2.463E+03	 6.480E+03
 140.700	 0.000E+00	-2.506E+03	 6.395E+03
 140.750	 0.000E+00	-2.497E+03	 6.299E+03
 140.800	 0.000E+00	-2.455E+03	 6.251E+03
 140.850	 0.000E+00	-2.400E+03	 6.304E+03
 140.900	 0.000E+00	-2.352E+03	 6.487E+03
 140.950	 0.000E+00	-2.333E+03	 6.763E+03
 141.000	 0.000E+00	-2.365E+03	 7.054E+03
 141.050	 0.000E+00	-2.437E+03	 7.302E+03
 141.100	 0.000E+00	-2.527E+03	 7.491E+03
 141.150	 0.000E+00	-2.651E+03	 7.573E+03
 141.200	 0.000E+00	-2.777E+03	 7.553E+03
 141.250	 0.000E+00	-2.875E+03	 7.510E+03
 141.300	 0.000E+00	-2.937E+03	 7.528E+03
 141.350	 0.000E+00	-2.945E+03	 7.601E+03
 141.400	 0.000E+00	-2.904E+03	 7.740E+03
 141.450	 0.000E+00	-2.819E+03	 7.969E+03
 141.500	 0.000E+00	-2.734E+03	 8.096E+03
 141.550	 0.000E+00	-2.613E+03	 8.109E+03
 141.600	 0.000E+00	-2.496E+03	 7.999E+03
 141.650	 0.000E+00	-2.352E+03	 7.825E+03
 141.700	 0.000E+00	-2.171E+03	 7.657E+03
 141.750	 0.000E+00	-1.982E+03	 7.697E+03
 141.800	 0.000E+00	-1.794E+03	 7.916E+03
 141.850	 0.000E+00	-1.585E+03	 8.280E+03
 141.900	 0.000E+00	-1.364E+03	 8.681E+03
 141.950	 0.000E+00	-1.166E+03	 9.036E+03
 142.000	 0.000E+00	-9.604E+02	 9.229E+03
 142.050	 0.000E+00	-7.701E+02	 9.281E+03
 142.100	 0.000E+00	-6.138E+02	 9.262E+03
 142.150	 0.000E+00	-4.305E+02	 9.213E+03
 142.200	 0.000E+00	-2.555E+02	 9.195E+03
 142.250	 0.000E+00	-1.087E+02	 9.294E+03
 142.300	 0.000E+00	 6.167E+01	 9.515E+03
 142.350	 0.000E+00	 2.365E+02	 9.812E+03
 142.400	 0.000E+00	 4.361E+02	 1.012E+04
 142.450	 0.000E+00	 6.740E+02	 1.030E+04
 142.500	 0.000E+00	 9.590E+02	 1.030E+04
 142.550	 0.000E+00	 1.251E+03	 1.013E+04
 142.600	 0.000E+00	 1.544E+03	 9.864E+03
 142.650	 0.000E+00	 1.844E+03	 9.549E+03
 142.700	 0.000E+00	 2.144E+03	 9.267E+03
 142.750	 0.000E+00	 2.375E+03	 9.013E+03
 142.800	 0.000E+00	 2.546E+03	 8.826E+03
 142.850	 0.000E+00	 2.675E+03	 8.688E+03
 142.900	 0.000E+00	 2.765E+03	 8.557E+03
 142.950	 0.000E+00	 2.823E+03	 8.381E+03
 143.000	 0.000E+00	 2.881E+03	 8.195E+03
 143.050	 0.000E+00	 2.962E+03	 8.069E+03
 143.100	 0.000E+00	 3.066E+03	 8.003E+03
 143.150	 0.000E+00	 3.195E+03	 8.031E+03
 143.200	 0.000E+00	 3.358E+03	 8.119E+03
 143.250	 0.000E+00	 3.536E+03	 8.247E+03
 143.300	 0.000E+00	 3.728E+03	 8.401E+03
 143.350	 0.000E+00	 3.932E+03	 8.587E+03
 143.400	 0.000E+00	 4.107E+03	 8.736E+03
 143.450	 0.000E+00	 4.233E+03	 8.922E+03
 143.500	 0.000E+00	 4.329E+03	 9.081E+03
 143.550	 0.000E+00	 4.394E+03	 9.139E+03
 143.600	 0.000E+00	 4.441E+03	 9.185E+03
 143.650	 0.000E+00	 4.465E+03	 9.162E+03
 143.700	 0.000E+00	 4.497E+03	 9.096E+03
 143.750	 0.000E+00	 4.530E+03	 9.021E+03
 143.800	 0.000E+00	 4.557E+03	 8.905E+03
 143.850	 0.000E+00	 4.572E+03	 8.823E+03
 143.900	 0.000E+00	 4.562E+03	 8.744E+03
 143.950	 0.000E+00	 4.532E+03	 8.708E+03
 144.000	 0.000E+00	 4.470E+03	 8.623E+03
 144.050	 0.000E+00	 4.391E+03	 8.443E+03
 144.100	 0.000E+00	 4.321E+03	 8.220E+03
 144.150	 0.000E+00	 4.248E+03	 7.909E+03
 144.200	 0.000E+00	 4.187E+03	 7.563E+03
 144.250	 0.000E+00	 4.135E+03	 7.232E+03
 144.300	 0.000E+00	 4.063E+03	 6.902E+03
 144.350	 0.000E+00	 4.009E+03	 6.678E+03
 144.400	 0.000E+00	 3.939E+03	 6.570E+03
 144.450	 0.000E+00	 3.827E+03	 6.579E+03
 144.500	 0.000E+00	 3.693E+03	 6.728E+03
 144.550	 0.000E+00	 3.510E+03	 6.877E+03
 144.600	 0.000E+00	 3.307E+03	 7.040E+03
 144.650	 0.000E+00	 3.087E+03	 7.127E+03
 144.700	 0.000E+00	 2.897E+03	 7.171E+03
 144.750	 0.000E+00	 2.701E+03	 7.162E+03
 144.800	 0.000E+00	 2.524E+03	 7.200E+03
 144.850	 0.000E+00	 2.376E+03	 7.340E+03
 144.900	 0.000E+00	 2.234E+03	 7.651E+03
 144.950	 0.000E+00	 2.092E+03	 8.045E+03
 145.000	 0.000E+00	 1.937E+03	 8.348E+03
 145.050	 0.000E+00	 1.799E+03	 8.536E+03
 145.100	 0.000E+00	 1.600E+03	 8.568E+03
 145.150	 0.000E+00	 1.373E+03	 8.390E+03
 145.200	 0.000E+00	 1.124E+03	 8.144E+03
 145.250	 0.000E+00	 8.524E+02	 7.869E+03
 145.300	 0.000E+00	 6.062E+02	 7.658E+03
 145.350	 0.000E+00	 3.725E+02	 7.505E+03
 145.400	 0.000E+00	 1.328E+02	 7.405E+03
 145.450	 0.000E+00	-9.331E+01	 7.325E+03
 145.500	 0.000E+00	-2.904E+02	 7.272E+03
 145.550	 0.000E+00	-4.865E+02	 7.232E+03
 145.600	 0.000E+00	-6.814E+02	 7.192E+03
 145.650	 0.000E+00	-8.762E+02	 7.064E+03
 145.700	 0.000E+00	-1.103E+03	 6.828E+03
 145.750	 0.000E+00	-1.357E+03	 6.493E+03
 145.800	 0.000E+00	-1.581E+03	 6.219E+03
 145.850	 0.000E+00	-1.793E+03	 6.003E+03
 145.900	 0.000E+00	-1.995E+03	 5.869E+03
 145.950	 0.000E+00	-2.147E+03	 5.881E+03
 146.000	 0.000E+00	-2.264E+03	 6.009E+03
 146.050	 0.000E+00	-2.354E+03	 6.195E+03
 146.100	 0.000E+00	-2.414E+03	 6.387E+03
 146.150	 0.000E+00	-2.463E+03	 6.497E+03
 146.200	 0.000E+00	-2.523E+03	 6.470E+03
 146.250	 0.000E+00	-2.585E+03	 6.338E+03
 146.300	 0.000E+00	-2.628E+03	 6.181E+03
 146.350	 0.000E+00	-2.676E+03	 6.052E+03
 146.400	 0.000E+00	-2.737E+03	 5.992E+03
 146.450	 0.000E+00	-2.792E+03	 6.058E+03
 146.500	 0.000E+00	-2.832E+03	 6.301E+03
 146.550	 0.000E+00	-2.856E+03	 6.630E+03
 146.600	 0.000E+00	-2.869E+03	 6.951E+03
 146.650	 0.000E+00	-2.866E+03	 7.180E+03
 146.700	 0.000E+00	-2.854E+03	 7.259E+03
 146.750	 0.000E+00	-2.837E+03	 7.157E+03
 146.800	 0.000E+00	-2.806E+03	 6.959E+03
 146.850	 0.000E+00	-2.769E+03	 6.729E+03
 146.900	 0.000E+00	-2.699E+03	 6.630E+03
 146.950	 0.000E+00	-2.605E+03	 6.709E+03
 147.000	 0.000E+00	-2.483E+03	 6.971E+03
 147.050	 0.000E+00	-2.317E+03	 7.321E+03
 147.100	 0.000E+00	-2.108E+03	 7.769E+03
 147.150	 0.000E+00	-1.906E+03	 8.140E+03
 147.200	 0.000E+00	-1.647E+03	 8.487E+03
 147.250	 0.000E+00	-1.431E+03	 8.763E+03
 147.300	 0.000E+00	-1.231E+03	 8.975E+03
 147.350	 0.000E+00	-1.051E+03	 9.172E+03
 147.400	 0.000E+00	-9.099E+02	 9.342E+03
 147.450	 0.000E+00	-7.862E+02	 9.485E+03
 147.500	 0.000E+00	-6.785E+02	 9.605E+03
 147.550	 0.000E+00	-5.623E+02	 9.650E+03
 147.600	 0.000E+00	-3.965E+02	 9.660E+03
 147.650	 0.000E+00	-2.409E+02	 9.586E+03
 147.700	 0.000E+00	-6.318E+01	 9.482E+03
 147.750	 0.000E+00	 1.535E+02	 9.333E+03
 147.800	 0.000E+00	 3.903E+02	 9.180E+03
 147.850	 0.000E+00	 6.426E+02	 8.950E+03
 147.900	 0.000E+00	 9.158E+02	 8.702E+03
 147.950	 0.000E+00	 1.187E+03	 8.482E+03
 148.000	 0.000E+00	 1.454E+03	 8.324E+03
 148.050	 0.000E+00	 1.724E+03	 8.255E+03
 148.100	 0.000E+00	 1.976E+03	 8.229E+03
 148.150	 0.000E+00	 2.190E+03	 8.229E+03
 148.200	 0.000E+00	 2.393E+03	 8.318E+03
 148.250	 0.000E+00	 2.596E+03	 8.444E+03
 148.300	 0.000E+00	 2.762E+03	 8.530E+03
 148.350	 0.000E+00	 2.910E+03	 8.676E+03
 148.400	 0.000E+00	 3.034E+03	 8.809E+03
 148.450	 0.000E+00	 3.135E+03	 8.940E+03
 148.500	 0.000E+00	 3.232E+03	 9.072E+03
 148.550	 0.000E+00	 3.345E+03	 9.215E+03
 148.600	 0.000E+00	 3.435E+03	 9.294E+03
 148.650	 0.000E+00	 3.514E+03	 9.296E+03
 148.700	 0.000E+00	 3.609E+03	 9.255E+03
 148.750	 0.000E+00	 3.719E+03	 9.159E+03
 148.800	 0.000E+00	 3.834E+03	 8.893E+03
 148.850	 0.000E+00	 3.952E+03	 8.503E+03
 148.900	 0.000E+00	 4.077E+03	 8.138E+03
 148.950	 0.000E+00	 4.202E+03	 7.857E+03
 149.000	 0.000E+00	 4.300E+03	 7.655E+03
 149.050	 0.000E+00	 4.404E+03	 7.645E+03
 149.100	 0.000E+00	 4.483E+03	 7.738E+03
 149.150	 0.000E+00	 4.521E+03	 7.852E+03
 149.200	 0.000E+00	 4.510E+03	 7.928E+03
 149.250	 0.000E+00	 4.470E+03	 8.014E+03
 149.300	 0.000E+00	 4.403E+03	 8.079E+03
 149.350	 0.000E+00	 4.305E+03	 8.008E+03
 149.400	 0.000E+00	 4.222E+03	 7.958E+03
 149.450	 0.000E+00	 4.116E+03	 7.813E+03
 149.500	 0.000E+00	 4.059E+03	 7.731E+03
 149.550	 0.000E+00	 4.009E+03	 7.676E+03
 149.600	 0.000E+00	 3.986E+03	 7.663E+03
 149.650	 0.000E+00	 3.973E+03	 7.546E+03
 149.700	 0.000E+00	 3.987E+03	 7.494E+03
 149.750	 0.000E+00	 3.973E+03	 7.427E+03
 149.800	 0.000E+00	 3.947E+03	 7.300E+03
 149.850	 0.000E+00	 3.909E+03	 7.217E+03
 149.900	 0.000E+00	 3.815E+03	 7.153E+03
 149.950	 0.000E+00	 3.700E+03	 7.106E+03
 150.000	 0.000E+00	 3.575E+03	 7.074E+03
 150.050	 0.000E+00	 3.389E+03	 7.085E+03
 150.100	 0.000E+00	 3.186E+03	 7.077E+03
 150.150	 0.000E+00	 2.998E+03	 7.019E+03
 150.200	 0.000E+00	 2.779E+03	 6.898E+03
 150.250	 0.000E+00	 2.556E+03	 6.786E+03
 150.300	 0.000E+00	 2.350E+03	 6.760E+03
 150.350	 0.000E+00	 2.136E+03	 6.865E+03
 150.400	 0.000E+00	 1.924E+03	 7.132E+03
 150.450	 0.000E+00	 1.722E+03	 7.443E+03
 150.500	 0.000E+00	 1.524E+03	 7.727E+03
 150.550	 0.000E+00	 1.334E+03	 7.987E+03
 150.600	 0.000E+00	 1.158E+03	 8.163E+03
 150.650	 0.000E+00	 9.697E+02	 8.107E+03
 150.700	 0.000E+00	 7.861E+02	 7.947E+03
 150.750	 0.000E+00	 6.290E+02	 7.736E+03
 150.800	 0.000E+00	 4.715E+02	 7.499E+03
 150.850	 0.000E+00	 3.232E+02	 7.351E+03
 150.900	 0.000E+00	 1.725E+02	 7.381E+03
 150.950	 0.000E+00	-2.784E+00	 7.542E+03
 151.000	 0.000E+00	-2.017E+02	 7.766E+03
 151.050	 0.000E+00	-4.131E+02	 8.024E+03
 151.100	 0.000E+00	-6.319E+02	 8.281E+03
 151.150	 0.000E+00	-8.497E+02	 8.485E+03
 151.200	 0.000E+00	-1.066E+03	 8.605E+03
 151.250	 0.000E+00	-1.278E+03	 8.646E+03
 151.300	 0.000E+00	-1.473E+03	 8.587E+03
 151.350	 0.000E+00	-1.660E+03	 8.469E+03
 151.400	 0.000E+00	-1.827E+03	 8.353E+03
 151.450	 0.000E+00	-1.959E+03	 8.259E+03
 151.500	 0.000E+00	-2.074E+03	 8.138E+03
 151.550	 0.000E+00	-2.199E+03	 7.908E+03
 151.600	 0.000E+00	-2.307E+03	 7.597E+03
 151.650	 0.000E+00	-2.399E+03	 7.259E+03
 151.700	 0.000E+00	-2.492E+03	 6.877E+03
 151.750	 0.000E+00	-2.566E+03	 6.479E+03
 151.800	 0.000E+00	-2.624E+03	 6.069E+03
 151.850	 0.000E+00	-2.671E+03	 5.692E+03
 151.900	 0.000E+00	-2.717E+03	 5.417E+03
 151.950	 0.000E+00	-2.782E+03	 5.270E+03
 152.000	 0.000E+00	-2.846E+03	 5.250E+03
 152.050	 0.000E+00	-2.912E+03	 5.333E+03
 152.100	 0.000E+00	-2.975E+03	 5.410E+03
 152.150	 0.000E+00	-3.028E+03	 5.479E+03
 152.200	 0.000E+00	-3.059E+03	 5.542E+03
 152.250	 0.000E+00	-3.084E+03	 5.621E+03
 152.300	 0.000E+00	-3.063E+03	 5.729E+03
 152.350	 0.000E+00	-3.000E+03	 5.872E+03
 152.400	 0.000E+00	-2.907E+03	 6.045E+03
 152.450	 0.000E+00	-2.768E+03	 6.259E+03
 152.500	 0.000E+00	-2.605E+03	 6.459E+03
 152.550	 0.000E+00	-2.424E+03	 6.655E+03
 152.600	 0.000E+00	-2.207E+03	 6.862E+03
 152.650	 0.000E+00	-2.018E+03	 7.014E+03
 152.700	 0.000E+00	-1.822E+03	 7.164E+03
 152.750	 0.000E+00	-1.649E+03	 7.268E+03
 152.800	 0.000E+00	-1.471E+03	 7.388E+03
 152.850	 0.000E+00	-1.296E+03	 7.484E+03
 152.900	 0.000E+00	-1.129E+03	 7.633E+03
 152.950	 0.000E+00	-9.673E+02	 7.825E+03
 153.000	 0.000E+00	-8.175E+02	 8.033E+03
 153.050	 0.000E+00	-6.447E+02	 8.186E+03
 153.100	 0.000E+00	-4.669E+02	 8.259E+03
 153.150	 0.000E+00	-2.815E+02	 8.250E+03
 153.200	 0.000E+00	-9.685E+01	 8.180E+03
 153.250	 0.000E+00	 7.943E+01	 8.015E+03
 153.300	 0.000E+00	 2.513E+02	 7.864E+03
 153.350	 0.000E+00	 4.357E+02	 7.717E+03
 153.400	 0.000E+00	 6.390E+02	 7.527E+03
 153.450	 0.000E+00	 8.461E+02	 7.326E+03
 153.500	 0.000E+00	 1.061E+03	 7.072E+03
 153.550	 0.000E+00	 1.277E+03	 6.807E+03
 153.600	 0.000E+00	 1.498E+03	 6.569E+03
 153.650	 0.000E+00	 1.745E+03	 6.399E+03
 153.700	 0.000E+00	 1.988E+03	 6.247E+03
 153.750	 0.000E+00	 2.214E+03	 6.141E+03
 153.800	 0.000E+00	 2.432E+03	 6.065E+03
 153.850	 0.000E+00	 2.621E+03	 6.094E+03
 153.900	 0.000E+00	 2.794E+03	 6.251E+03
 153.950	 0.000E+00	 2.963E+03	 6.512E+03
 154.000	 0.000E+00	 3.127E+03	 6.828E+03
 154.050	 0.000E+00	 3.276E+03	 7.121E+03
 154.100	 0.000E+00	 3.442E+03	 7.391E+03
 154.150	 0.000E+00	 3.619E+03	 7.653E+03
 154.200	 0.000E+00	 3.763E+03	 7.843E+03
 154.250	 0.000E+00	 3.902E+03	 8.046E+03
 154.300	 0.000E+00	 4.073E+03	 8.298E+03
 154.350	 0.000E+00	 4.221E+03	 8.440E+03
 154.400	 0.000E+00	 4.352E+03	 8.506E+03
 154.450	 0.000E+00	 4.471E+03	 8.495E+03
 154.500	 0.000E+00	 4.548E+03	 8.396E+03
 154.550	 0.000E+00	 4.601E+03	 8.288E+03
 154.600	 0.000E+00	 4.634E+03	 8.177E+03
 154.650	 0.000E+00	 4.660E+03	 8.159E+03
 154.700	 0.000E+00	 4.640E+03	 8.079E+03
 154.750	 0.000E+00	 4.593E+03	 8.011E+03
 154.800	 0.000E+00	 4.529E+03	 7.883E+03
 154.850	 0.000E+00	 4.467E+03	 7.682E+03
 154.900	 0.000E+00	 4.410E+03	 7.372E+03
 154.950	 0.000E+00	 4.353E+03	 7.006E+03
 155.000	 0.000E+00	 4.317E+03	 6.689E+03
 155.050	 0.000E+00	 4.289E+03	 6.411E+03
 155.100	 0.000E+00	 4.269E+03	 6.274E+03
 155.150	 0.000E+00	 4.243E+03	 6.250E+03
 155.200	 0.000E+00	 4.208E+03	 6.308E+03
 155.250	 0.000E+00	 4.177E+03	 6.494E+03
 155.300	 0.000E+00	 4.113E+03	 6.677E+03
 155.350	 0.000E+00	 4.059E+03	 6.920E+03
 155.400	 0.000E+00	 3.997E+03	 7.149E+03
 155.450	 0.000E+00	 3.892E+03	 7.204E+03
 155.500	 0.000E+00	 3.769E+03	 7.139E+03
 155.550	 0.000E+00	 3.604E+03	 7.022E+03
 155.600	 0.000E+00	 3.406E+03	 6.884E+03
 155.650	 0.000E+00	 3.204E+03	 6.775E+03
 155.700	 0.000E+00	 2.996E+03	 6.750E+03
 155.750	 0.000E+00	 2.773E+03	 6.844E+03
 155.800	 0.000E+00	 2.548E+03	 7.049E+03
 155.850	 0.000E+00	 2.338E+03	 7.316E+03
 155.900	 0.000E+00	 2.139E+03	 7.540E+03
 155.950	 0.000E+00	 1.960E+03	 7.615E+03
 156.000	 0.000E+00	 1.804E+03	 7.466E+03
 156.050	 0.000E+00	 1.631E+03	 7.156E+03
 156.100	 0.000E+00	 1.493E+03	 6.847E+03
 156.150	 0.000E+00	 1.340E+03	 6.608E+03
 156.200	 0.000E+00	 1.163E+03	 6.494E+03
 156.250	 0.000E+00	 9.762E+02	 6.480E+03
 156.300	 0.000E+00	 7.782E+02	 6.487E+03
 156.350	 0.000E+00	 5.369E+02	 6.436E+03
 156.400	 0.000E+00	 2.981E+02	 6.357E+03
 156.450	 0.000E+00	 6.854E+01	 6.232E+03
 156.500	 0.000E+00	-1.848E+02	 6.027E+03
 156.550	 0.000E+00	-4.285E+02	 5.872E+03
 156.600	 0.000E+00	-6.570E+02	 5.731E+03
 156.650	 0.000E+00	-8.880E+02	 5.629E+03
 156.700	 0.000E+00	-1.086E+03	 5.590E+03
 156.750	 0.000E+00	-1.257E+03	 5.587E+03
 156.800	 0.000E+00	-1.428E+03	 5.610E+03
 156.850	 0.000E+00	-1.578E+03	 5.682E+03
 156.900	 0.000E+00	-1.716E+03	 5.768E+03
 156.950	 0.000E+00	-1.832E+03	 5.882E+03
 157.000	 0.000E+00	-1.939E+03	 5.984E+03
 157.050	 0.000E+00	-2.036E+03	 6.026E+03
 157.100	 0.000E+00	-2.137E+03	 6.015E+03
 157.150	 0.000E+00	-2.221E+03	 5.961E+03
 157.200	 0.000E+00	-2.295E+03	 5.822E+03
 157.250	 0.000E+00	-2.371E+03	 5.623E+03
 157.300	 0.000E+00	-2.447E+03	 5.457E+03
 157.350	 0.000E+00	-2.543E+03	 5.349E+03
 157.400	 0.000E+00	-2.654E+03	 5.267E+03
 157.450	 0.000E+00	-2.759E+03	 5.290E+03
 157.500	 0.000E+00	-2.852E+03	 5.384E+03
 157.550	 0.000E+00	-2.952E+03	 5.452E+03
 157.600	 0.000E+00	-3.027E+03	 5.490E+03
 157.650	 0.000E+00	-3.082E+03	 5.500E+03
 157.700	 0.000E+00	-3.119E+03	 5.439E+03
 157.750	 0.000E+00	-3.123E+03	 5.337E+03
 157.800	 0.000E+00	-3.126E+03	 5.222E+03
 157.850	 0.000E+00	-3.109E+03	 5.155E+03
 157.900	 0.000E+00	-3.063E+03	 5.146E+03
 157.950	 0.000E+00	-2.999E+03	 5.211E+03
 158.000	 0.000E+00	-2.925E+03	 5.292E+03
 158.050	 0.000E+00	-2.849E+03	 5.405E+03
 158.100	 0.000E+00	-2.753E+03	 5.535E+03
 158.150	 0.000E+00	-2.660E+03	 5.664E+03
 158.200	 0.000E+00	-2.539E+03	 5.827E+03
 158.250	 0.000E+00	-2.394E+03	 6.053E+03
 158.300	 0.000E+00	-2.267E+03	 6.287E+03
 158.350	 0.000E+00	-2.119E+03	 6.498E+03
 158.400	 0.000E+00	-1.985E+03	 6.662E+03
 158.450	 0.000E+00	-1.857E+03	 6.763E+03
 158.500	 0.000E+00	-1.728E+03	 6.821E+03
 158.550	 0.000E+00	-1.613E+03	 6.858E+03
 158.600	 0.000E+00	-1.477E+03	 6.890E+03
 158.650	 0.000E+00	-1.328E+03	 6.988E+03
 158.700	 0.000E+00	-1.164E+03	 7.126E+03
 158.750	 0.000E+00	-9.836E+02	 7.299E+03
 158.800	 0.000E+00	-7.896E+02	 7.492E+03
 158.850	 0.000E+00	-5.787E+02	 7.633E+03
 158.900	 0.000E+00	-3.465E+02	 7.669E+03
 158.950	 0.000E+00	-1.031E+02	 7.618E+03
 159.000	 0.000E+00	 1.354E+02	 7.504E+03
 159.050	 0.000E+00	 3.686E+02	 7.353E+03
 159.100	 0.000E+00	 6.012E+02	 7.157E+03
 159.150	 0.000E+00	 7.894E+02	 6.905E+03
 159.200	 0.000E+00	 9.731E+02	 6.632E+03
 159.250	 0.000E+00	 1.146E+03	 6.362E+03
 159.300	 0.000E+00	 1.267E+03	 6.109E+03
 159.350	 0.000E+00	 1.389E+03	 5.947E+03
 159.400	 0.000E+00	 1.503E+03	 5.872E+03
 159.450	 0.000E+00	 1.613E+03	 5.844E+03
 159.500	 0.000E+00	 1.733E+03	 5.870E+03
 159.550	 0.000E+00	 1.852E+03	 5.898E+03
 159.600	 0.000E+00	 1.970E+03	 5.918E+03
 159.650	 0.000E+00	 2.107E+03	 5.900E+03
 159.700	 0.000E+00	 2.263E+03	 5.839E+03
 159.750	 0.000E+00	 2.441E+03	 5.736E+03
 159.800	 0.000E+00	 2.638E+03	 5.647E+03
 159.850	 0.000E+00	 2.854E+03	 5.637E+03
 159.900	 0.000E+00	 3.081E+03	 5.741E+03
 159.950	 0.000E+00	 3.315E+03	 6.047E+03
 160.000	 0.000E+00	 3.540E+03	 6.400E+03
 160.050	 0.000E+00	 3.756E+03	 6.803E+03
 160.100	 0.000E+00	 3.957E+03	 7.133E+03
 160.150	 0.000E+00	 4.125E+03	 7.297E+03
 160.200	 0.000E+00	 4.251E+03	 7.328E+03
 160.250	 0.000E+00	 4.349E+03	 7.338E+03
 160.300	 0.000E+00	 4.404E+03	 7.318E+03
 160.350	 0.000E+00	 4.424E+03	 7.356E+03
 160.400	 0.000E+00	 4.434E+03	 7.525E+03
 160.450	 0.000E+00	 4.436E+03	 7.786E+03
 160.500	 0.000E+00	 4.389E+03	 7.949E+03
 160.550	 0.000E+00	 4.332E+03	 8.037E+03
 160.600	 0.000E+00	 4.285E+03	 7.985E+03
 160.650	 0.000E+00	 4.241E+03	 7.781E+03
 160.700	 0.000E+00	 4.220E+03	 7.493E+03
 160.750	 0.000E+00	 4.228E+03	 7.264E+03
 160.800	 0.000E+00	 4.246E+03	 7.060E+03
 160.850	 0.000E+00	 4.286E+03	 6.888E+03
 160.900	 0.000E+00	 4.333E+03	 6.787E+03
 160.950	 0.000E+00	 4.375E+03	 6.778E+03
 161.000	 0.000E+00	 4.409E+03	 6.838E+03
 161.050	 0.000E+00	 4.384E+03	 6.804E+03
 161.100	 0.000E+00	 4.316E+03	 6.749E+03
 161.150	 0.000E+00	 4.178E+03	 6.503E+03
 161.200	 0.000E+00	 4.004E+03	 6.165E+03
 161.250	 0.000E+00	 3.789E+03	 5.802E+03
 161.300	 0.000E+00	 3.554E+03	 5.469E+03
 161.350	 0.000E+00	 3.325E+03	 5.214E+03
 161.400	 0.000E+00	 3.087E+03	 5.108E+03
 161.450	 0.000E+00	 2.864E+03	 5.195E+03
 161.500	 0.000E+00	 2.665E+03	 5.355E+03
 161.550	 0.000E+00	 2.484E+03	 5.464E+03
 161.600	 0.000E+00	 2.317E+03	 5.431E+03
 161.650	 0.000E+00	 2.179E+03	 5.237E+03
 161.700	 0.000E+00	 2.084E+03	 5.033E+03
 161.750	 0.000E+00	 1.986E+03	 4.866E+03
 161.800	 0.000E+00	 1.906E+03	 4.823E+03
 161.850	 0.000E+00	 1.838E+03	 4.874E+03
 161.900	 0.000E+00	 1.751E+03	 5.023E+03
 161.950	 0.000E+00	 1.643E+03	 5.276E+03
 162.000	 0.000E+00	 1.507E+03	 5.548E+03
 162.050	 0.000E+00	 1.339E+03	 5.798E+03
 162.100	 0.000E+00	 1.137E+03	 6.026E+03
 162.150	 0.000E+00	 9.080E+02	 6.155E+03
 162.200	 0.000E+00	 6.546E+02	 6.194E+03
 162.250	 0.000E+00	 3.684E+02	 6.096E+03
 162.300	 0.000E+00	 8.357E+01	 5.971E+03
 162.350	 0.000E+00	-1.722E+02	 5.873E+03
 162.400	 0.000E+00	-4.035E+02	 5.805E+03
 162.450	 0.000E+00	-6.004E+02	 5.835E+03
 162.500	 0.000E+00	-7.773E+02	 6.002E+03
 162.550	 0.000E+00	-9.070E+02	 6.249E+03
 162.600	 0.000E+00	-1.003E+03	 6.531E+03
 162.650	 0.000E+00	-1.074E+03	 6.825E+03
 162.700	 0.000E+00	-1.118E+03	 7.055E+03
 162.750	 0.000E+00	-1.153E+03	 7.183E+03
 162.800	 0.000E+00	-1.199E+03	 7.229E+03
 162.850	 0.000E+00	-1.255E+03	 7.185E+03
 162.900	 0.000E+00	-1.321E+03	 7.096E+03
 162.950	 0.000E+00	-1.429E+03	 7.052E+03
 163.000	 0.000E+00	-1.558E+03	 7.083E+03
 163.050	 0.000E+00	-1.698E+03	 7.175E+03
 163.100	 0.000E+00	-1.859E+03	 7.237E+03
 163.150	 0.000E+00	-2.021E+03	 7.256E+03
 163.200	 0.000E+00	-2.180E+03	 7.250E+03
 163.250	 0.000E+00	-2.309E+03	 7.255E+03
 163.300	 0.000E+00	-2.416E+03	 7.283E+03
 163.350	 0.000E+00	-2.494E+03	 7.316E+03
 163.400	 0.000E+00	-2.531E+03	 7.386E+03
 163.450	 0.000E+00	-2.536E+03	 7.446E+03
 163.500	 0.000E+00	-2.507E+03	 7.502E+03
 163.550	 0.000E+00	-2.460E+03	 7.538E+03
 163.600	 0.000E+00	-2.392E+03	 7.562E+03
 163.650	 0.000E+00	-2.301E+03	 7.669E+03
 163.700	 0.000E+00	-2.202E+03	 7.862E+03
 163.750	 0.000E+00	-2.132E+03	 8.087E+03
 163.800	 0.000E+00	-2.079E+03	 8.323E+03
 163.850	 0.000E+00	-2.062E+03	 8.488E+03
 163.900	 0.000E+00	-2.085E+03	 8.509E+03
 163.950	 0.000E+00	-2.129E+03	 8.414E+03
 164.000	 0.000E+00	-2.226E+03	 8.163E+03
 164.050	 0.000E+00	-2.322E+03	 7.900E+03
 164.100	 0.000E+00	-2.409E+03	 7.643E+03
 164.150	 0.000E+00	-2.490E+03	 7.418E+03
 164.200	 0.000E+00	-2.530E+03	 7.277E+03
 164.250	 0.000E+00	-2.536E+03	 7.170E+03
 164.300	 0.000E+00	-2.484E+03	 7.093E+03
 164.350	 0.000E+00	-2.389E+03	 7.029E+03
 164.400	 0.000E+00	-2.211E+03	 6.969E+03
 164.450	 0.000E+00	-1.993E+03	 6.885E+03
 164.500	 0.000E+00	-1.737E+03	 6.762E+03
 164.550	 0.000E+00	-1.439E+03	 6.702E+03
 164.600	 0.000E+00	-1.195E+03	 6.690E+03
 164.650	 0.000E+00	-9.417E+02	 6.741E+03
 164.700	 0.000E+00	-7.428E+02	 6.857E+03
 164.750	 0.000E+00	-5.907E+02	 6.962E+03
 164.800	 0.000E+00	-4.951E+02	 6.971E+03
 164.850	 0.000E+00	-4.381E+02	 6.906E+03
 164.900	 0.000E+00	-4.069E+02	 6.826E+03
 164.950	 0.000E+00	-3.718E+02	 6.739E+03
 165.000	 0.000E+00	-3.148E+02	 6.649E+03
 165.050	 0.000E+00	-2.244E+02	 6.551E+03
 165.100	 0.000E+00	-9.567E+01	 6.432E+03
 165.150	 0.000E+00	 7.589E+01	 6.253E+03
 165.200	 0.000E+00	 2.917E+02	 6.072E+03
 165.250	 0.000E+00	 5.385E+02	 5.880E+03
 165.300	 0.000E+00	 8.090E+02	 5.750E+03
 165.350	 0.000E+00	 1.093E+03	 5.641E+03
 165.400	 0.000E+00	 1.371E+03	 5.556E+03
 165.450	 0.000E+00	 1.645E+03	 5.532E+03
 165.500	 0.000E+00	 1.896E+03	 5.532E+03
 165.550	 0.000E+00	 2.111E+03	 5.556E+03
 165.600	 0.000E+00	 2.296E+03	 5.666E+03
 165.650	 0.000E+00	 2.443E+03	 5.769E+03
 165.700	 0.000E+00	 2.551E+03	 5.833E+03
 165.750	 0.000E+00	 2.636E+03	 5.925E+03
 165.800	 0.000E+00	 2.710E+03	 6.040E+03
 165.850	 0.000E+00	 2.786E+03	 6.297E+03
 165.900	 0.000E+00	 2.874E+03	 6.608E+03
 165.950	 0.000E+00	 2.993E+03	 7.001E+03
 166.000	 0.000E+00	 3.142E+03	 7.401E+03
 166.050	 0.000E+00	 3.324E+03	 7.746E+03
 166.100	 0.000E+00	 3.520E+03	 8.000E+03
 166.150	 0.000E+00	 3.741E+03	 8.173E+03
 166.200	 0.000E+00	 3.973E+03	 8.224E+03
 166.250	 0.000E+00	 4.205E+03	 8.259E+03
 166.300	 0.000E+00	 4.405E+03	 8.277E+03
 166.350	 0.000E+00	 4.582E+03	 8.357E+03
 166.400	 0.000E+00	 4.723E+03	 8.477E+03
 166.450	 0.000E+00	 4.808E+03	 8.606E+03
 166.500	 0.000E+00	 4.823E+03	 8.692E+03
 166.550	 0.000E+00	 4.796E+03	 8.714E+03
 166.600	 0.000E+00	 4.739E+03	 8.550E+03
 166.650	 0.000E+00	 4.641E+03	 8.239E+03
 166.700	 0.000E+00	 4.516E+03	 7.881E+03
 166.750	 0.000E+00	 4.392E+03	 7.569E+03
 166.800	 0.000E+00	 4.255E+03	 7.362E+03
 166.850	 0.000E+00	 4.103E+03	 7.216E+03
 166.900	 0.000E+00	 3.967E+03	 7.179E+03
 166.950	 0.000E+00	 3.842E+03	 7.117E+03
 167.000	 0.000E+00	 3.748E+03	 6.945E+03
 167.050	 0.000E+00	 3.679E+03	 6.643E+03
 167.100	 0.000E+00	 3.642E+03	 6.286E+03
 167.150	 0.000E+00	 3.616E+03	 5.877E+03
 167.200	 0.000E+00	 3.609E+03	 5.482E+03
 167.250	 0.000E+00	 3.602E+03	 5.241E+03
 167.300	 0.000E+00	 3.562E+03	 5.170E+03
 167.350	 0.000E+00	 3.488E+03	 5.220E+03
 167.400	 0.000E+00	 3.393E+03	 5.419E+03
 167.450	 0.000E+00	 3.218E+03	 5.617E+03
 167.500	 0.000E+00	 3.006E+03	 5.755E+03
 167.550	 0.000E+00	 2.782E+03	 5.785E+03
 167.600	 0.000E+00	 2.519E+03	 5.710E+03
 167.650	 0.000E+00	 2.257E+03	 5.616E+03
 167.700	 0.000E+00	 2.015E+03	 5.558E+03
 167.750	 0.000E+00	 1.760E+03	 5.577E+03
 167.800	 0.000E+00	 1.520E+03	 5.720E+03
 167.850	 0.000E+00	 1.315E+03	 5.951E+03
 167.900	 0.000E+00	 1.131E+03	 6.132E+03
 167.950	 0.000E+00	 9.361E+02	 6.265E+03
 168.000	 0.000E+00	 7.867E+02	 6.319E+03
 168.050	 0.000E+00	 6.578E+02	 6.200E+03
 168.100	 0.000E+00	 5.296E+02	 6.006E+03
 168.150	 0.000E+00	 4.109E+02	 5.778E+03
 168.200	 0.000E+00	 3.077E+02	 5.654E+03
 168.250	 0.000E+00	 2.046E+02	 5.664E+03
 168.300	 0.000E+00	 9.182E+01	 5.788E+03
 168.350	 0.000E+00	-1.957E+01	 6.009E+03
 168.400	 0.000E+00	-1.583E+02	 6.257E+03
 168.450	 0.000E+00	-3.358E+02	 6.457E+03
 168.500	 0.000E+00	-5.325E+02	 6.577E+03
 168.550	 0.000E+00	-7.392E+02	 6.634E+03
 168.600	 0.000E+00	-9.649E+02	 6.654E+03
 168.650	 0.000E+00	-1.186E+03	 6.746E+03
 168.700	 0.000E+00	-1.382E+03	 6.920E+03
 168.750	 0.000E+00	-1.567E+03	 7.136E+03
 168.800	 0.000E+00	-1.719E+03	 7.339E+03
 168.850	 0.000E+00	-1.838E+03	 7.486E+03
 168.900	 0.000E+00	-1.912E+03	 7.549E+03
 168.950	 0.000E+00	-1.962E+03	 7.505E+03
 169.000	 0.000E+00	-2.007E+03	 7.361E+03
 169.050	 0.000E+00	-2.038E+03	 7.202E+03
 169.100	 0.000E+00	-2.049E+03	 7.070E+03
 169.150	 0.000E+00	-2.069E+03	 6.958E+03
 169.200	 0.000E+00	-2.097E+03	 6.887E+03
 169.250	 0.000E+00	-2.130E+03	 6.911E+03
 169.300	 0.000E+00	-2.179E+03	 7.046E+03
 169.350	 0.000E+00	-2.252E+03	 7.226E+03
 169.400	 0.000E+00	-2.327E+03	 7.490E+03
 169.450	 0.000E+00	-2.411E+03	 7.779E+03
 169.500	 0.000E+00	-2.500E+03	 8.037E+03
 169.550	 0.000E+00	-2.588E+03	 8.239E+03
 169.600	 0.000E+00	-2.660E+03	 8.393E+03
 169.650	 0.000E+00	-2.716E+03	 8.484E+03
 169.700	 0.000E+00	-2.707E+03	 8.601E+03
 169.750	 0.000E+00	-2.687E+03	 8.741E+03
 169.800	 0.000E+00	-2.664E+03	 8.807E+03
 169.850	 0.000E+00	-2.551E+03	 8.906E+03
 169.900	 0.000E+00	-2.417E+03	 9.034E+03
 169.950	 0.000E+00	-2.240E+03	 9.196E+03
 170.000	 0.000E+00	-2.039E+03	 9.345E+03
 170.050	 0.000E+00	-1.831E+03	 9.516E+03
 170.100	 0.000E+00	-1.671E+03	 9.618E+03
 170.150	 0.000E+00	-1.480E+03	 9.708E+03
 170.200	 0.000E+00	-1.366E+03	 9.668E+03
 170.250	 0.000E+00	-1.271E+03	 9.594E+03
 170.300	 0.000E+00	-1.189E+03	 9.432E+03
 170.350	 0.000E+00	-1.159E+03	 9.236E+03
 170.400	 0.000E+00	-1.141E+03	 9.029E+03
 170.450	 0.000E+00	-1.126E+03	 8.873E+03
 170.500	 0.000E+00	-1.125E+03	 8.710E+03
 170.550	 0.000E+00	-1.081E+03	 8.529E+03
 170.600	 0.000E+00	-1.008E+03	 8.357E+03
 170.650	 0.000E+00	-8.856E+02	 8.176E+03
 170.700	 0.000E+00	-7.196E+02	 8.010E+03
 170.750	 0.000E+00	-4.901E+02	 7.908E+03
 170.800	 0.000E+00	-2.200E+02	 7.881E+03
 170.850	 0.000E+00	 7.881E+01	 7.920E+03
 170.900	 0.000E+00	 3.959E+02	 8.062E+03
 170.950	 0.000E+00	 7.121E+02	 8.185E+03
 171.000	 0.000E+00	 1.025E+03	 8.299E+03
 171.050	 0.000E+00	 1.306E+03	 8.387E+03
 171.100	 0.000E+00	 1.533E+03	 8.429E+03
 171.150	 0.000E+00	 1.719E+03	 8.486E+03
 171.200	 0.000E+00	 1.835E+03	 8.469E+03
 171.250	 0.000E+00	 1.901E+03	 8.361E+03
 171.300	 0.000E+00	 1.945E+03	 8.225E+03
 171.350	 0.000E+00	 1.988E+03	 8.198E+03
 171.400	 0.000E+00	 2.024E+03	 8.251E+03
 171.450	 0.000E+00	 2.083E+03	 8.354E+03
 171.500	 0.000E+00	 2.178E+03	 8.456E+03
 171.550	 0.000E+00	 2.315E+03	 8.520E+03
 171.600	 0.000E+00	 2.493E+03	 8.503E+03
 171.650	 0.000E+00	 2.718E+03	 8.419E+03
 171.700	 0.000E+00	 2.966E+03	 8.300E+03
 171.750	 0.000E+00	 3.243E+03	 8.082E+03
 171.800	 0.000E+00	 3.540E+03	 7.928E+03
 171.850	 0.000E+00	 3.798E+03	 7.796E+03
 171.900	 0.000E+00	 4.010E+03	 7.766E+03
 171.950	 0.000E+00	 4.187E+03	 7.876E+03
 172.000	 0.000E+00	 4.285E+03	 7.976E+03
 172.050	 0.000E+00	 4.320E+03	 8.141E+03
 172.100	 0.000E+00	 4.330E+03	 8.376E+03
 172.150	 0.000E+00	 4.261E+03	 8.493E+03
 172.200	 0.000E+00	 4.136E+03	 8.504E+03
 172.250	 0.000E+00	 4.009E+03	 8.400E+03
 172.300	 0.000E+00	 3.917E+03	 8.240E+03
 172.350	 0.000E+00	 3.843E+03	 7.967E+03
 172.400	 0.000E+00	 3.827E+03	 7.798E+03
 172.450	 0.000E+00	 3.856E+03	 7.759E+03
 172.500	 0.000E+00	 3.914E+03	 7.712E+03
 172.550	 0.000E+00	 4.025E+03	 7.732E+03
 172.600	 0.000E+00	 4.136E+03	 7.785E+03
 172.650	 0.000E+00	 4.238E+03	 7.834E+03
 172.700	 0.000E+00	 4.323E+03	 7.817E+03
 172.750	 0.000E+00	 4.368E+03	 7.763E+03
 172.800	 0.000E+00	 4.373E+03	 7.705E+03
 172.850	 0.000E+00	 4.344E+03	 7.561E+03
 172.900	 0.000E+00	 4.259E+03	 7.406E+03
 172.950	 0.000E+00	 4.117E+03	 7.333E+03
 173.000	 0.000E+00	 3.946E+03	 7.280E+03
 173.050	 0.000E+00	 3.744E+03	 7.271E+03
 173.100	 0.000E+00	 3.506E+03	 7.312E+03
 173.150	 0.000E+00	 3.226E+03	 7.304E+03
 173.200	 0.000E+00	 2.943E+03	 7.235E+03
 173.250	 0.000E+00	 2.648E+03	 7.149E+03
 173.300	 0.000E+00	 2.369E+03	 7.002E+03
 173.350	 0.000E+00	 2.156E+03	 6.868E+03
 173.400	 0.000E+00	 1.987E+03	 6.815E+03
 173.450	 0.000E+00	 1.883E+03	 6.844E+03
 173.500	 0.000E+00	 1.831E+03	 6.998E+03
 173.550	 0.000E+00	 1.771E+03	 7.195E+03
 173.600	 0.000E+00	 1.742E+03	 7.399E+03
 173.650	 0.000E+00	 1.705E+03	 7.595E+03
 173.700	 0.000E+00	 1.648E+03	 7.790E+03
 173.750	 0.000E+00	 1.528E+03	 7.888E+03
 173.800	 0.000E+00	 1.350E+03	 7.871E+03
 173.850	 0.000E+00	 1.114E+03	 7.828E+03
 173.900	 0.000E+00	 8.356E+02	 7.868E+03
 173.950	 0.000E+00	 5.253E+02	 7.987E+03
 174.000	 0.000E+00	 2.254E+02	 8.175E+03
 174.050	 0.000E+00	-7.729E+01	 8.380E+03
 174.100	 0.000E+00	-3.786E+02	 8.534E+03
 174.150	 0.000E+00	-6.616E+02	 8.546E+03
 174.200	 0.000E+00	-8.871E+02	 8.477E+03
 174.250	 0.000E+00	-1.071E+03	 8.309E+03
 174.300	 0.000E+00	-1.212E+03	 8.069E+03
 174.350	 0.000E+00	-1.318E+03	 7.876E+03
 174.400	 0.000E+00	-1.403E+03	 7.738E+03
 174.450	 0.000E+00	-1.494E+03	 7.661E+03
 174.500	 0.000E+00	-1.575E+03	 7.618E+03
 174.550	 0.000E+00	-1.650E+03	 7.595E+03
 174.600	 0.000E+00	-1.737E+03	 7.560E+03
 174.650	 0.000E+00	-1.851E+03	 7.460E+03
 174.700	 0.000E+00	-1.977E+03	 7.268E+03
 174.750	 0.000E+00	-2.115E+03	 6.993E+03
 174.800	 0.000E+00	-2.265E+03	 6.714E+03
 174.850	 0.000E+00	-2.421E+03	 6.553E+03
 174.900	 0.000E+00	-2.581E+03	 6.544E+03
 174.950	 0.000E+00	-2.728E+03	 6.694E+03
 175.000	 0.000E+00	-2.857E+03	 6.952E+03
 175.050	 0.000E+00	-2.954E+03	 7.267E+03
 175.100	 0.000E+00	-3.018E+03	 7.608E+03
 175.150	 0.000E+00	-3.040E+03	 7.939E+03
 175.200	 0.000E+00	-3.003E+03	 8.168E+03
 175.250	 0.000E+00	-2.893E+03	 8.334E+03
 175.300	 0.000E+00	-2.748E+03	 8.452E+03
 175.350	 0.000E+00	-2.554E+03	 8.587E+03
 175.400	 0.000E+00	-2.342E+03	 8.775E+03
 175.450	 0.000E+00	-2.102E+03	 9.092E+03
 175.500	 0.000E+00	-1.875E+03	 9.404E+03
 175.550	 0.000E+00	-1.671E+03	 9.713E+03
 175.600	 0.000E+00	-1.518E+03	 9.979E+03
 175.650	 0.000E+00	-1.408E+03	 1.014E+04
 175.700	 0.000E+00	-1.338E+03	 1.016E+04
 175.750	 0.000E+00	-1.293E+03	 1.013E+04
 175.800	 0.000E+00	-1.270E+03	 1.010E+04
 175.850	 0.000E+00	-1.259E+03	 1.012E+04
 175.900	 0.000E+00	-1.219E+03	 1.022E+04
 175.950	 0.000E+00	-1.167E+03	 1.035E+04
 176.000	 0.000E+00	-1.063E+03	 1.051E+04
 176.050	 0.000E+00	-8.968E+02	 1.066E+04
 176.100	 0.000E+00	-7.071E+02	 1.076E+04
 176.150	 0.000E+00	-4.818E+02	 1.076E+04
 176.200	 0.000E+00	-2.230E+02	 1.061E+04
 176.250	 0.000E+00	 6.499E+01	 1.036E+04
 176.300	 0.000E+00	 3.659E+02	 1.004E+04
 176.350	 0.000E+00	 6.499E+02	 9.782E+03
 176.400	 0.000E+00	 9.371E+02	 9.656E+03
 176.450	 0.000E+00	 1.200E+03	 9.695E+03
 176.500	 0.000E+00	 1.411E+03	 9.782E+03
 176.550	 0.000E+00	 1.602E+03	 9.850E+03
 176.600	 0.000E+00	 1.754E+03	 9.872E+03
 176.650	 0.000E+00	 1.871E+03	 9.794E+03
 176.700	 0.000E+00	 1.975E+03	 9.674E+03
 176.750	 0.000E+00	 2.048E+03	 9.540E+03
 176.800	 0.000E+00	 2.108E+03	 9.422E+03
 176.850	 0.000E+00	 2.189E+03	 9.341E+03
 176.900	 0.000E+00	 2.268E+03	 9.220E+03
 176.950	 0.000E+00	 2.348E+03	 9.074E+03
 177.000	 0.000E+00	 2.500E+03	 8.951E+03
 177.050	 0.000E+00	 2.681E+03	 8.752E+03
 177.100	 0.000E+00	 2.887E+03	 8.566E+03
 177.150	 0.000E+00	 3.147E+03	 8.427E+03
 177.200	 0.000E+00	 3.388E+03	 8.255E+03
 177.250	 0.000E+00	 3.630E+03	 8.150E+03
 177.300	 0.000E+00	 3.874E+03	 8.104E+03
 177.350	 0.000E+00	 4.079E+03	 8.086E+03
 177.400	 0.000E+00	 4.210E+03	 8.090E+03
 177.450	 0.000E+00	 4.304E+03	 8.099E+03
 177.500	 0.000E+00	 4.364E+03	 8.188E+03
 177.550	 0.000E+00	 4.365E+03	 8.270E+03
 177.600	 0.000E+00	 4.323E+03	 8.342E+03
 177.650	 0.000E+00	 4.277E+03	 8.489E+03
 177.700	 0.000E+00	 4.206E+03	 8.592E+03
 177.750	 0.000E+00	 4.133E+03	 8.670E+03
 177.800	 0.000E+00	 4.099E+03	 8.779E+03
 177.850	 0.000E+00	 4.078E+03	 8.749E+03
 177.900	 0.000E+00	 4.115E+03	 8.716E+03
 177.950	 0.000E+00	 4.155E+03	 8.612E+03
 178.000	 0.000E+00	 4.199E+03	 8.559E+03
 178.050	 0.000E+00	 4.240E+03	 8.455E+03
 178.100	 0.000E+00	 4.262E+03	 8.285E+03
 178.150	 0.000E+00	 4.248E+03	 8.069E+03
 178.200	 0.000E+00	 4.204E+03	 7.805E+03
 178.250	 0.000E+00	 4.134E+03	 7.631E+03
 178.300	 0.000E+00	 4.028E+03	 7.575E+03
 178.350	 0.000E+00	 3.891E+03	 7.557E+03
 178.400	 0.000E+00	 3.759E+03	 7.571E+03
 178.450	 0.000E+00	 3.598E+03	 7.598E+03
 178.500	 0.000E+00	 3.426E+03	 7.559E+03
 178.550	 0.000E+00	 3.271E+03	 7.493E+03
 178.600	 0.000E+00	 3.080E+03	 7.351E+03
 178.650	 0.000E+00	 2.898E+03	 7.218E+03
 178.700	 0.000E+00	 2.726E+03	 7.101E+03
 178.750	 0.000E+00	 2.544E+03	 7.148E+03
 178.800	 0.000E+00	 2.366E+03	 7.299E+03
 178.850	 0.000E+00	 2.197E+03	 7.464E+03
 178.900	 0.000E+00	 2.039E+03	 7.588E+03
 178.950	 0.000E+00	 1.889E+03	 7.573E+03
 179.000	 0.000E+00	 1.727E+03	 7.419E+03
 179.050	 0.000E+00	 1.558E+03	 7.112E+03
 179.100	 0.000E+00	 1.364E+03	 6.819E+03
 179.150	 0.000E+00	 1.143E+03	 6.575E+03
 179.200	 0.000E+00	 9.171E+02	 6.441E+03
 179.250	 0.000E+00	 6.552E+02	 6.463E+03
 179.300	 0.000E+00	 3.635E+02	 6.603E+03
 179.350	 0.000E+00	 2.842E+01	 6.746E+03
 179.400	 0.000E+00	-2.765E+02	 6.800E+03
 179.450	 0.000E+00	-5.783E+02	 6.688E+03
 179.500	 0.000E+00	-8.564E+02	 6.452E+03
 179.550	 0.000E+00	-1.073E+03	 6.170E+03
 179.600	 0.000E+00	-1.270E+03	 5.910E+03
 179.650	 0.000E+00	-1.446E+03	 5.772E+03
 179.700	 0.000E+00	-1.551E+03	 5.800E+03
 179.750	 0.000E+00	-1.675E+03	 5.985E+03
 179.800	 0.000E+00	-1.825E+03	 6.260E+03
 179.850	 0.000E+00	-1.968E+03	 6.531E+03
 179.900	 0.000E+00	-2.106E+03	 6.752E+03
 179.950	 0.000E+00	-2.263E+03	 6.853E+03
 180.000	 0.000E+00	-2.411E+03	 6.802E+03
 180.050	 0.000E+00	-2.534E+03	 6.644E+03
 180.100	 0.000E+00	-2.635E+03	 6.423E+03
 180.150	 0.000E+00	-2.694E+03	 6.248E+03
 180.200	 0.000E+00	-2.705E+03	 6.250E+03
 180.250	 0.000E+00	-2.729E+03	 6.366E+03
 180.300	 0.000E+00	-2.752E+03	 6.588E+03
 180.350	 0.000E+00	-2.792E+03	 6.841E+03
 180.400	 0.000E+00	-2.847E+03	 7.050E+03
 180.450	 0.000E+00	-2.923E+03	 7.071E+03
 180.500	 0.000E+00	-3.005E+03	 6.947E+03
 180.550	 0.000E+00	-3.076E+03	 6.759E+03
 180.600	 0.000E+00	-3.119E+03	 6.540E+03
 180.650	 0.000E+00	-3.113E+03	 6.394E+03
 180.700	 0.000E+00	-3.030E+03	 6.335E+03
 180.750	 0.000E+00	-2.867E+03	 6.419E+03
 180.800	 0.000E+00	-2.636E+03	 6.671E+03
 180.850	 0.000E+00	-2.392E+03	 7.107E+03
 180.900	 0.000E+00	-2.133E+03	 7.699E+03
 180.950	 0.000E+00	-1.888E+03	 8.370E+03
 181.000	 0.000E+00	-1.679E+03	 9.076E+03
 181.050	 0.000E+00	-1.520E+03	 9.662E+03
 181.100	 0.000E+00	-1.392E+03	 1.008E+04
 181.150	 0.000E+00	-1.305E+03	 1.038E+04
 181.200	 0.000E+00	-1.221E+03	 1.053E+04
 181.250	 0.000E+00	-1.112E+03	 1.059E+04
 181.300	 0.000E+00	-9.783E+02	 1.065E+04
 181.350	 0.000E+00	-8.408E+02	 1.071E+04
 181.400	 0.000E+00	-6.112E+02	 1.079E+04
 181.450	 0.000E+00	-3.598E+02	 1.089E+04
 181.500	 0.000E+00	-6.684E+01	 1.096E+04
 181.550	 0.000E+00	 2.443E+02	 1.100E+04
 181.600	 0.000E+00	 5.491E+02	 1.105E+04
 181.650	 0.000E+00	 8.476E+02	 1.114E+04
 181.700	 0.000E+00	 1.133E+03	 1.123E+04
 181.750	 0.000E+00	 1.424E+03	 1.128E+04
 181.800	 0.000E+00	 1.684E+03	 1.128E+04
 181.850	 0.000E+00	 1.923E+03	 1.116E+04
 181.900	 0.000E+00	 2.121E+03	 1.093E+04
 181.950	 0.000E+00	 2.297E+03	 1.071E+04
 182.000	 0.000E+00	 2.439E+03	 1.053E+04
 182.050	 0.000E+00	 2.569E+03	 1.042E+04
 182.100	 0.000E+00	 2.667E+03	 1.029E+04
 182.150	 0.000E+00	 2.736E+03	 1.017E+04
 182.200	 0.000E+00	 2.792E+03	 1.008E+04
 182.250	 0.000E+00	 2.842E+03	 1.001E+04
 182.300	 0.000E+00	 2.900E+03	 9.945E+03
 182.350	 0.000E+00	 2.980E+03	 9.850E+03
 182.400	 0.000E+00	 3.120E+03	 9.721E+03
 182.450	 0.000E+00	 3.330E+03	 9.504E+03
 182.500	 0.000E+00	 3.568E+03	 9.167E+03
 182.550	 0.000E+00	 3.818E+03	 8.818E+03
 182.600	 0.000E+00	 4.065E+03	 8.529E+03
 182.650	 0.000E+00	 4.306E+03	 8.368E+03
 182.700	 0.000E+00	 4.535E+03	 8.389E+03
 182.750	 0.000E+00	 4.698E+03	 8.517E+03
 182.800	 0.000E+00	 4.781E+03	 8.736E+03
 182.850	 0.000E+00	 4.795E+03	 8.973E+03
 182.900	 0.000E+00	 4.741E+03	 9.162E+03
 182.950	 0.000E+00	 4.647E+03	 9.259E+03
 183.000	 0.000E+00	 4.550E+03	 9.251E+03
 183.050	 0.000E+00	 4.460E+03	 9.132E+03
 183.100	 0.000E+00	 4.370E+03	 8.940E+03
 183.150	 0.000E+00	 4.320E+03	 8.823E+03
 183.200	 0.000E+00	 4.261E+03	 8.729E+03
 183.250	 0.000E+00	 4.236E+03	 8.776E+03
 183.300	 0.000E+00	 4.199E+03	 8.794E+03
 183.350	 0.000E+00	 4.158E+03	 8.753E+03
 183.400	 0.000E+00	 4.120E+03	 8.632E+03
 183.450	 0.000E+00	 4.090E+03	 8.383E+03
 183.500	 0.000E+00	 4.052E+03	 7.987E+03
 183.550	 0.000E+00	 4.022E+03	 7.568E+03
 183.600	 0.000E+00	 3.996E+03	 7.215E+03
 183.650	 0.000E+00	 3.968E+03	 6.954E+03
 183.700	 0.000E+00	 3.945E+03	 6.789E+03
 183.750	 0.000E+00	 3.903E+03	 6.793E+03
 183.800	 0.000E+00	 3.795E+03	 6.861E+03
 183.850	 0.000E+00	 3.624E+03	 6.947E+03
 183.900	 0.000E+00	 3.409E+03	 7.031E+03
 183.950	 0.000E+00	 3.131E+03	 7.077E+03
 184.000	 0.000E+00	 2.834E+03	 7.014E+03
 184.050	 0.000E+00	 2.530E+03	 6.872E+03
 184.100	 0.000E+00	 2.240E+03	 6.667E+03
 184.150	 0.000E+00	 1.980E+03	 6.481E+03
 184.200	 0.000E+00	 1.755E+03	 6.415E+03
 184.250	 0.000E+00	 1.578E+03	 6.521E+03
 184.300	 0.000E+00	 1.450E+03	 6.728E+03
 184.350	 0.000E+00	 1.317E+03	 6.984E+03
 184.400	 0.000E+00	 1.197E+03	 7.183E+03
 184.450	 0.000E+00	 1.058E+03	 7.341E+03
 184.500	 0.000E+00	 8.761E+02	 7.389E+03
 184.550	 0.000E+00	 6.656E+02	 7.253E+03
 184.600	 0.000E+00	 4.468E+02	 6.964E+03
 184.650	 0.000E+00	 1.938E+02	 6.554E+03
 184.700	 0.000E+00	-7.352E+01	 6.086E+03
 184.750	 0.000E+00	-3.334E+02	 5.706E+03
 184.800	 0.000E+00	-5.796E+02	 5.530E+03
 184.850	 0.000E+00	-8.149E+02	 5.546E+03
 184.900	 0.000E+00	-1.029E+03	 5.755E+03
 184.950	 0.000E+00	-1.246E+03	 6.000E+03
 185.000	 0.000E+00	-1.468E+03	 6.141E+03
 185.050	 0.000E+00	-1.699E+03	 6.109E+03
 185.100	 0.000E+00	-1.922E+03	 5.901E+03
 185.150	 0.000E+00	-2.117E+03	 5.626E+03
 185.200	 0.000E+00	-2.301E+03	 5.319E+03
 185.250	 0.000E+00	-2.458E+03	 5.114E+03
 185.300	 0.000E+00	-2.550E+03	 5.130E+03
 185.350	 0.000E+00	-2.601E+03	 5.395E+03
 185.400	 0.000E+00	-2.623E+03	 5.794E+03
 185.450	 0.000E+00	-2.621E+03	 6.198E+03
 185.500	 0.000E+00	-2.604E+03	 6.504E+03
 185.550	 0.000E+00	-2.595E+03	 6.692E+03
 185.600	 0.000E+00	-2.613E+03	 6.677E+03
 185.650	 0.000E+00	-2.657E+03	 6.553E+03
 185.700	 0.000E+00	-2.740E+03	 6.379E+03
 185.750	 0.000E+00	-2.830E+03	 6.246E+03
 185.800	 0.000E+00	-2.911E+03	 6.308E+03
 185.850	 0.000E+00	-2.981E+03	 6.549E+03
 185.900	 0.000E+00	-3.025E+03	 6.869E+03
 185.950	 0.000E+00	-3.027E+03	 7.268E+03
 186.000	 0.000E+00	-2.994E+03	 7.638E+03
 186.050	 0.000E+00	-2.912E+03	 7.897E+03
 186.100	 0.000E+00	-2.781E+03	 8.038E+03
 186.150	 0.000E+00	-2.611E+03	 8.144E+03
 186.200	 0.000E+00	-2.400E+03	 8.229E+03
 186.250	 0.000E+00	-2.149E+03	 8.399E+03
 186.300	 0.000E+00	-1.883E+03	 8.756E+03
 186.350	 0.000E+00	-1.622E+03	 9.250E+03
 186.400	 0.000E+00	-1.353E+03	 9.794E+03
 186.450	 0.000E+00	-1.103E+03	 1.031E+04
 186.500	 0.000E+00	-8.842E+02	 1.063E+04
 186.550	 0.000E+00	-6.901E+02	 1.078E+04
 186.600	 0.000E+00	-5.413E+02	 1.083E+04
 186.650	 0.000E+00	-4.513E+02	 1.079E+04
 186.700	 0.000E+00	-3.734E+02	 1.067E+04
 186.750	 0.000E+00	-3.238E+02	 1.050E+04
 186.800	 0.000E+00	-2.535E+02	 1.037E+04
 186.850	 0.000E+00	-1.768E+02	 1.022E+04
 186.900	 0.000E+00	-2.626E+01	 1.015E+04
 186.950	 0.000E+00	 1.432E+02	 1.019E+04
 187.000	 0.000E+00	 3.592E+02	 1.028E+04
 187.050	 0.000E+00	 6.401E+02	 1.038E+04
 187.100	 0.000E+00	 9.327E+02	 1.036E+04
 187.150	 0.000E+00	 1.222E+03	 1.022E+04
 187.200	 0.000E+00	 1.541E+03	 1.002E+04
 187.250	 0.000E+00	 1.850E+03	 9.789E+03
 187.300	 0.000E+00	 2.134E+03	 9.646E+03
 187.350	 0.000E+00	 2.396E+03	 9.554E+03
 187.400	 0.000E+00	 2.623E+03	 9.490E+03
 187.450	 0.000E+00	 2.783E+03	 9.449E+03
 187.500	 0.000E+00	 2.920E+03	 9.417E+03
 187.550	 0.000E+00	 3.018E+03	 9.442E+03
 187.600	 0.000E+00	 3.042E+03	 9.432E+03
 187.650	 0.000E+00	 3.066E+03	 9.387E+03
 187.700	 0.000E+00	 3.117E+03	 9.245E+03
 187.750	 0.000E+00	 3.190E+03	 9.055E+03
 187.800	 0.000E+00	 3.297E+03	 8.846E+03
 187.850	 0.000E+00	 3.447E+03	 8.703E+03
 187.900	 0.000E+00	 3.616E+03	 8.621E+03
 187.950	 0.000E+00	 3.806E+03	 8.640E+03
 188.000	 0.000E+00	 4.026E+03	 8.733E+03
 188.050	 0.000E+00	 4.234E+03	 8.823E+03
 188.100	 0.000E+00	 4.397E+03	 8.886E+03
 188.150	 0.000E+00	 4.528E+03	 8.931E+03
 188.200	 0.000E+00	 4.620E+03	 8.901E+03
 188.250	 0.000E+00	 4.673E+03	 8.758E+03
 188.300	 0.000E+00	 4.708E+03	 8.546E+03
 188.350	 0.000E+00	 4.732E+03	 8.363E+03
 188.400	 0.000E+00	 4.724E+03	 8.239E+03
 188.450	 0.000E+00	 4.693E+03	 8.248E+03
 188.500	 0.000E+00	 4.624E+03	 8.429E+03
 188.550	 0.000E+00	 4.531E+03	 8.706E+03
 188.600	 0.000E+00	 4.418E+03	 8.917E+03
 188.650	 0.000E+00	 4.325E+03	 9.088E+03
 188.700	 0.000E+00	 4.218E+03	 8.991E+03
 188.750	 0.000E+00	 4.152E+03	 8.696E+03
 188.800	 0.000E+00	 4.094E+03	 8.289E+03
 188.850	 0.000E+00	 4.028E+03	 7.912E+03
 188.900	 0.000E+00	 3.995E+03	 7.652E+03
 188.950	 0.000E+00	 3.960E+03	 7.497E+03
 189.000	 0.000E+00	 3.933E+03	 7.447E+03
 189.050	 0.000E+00	 3.898E+03	 7.358E+03
 189.100	 0.000E+00	 3.845E+03	 7.199E+03
 189.150	 0.000E+00	 3.735E+03	 7.005E+03
 189.200	 0.000E+00	 3.583E+03	 6.753E+03
 189.250	 0.000E+00	 3.392E+03	 6.470E+03
 189.300	 0.000E+00	 3.163E+03	 6.192E+03
 189.350	 0.000E+00	 2.905E+03	 5.851E+03
 189.400	 0.000E+00	 2.637E+03	 5.473E+03
 189.450	 0.000E+00	 2.351E+03	 5.159E+03
 189.500	 0.000E+00	 2.053E+03	 4.964E+03
 189.550	 0.000E+00	 1.778E+03	 4.897E+03
 189.600	 0.000E+00	 1.523E+03	 4.959E+03
 189.650	 0.000E+00	 1.272E+03	 5.042E+03
 189.700	 0.000E+00	 1.048E+03	 5.149E+03
 189.750	 0.000E+00	 8.442E+02	 5.221E+03
 189.800	 0.000E+00	 6.638E+02	 5.259E+03
 189.850	 0.000E+00	 5.121E+02	 5.282E+03
 189.900	 0.000E+00	 3.655E+02	 5.341E+03
 189.950	 0.000E+00	 2.075E+02	 5.420E+03
 190.000	 0.000E+00	 5.487E+01	 5.488E+03
 190.050	 0.000E+00	-9.701E+01	 5.548E+03
 190.100	 0.000E+00	-2.823E+02	 5.540E+03
 190.150	 0.000E+00	-4.790E+02	 5.540E+03
 190.200	 0.000E+00	-6.919E+02	 5.583E+03
 190.250	 0.000E+00	-9.270E+02	 5.708E+03
 190.300	 0.000E+00	-1.170E+03	 5.845E+03
 190.350	 0.000E+00	-1.403E+03	 5.916E+03
 190.400	 0.000E+00	-1.644E+03	 5.878E+03
 190.450	 0.000E+00	-1.882E+03	 5.741E+03
 190.500	 0.000E+00	-2.094E+03	 5.543E+03
 190.550	 0.000E+00	-2.274E+03	 5.366E+03
 190.600	 0.000E+00	-2.406E+03	 5.264E+03
 190.650	 0.000E+00	-2.494E+03	 5.221E+03
 190.700	 0.000E+00	-2.573E+03	 5.211E+03
 190.750	 0.000E+00	-2.640E+03	 5.210E+03
 190.800	 0.000E+00	-2.677E+03	 5.206E+03
 190.850	 0.000E+00	-2.693E+03	 5.191E+03
 190.900	 0.000E+00	-2.712E+03	 5.122E+03
 190.950	 0.000E+00	-2.740E+03	 5.104E+03
 191.000	 0.000E+00	-2.771E+03	 5.156E+03
 191.050	 0.000E+00	-2.802E+03	 5.265E+03
 191.100	 0.000E+00	-2.843E+03	 5.414E+03
 191.150	 0.000E+00	-2.876E+03	 5.649E+03
 191.200	 0.000E+00	-2.917E+03	 5.920E+03
 191.250	 0.000E+00	-2.967E+03	 6.138E+03
 191.300	 0.000E+00	-3.011E+03	 6.243E+03
 191.350	 0.000E+00	-3.052E+03	 6.258E+03
 191.400	 0.000E+00	-3.070E+03	 6.260E+03
 191.450	 0.000E+00	-3.069E+03	 6.256E+03
 191.500	 0.000E+00	-3.018E+03	 6.361E+03
 191.550	 0.000E+00	-2.927E+03	 6.565E+03
 191.600	 0.000E+00	-2.792E+03	 6.813E+03
 191.650	 0.000E+00	-2.624E+03	 7.059E+03
 191.700	 0.000E+00	-2.430E+03	 7.292E+03
 191.750	 0.000E+00	-2.221E+03	 7.440E+03
 191.800	 0.000E+00	-1.996E+03	 7.556E+03
 191.850	 0.000E+00	-1.765E+03	 7.666E+03
 191.900	 0.000E+00	-1.544E+03	 7.840E+03
 191.950	 0.000E+00	-1.333E+03	 8.010E+03
 192.000	 0.000E+00	-1.121E+03	 8.273E+03
 192.050	 0.000E+00	-9.208E+02	 8.581E+03
 192.100	 0.000E+00	-7.279E+02	 8.912E+03
 192.150	 0.000E+00	-5.415E+02	 9.194E+03
 192.200	 0.000E+00	-3.878E+02	 9.408E+03
 192.250	 0.000E+00	-2.238E+02	 9.532E+03
 192.300	 0.000E+00	-5.296E+01	 9.546E+03
 192.350	 0.000E+00	 1.141E+02	 9.554E+03
 192.400	 0.000E+00	 3.224E+02	 9.572E+03
 192.450	 0.000E+00	 5.711E+02	 9.652E+03
 192.500	 0.000E+00	 8.286E+02	 9.767E+03
 192.550	 0.000E+00	 1.104E+03	 9.861E+03
 192.600	 0.000E+00	 1.397E+03	 9.971E+03
 192.650	 0.000E+00	 1.702E+03	 1.013E+04
 192.700	 0.000E+00	 1.990E+03	 1.015E+04
 192.750	 0.000E+00	 2.299E+03	 1.019E+04
 192.800	 0.000E+00	 2.580E+03	 1.025E+04
 192.850	 0.000E+00	 2.852E+03	 1.029E+04
 192.900	 0.000E+00	 3.120E+03	 1.036E+04
 192.950	 0.000E+00	 3.345E+03	 1.042E+04
 193.000	 0.000E+00	 3.516E+03	 1.044E+04
 193.050	 0.000E+00	 3.652E+03	 1.045E+04
 193.100	 0.000E+00	 3.746E+03	 1.041E+04
 193.150	 0.000E+00	 3.792E+03	 1.028E+04
 193.200	 0.000E+00	 3.826E+03	 1.012E+04
 193.250	 0.000E+00	 3.855E+03	 9.975E+03
 193.300	 0.000E+00	 3.877E+03	 9.822E+03
 193.350	 0.000E+00	 3.939E+03	 9.758E+03
 193.400	 0.000E+00	 4.052E+03	 9.767E+03
 193.450	 0.000E+00	 4.215E+03	 9.799E+03
 193.500	 0.000E+00	 4.408E+03	 9.813E+03
 193.550	 0.000E+00	 4.607E+03	 9.844E+03
 193.600	 0.000E+00	 4.793E+03	 9.921E+03
 193.650	 0.000E+00	 4.949E+03	 9.956E+03
 193.700	 0.000E+00	 5.062E+03	 9.895E+03
 193.750	 0.000E+00	 5.107E+03	 9.703E+03
 193.800	 0.000E+00	 5.107E+03	 9.462E+03
 193.850	 0.000E+00	 5.048E+03	 9.095E+03
 193.900	 0.000E+00	 4.954E+03	 8.713E+03
 193.950	 0.000E+00	 4.843E+03	 8.408E+03
 194.000	 0.000E+00	 4.699E+03	 8.125E+03
 194.050	 0.000E+00	 4.537E+03	 7.847E+03
 194.100	 0.000E+00	 4.368E+03	 7.579E+03
 194.150	 0.000E+00	 4.213E+03	 7.302E+03
 194.200	 0.000E+00	 4.077E+03	 6.914E+03
 194.250	 0.000E+00	 3.965E+03	 6.399E+03
 194.300	 0.000E+00	 3.889E+03	 5.985E+03
 194.350	 0.000E+00	 3.835E+03	 5.716E+03
 194.400	 0.000E+00	 3.812E+03	 5.609E+03
 194.450	 0.000E+00	 3.790E+03	 5.630E+03
 194.500	 0.000E+00	 3.750E+03	 5.677E+03
 194.550	 0.000E+00	 3.707E+03	 5.664E+03
 194.600	 0.000E+00	 3.620E+03	 5.608E+03
 194.650	 0.000E+00	 3.479E+03	 5.515E+03
 194.700	 0.000E+00	 3.311E+03	 5.356E+03
 194.750	 0.000E+00	 3.113E+03	 5.199E+03
 194.800	 0.000E+00	 2.861E+03	 5.045E+03
 194.850	 0.000E+00	 2.591E+03	 4.934E+03
 194.900	 0.000E+00	 2.328E+03	 4.930E+03
 194.950	 0.000E+00	 2.043E+03	 5.028E+03
 195.000	 0.000E+00	 1.770E+03	 5.131E+03
 195.050	 0.000E+00	 1.543E+03	 5.188E+03
 195.100	 0.000E+00	 1.343E+03	 5.165E+03
 195.150	 0.000E+00	 1.155E+03	 5.084E+03
 195.200	 0.000E+00	 1.017E+03	 4.945E+03
 195.250	 0.000E+00	 9.087E+02	 4.836E+03
 195.300	 0.000E+00	 7.937E+02	 4.773E+03
 195.350	 0.000E+00	 6.771E+02	 4.736E+03
 195.400	 0.000E+00	 5.437E+02	 4.699E+03
 195.450	 0.000E+00	 3.681E+02	 4.627E+03
 195.500	 0.000E+00	 1.863E+02	 4.576E+03
 195.550	 0.000E+00	 4.100E+00	 4.441E+03
 195.600	 0.000E+00	-2.153E+02	 4.290E+03
 195.650	 0.000E+00	-4.626E+02	 4.143E+03
 195.700	 0.000E+00	-6.972E+02	 3.998E+03
 195.750	 0.000E+00	-9.330E+02	 3.869E+03
 195.800	 0.000E+00	-1.193E+03	 3.785E+03
 195.850	 0.000E+00	-1.451E+03	 3.781E+03
 195.900	 0.000E+00	-1.690E+03	 3.902E+03
 195.950	 0.000E+00	-1.927E+03	 4.086E+03
 196.000	 0.000E+00	-2.146E+03	 4.247E+03
 196.050	 0.000E+00	-2.321E+03	 4.359E+03
 196.100	 0.000E+00	-2.475E+03	 4.386E+03
 196.150	 0.000E+00	-2.616E+03	 4.338E+03
 196.200	 0.000E+00	-2.712E+03	 4.278E+03
 196.250	 0.000E+00	-2.759E+03	 4.256E+03
 196.300	 0.000E+00	-2.785E+03	 4.291E+03
 196.350	 0.000E+00	-2.803E+03	 4.374E+03
 196.400	 0.000E+00	-2.830E+03	 4.438E+03
 196.450	 0.000E+00	-2.866E+03	 4.489E+03
 196.500	 0.000E+00	-2.927E+03	 4.507E+03
 196.550	 0.000E+00	-3.021E+03	 4.512E+03
 196.600	 0.000E+00	-3.144E+03	 4.501E+03
 196.650	 0.000E+00	-3.274E+03	 4.536E+03
 196.700	 0.000E+00	-3.393E+03	 4.651E+03
 196.750	 0.000E+00	-3.500E+03	 4.834E+03
 196.800	 0.000E+00	-3.581E+03	 5.072E+03
 196.850	 0.000E+00	-3.616E+03	 5.326E+03
 196.900	 0.000E+00	-3.614E+03	 5.436E+03
 196.950	 0.000E+00	-3.542E+03	 5.450E+03
 197.000	 0.000E+00	-3.420E+03	 5.439E+03
 197.050	 0.000E+00	-3.283E+03	 5.324E+03
 197.100	 0.000E+00	-3.111E+03	 5.173E+03
 197.150	 0.000E+00	-2.931E+03	 5.123E+03
 197.200	 0.000E+00	-2.750E+03	 5.157E+03
 197.250	 0.000E+00	-2.587E+03	 5.277E+03
 197.300	 0.000E+00	-2.416E+03	 5.421E+03
 197.350	 0.000E+00	-2.264E+03	 5.634E+03
 197.400	 0.000E+00	-2.125E+03	 5.900E+03
 197.450	 0.000E+00	-1.977E+03	 6.249E+03
 197.500	 0.000E+00	-1.818E+03	 6.635E+03
 197.550	 0.000E+00	-1.630E+03	 7.041E+03
 197.600	 0.000E+00	-1.419E+03	 7.487E+03
 197.650	 0.000E+00	-1.187E+03	 7.973E+03
 197.700	 0.000E+00	-9.412E+02	 8.498E+03
 197.750	 0.000E+00	-6.667E+02	 9.126E+03
 197.800	 0.000E+00	-3.915E+02	 9.674E+03
 197.850	 0.000E+00	-1.249E+02	 1.006E+04
 197.900	 0.000E+00	 1.322E+02	 1.025E+04
 197.950	 0.000E+00	 4.036E+02	 1.034E+04
 198.000	 0.000E+00	 6.529E+02	 1.035E+04
 198.050	 0.000E+00	 9.259E+02	 1.033E+04
 198.100	 0.000E+00	 1.189E+03	 1.040E+04
 198.150	 0.000E+00	 1.431E+03	 1.055E+04
 198.200	 0.000E+00	 1.701E+03	 1.075E+04
 198.250	 0.000E+00	 1.969E+03	 1.089E+04
 198.300	 0.000E+00	 2.208E+03	 1.101E+04
 198.350	 0.000E+00	 2.470E+03	 1.106E+04
 198.400	 0.000E+00	 2.745E+03	 1.101E+04
 198.450	 0.000E+00	 2.997E+03	 1.087E+04
 198.500	 0.000E+00	 3.225E+03	 1.078E+04
 198.550	 0.000E+00	 3.423E+03	 1.075E+04
 198.600	 0.000E+00	 3.566E+03	 1.081E+04
 198.650	 0.000E+00	 3.676E+03	 1.093E+04
 198.700	 0.000E+00	 3.768E+03	 1.104E+04
 198.750	 0.000E+00	 3.830E+03	 1.108E+04
 198.800	 0.000E+00	 3.871E+03	 1.101E+04
 198.850	 0.000E+00	 3.923E+03	 1.084E+04
 198.900	 0.000E+00	 3.993E+03	 1.058E+04
 198.950	 0.000E+00	 4.056E+03	 1.025E+04
 199.000	 0.000E+00	 4.127E+03	 9.926E+03
 199.050	 0.000E+00	 4.237E+03	 9.687E+03
 199.100	 0.000E+00	 4.370E+03	 9.488E+03
 199.150	 0.000E+00	 4.531E+03	 9.372E+03
 199.200	 0.000E+00	 4.708E+03	 9.327E+03
 199.250	 0.000E+00	 4.890E+03	 9.390E+03
 199.300	 0.000E+00	 5.027E+03	 9.397E+03
 199.350	 0.000E+00	 5.114E+03	 9.343E+03
 199.400	 0.000E+00	 5.147E+03	 9.232E+03
 199.450	 0.000E+00	 5.142E+03	 9.128E+03
 199.500	 0.000E+00	 5.092E+03	 9.013E+03
 199.550	 0.000E+00	 5.008E+03	 8.913E+03
 199.600	 0.000E+00	 4.888E+03	 8.797E+03
 199.650	 0.000E+00	 4.740E+03	 8.660E+03
 199.700	 0.000E+00	 4.585E+03	 8.524E+03
 199.750	 0.000E+00	 4.440E+03	 8.440E+03
 199.800	 0.000E+00	 4.296E+03	 8.281E+03
 199.850	 0.000E+00	 4.166E+03	 8.035E+03
 199.900	 0.000E+00	 4.042E+03	 7.694E+03
 199.950	 0.000E+00	 3.955E+03	 7.342E+03
 200.000	 0.000E+00	 3.886E+03	 7.026E+03
 200.050	 0.000E+00	 3.859E+03	 6.815E+03
 200.100	 0.000E+00	 3.842E+03	 6.720E+03
 200.150	 0.000E+00	 3.817E+03	 6.723E+03
 200.200	 0.000E+00	 3.799E+03	 6.812E+03
 200.250	 0.000E+00	 3.752E+03	 6.985E+03
 200.300	 0.000E+00	 3.673E+03	 7.166E+03
 200.350	 0.000E+00	 3.543E+03	 7.256E+03
 200.400	 0.000E+00	 3.358E+03	 7.215E+03
 200.450	 0.000E+00	 3.116E+03	 7.090E+03
 200.500	 0.000E+00	 2.846E+03	 6.949E+03
 200.550	 0.000E+00	 2.575E+03	 6.936E+03
 200.600	 0.000E+00	 2.297E+03	 7.043E+03
 200.650	 0.000E+00	 2.023E+03	 7.242E+03
 200.700	 0.000E+00	 1.779E+03	 7.423E+03
 200.750	 0.000E+00	 1.539E+03	 7.453E+03
 200.800	 0.000E+00	 1.325E+03	 7.304E+03
 200.850	 0.000E+00	 1.151E+03	 6.929E+03
 200.900	 0.000E+00	 9.807E+02	 6.436E+03
 200.950	 0.000E+00	 8.188E+02	 5.946E+03
 201.000	 0.000E+00	 6.593E+02	 5.575E+03
 201.050	 0.000E+00	 5.072E+02	 5.345E+03
 201.100	 0.000E+00	 3.572E+02	 5.208E+03
 201.150	 0.000E+00	 1.926E+02	 5.062E+03
 201.200	 0.000E+00	 2.430E+01	 4.956E+03
 201.250	 0.000E+00	-1.454E+02	 4.881E+03
 201.300	 0.000E+00	-3.603E+02	 4.806E+03
 201.350	 0.000E+00	-5.874E+02	 4.741E+03
 201.400	 0.000E+00	-8.367E+02	 4.669E+03
 201.450	 0.000E+00	-1.121E+03	 4.620E+03
 201.500	 0.000E+00	-1.414E+03	 4.634E+03
 201.550	 0.000E+00	-1.695E+03	 4.732E+03
 201.600	 0.000E+00	-1.959E+03	 4.878E+03
 201.650	 0.000E+00	-2.205E+03	 5.029E+03
 201.700	 0.000E+00	-2.409E+03	 5.183E+03
 201.750	 0.000E+00	-2.570E+03	 5.296E+03
 201.800	 0.000E+00	-2.681E+03	 5.372E+03
 201.850	 0.000E+00	-2.742E+03	 5.369E+03
 201.900	 0.000E+00	-2.757E+03	 5.349E+03
 201.950	 0.000E+00	-2.753E+03	 5.330E+03
 202.000	 0.000E+00	-2.745E+03	 5.285E+03
 202.050	 0.000E+00	-2.732E+03	 5.233E+03
 202.100	 0.000E+00	-2.731E+03	 5.187E+03
 202.150	 0.000E+00	-2.768E+03	 5.158E+03
 202.200	 0.000E+00	-2.835E+03	 5.232E+03
 202.250	 0.000E+00	-2.932E+03	 5.349E+03
 202.300	 0.000E+00	-3.047E+03	 5.474E+03
 202.350	 0.000E+00	-3.167E+03	 5.613E+03
 202.400	 0.000E+00	-3.288E+03	 5.727E+03
 202.450	 0.000E+00	-3.396E+03	 5.786E+03
 202.500	 0.000E+00	-3.483E+03	 5.778E+03
 202.550	 0.000E+00	-3.538E+03	 5.755E+03
 202.600	 0.000E+00	-3.535E+03	 5.799E+03
 202.650	 0.000E+00	-3.477E+03	 5.919E+03
 202.700	 0.000E+00	-3.361E+03	 6.113E+03
 202.750	 0.000E+00	-3.191E+03	 6.329E+03
 202.800	 0.000E+00	-2.979E+03	 6.516E+03
 202.850	 0.000E+00	-2.726E+03	 6.657E+03
 202.900	 0.000E+00	-2.448E+03	 6.767E+03
 202.950	 0.000E+00	-2.189E+03	 6.878E+03
 203.000	 0.000E+00	-1.922E+03	 7.086E+03
 203.050	 0.000E+00	-1.683E+03	 7.380E+03
 203.100	 0.000E+00	-1.466E+03	 7.777E+03
 203.150	 0.000E+00	-1.257E+03	 8.251E+03
 203.200	 0.000E+00	-1.095E+03	 8.720E+03
 203.250	 0.000E+00	-9.566E+02	 9.116E+03
 203.300	 0.000E+00	-8.572E+02	 9.438E+03
 203.350	 0.000E+00	-7.162E+02	 9.679E+03
 203.400	 0.000E+00	-6.000E+02	 9.801E+03
 203.450	 0.000E+00	-4.577E+02	 9.782E+03
 203.500	 0.000E+00	-3.003E+02	 9.675E+03
 203.550	 0.000E+00	-1.190E+02	 9.551E+03
 203.600	 0.000E+00	 9.750E+01	 9.468E+03
 203.650	 0.000E+00	 3.543E+02	 9.424E+03
 203.700	 0.000E+00	 6.333E+02	 9.399E+03
 203.750	 0.000E+00	 9.569E+02	 9.386E+03
 203.800	 0.000E+00	 1.269E+03	 9.375E+03
 203.850	 0.000E+00	 1.577E+03	 9.399E+03
 203.900	 0.000E+00	 1.873E+03	 9.424E+03
 203.950	 0.000E+00	 2.123E+03	 9.441E+03
 204.000	 0.000E+00	 2.349E+03	 9.511E+03
 204.050	 0.000E+00	 2.559E+03	 9.588E+03
 204.100	 0.000E+00	 2.734E+03	 9.689E+03
 204.150	 0.000E+00	 2.884E+03	 9.832E+03
 204.200	 0.000E+00	 3.044E+03	 1.001E+04
 204.250	 0.000E+00	 3.197E+03	 1.016E+04
 204.300	 0.000E+00	 3.319E+03	 1.025E+04
 204.350	 0.000E+00	 3.457E+03	 1.029E+04
 204.400	 0.000E+00	 3.622E+03	 1.029E+04
 204.450	 0.000E+00	 3.785E+03	 1.033E+04
 204.500	 0.000E+00	 3.954E+03	 1.043E+04
 204.550	 0.000E+00	 4.128E+03	 1.053E+04
 204.600	 0.000E+00	 4.320E+03	 1.061E+04
 204.650	 0.000E+00	 4.525E+03	 1.064E+04
 204.700	 0.000E+00	 4.710E+03	 1.059E+04
 204.750	 0.000E+00	 4.847E+03	 1.042E+04
 204.800	 0.000E+00	 4.953E+03	 1.022E+04
 204.850	 0.000E+00	 5.024E+03	 1.001E+04
 204.900	 0.000E+00	 5.038E+03	 9.828E+03
 204.950	 0.000E+00	 5.009E+03	 9.732E+03
 205.000	 0.000E+00	 4.946E+03	 9.728E+03
 205.050	 0.000E+00	 4.847E+03	 9.688E+03
 205.100	 0.000E+00	 4.717E+03	 9.485E+03
 205.150	 0.000E+00	 4.574E+03	 9.107E+03
 205.200	 0.000E+00	 4.426E+03	 8.586E+03
 205.250	 0.000E+00	 4.304E+03	 8.033E+03
 205.300	 0.000E+00	 4.225E+03	 7.560E+03
 205.350	 0.000E+00	 4.188E+03	 7.220E+03
 205.400	 0.000E+00	 4.164E+03	 6.987E+03
 205.450	 0.000E+00	 4.175E+03	 6.946E+03
 205.500	 0.000E+00	 4.176E+03	 6.939E+03
 205.550	 0.000E+00	 4.183E+03	 6.926E+03
 205.600	 0.000E+00	 4.177E+03	 6.886E+03
 205.650	 0.000E+00	 4.131E+03	 6.820E+03
 205.700	 0.000E+00	 4.056E+03	 6.697E+03
 205.750	 0.000E+00	 3.939E+03	 6.514E+03
 205.800	 0.000E+00	 3.785E+03	 6.457E+03
 205.850	 0.000E+00	 3.620E+03	 6.543E+03
 205.900	 0.000E+00	 3.457E+03	 6.786E+03
 205.950	 0.000E+00	 3.280E+03	 7.082E+03
 206.000	 0.000E+00	 3.096E+03	 7.391E+03
 206.050	 0.000E+00	 2.902E+03	 7.641E+03
 206.100	 0.000E+00	 2.716E+03	 7.840E+03
 206.150	 0.000E+00	 2.528E+03	 7.979E+03
 206.200	 0.000E+00	 2.331E+03	 8.066E+03
 206.250	 0.000E+00	 2.139E+03	 8.139E+03
 206.300	 0.000E+00	 1.963E+03	 8.218E+03
 206.350	 0.000E+00	 1.778E+03	 8.216E+03
 206.400	 0.000E+00	 1.607E+03	 8.080E+03
 206.450	 0.000E+00	 1.415E+03	 7.866E+03
 206.500	 0.000E+00	 1.229E+03	 7.591E+03
 206.550	 0.000E+00	 1.026E+03	 7.260E+03
 206.600	 0.000E+00	 8.101E+02	 6.916E+03
 206.650	 0.000E+00	 5.981E+02	 6.568E+03
 206.700	 0.000E+00	 3.496E+02	 6.191E+03
 206.750	 0.000E+00	 8.079E+01	 5.763E+03
 206.800	 0.000E+00	-2.001E+02	 5.305E+03
 206.850	 0.000E+00	-4.870E+02	 4.862E+03
 206.900	 0.000E+00	-7.678E+02	 4.471E+03
 206.950	 0.000E+00	-1.037E+03	 4.212E+03
 207.000	 0.000E+00	-1.271E+03	 4.118E+03
 207.050	 0.000E+00	-1.496E+03	 4.121E+03
 207.100	 0.000E+00	-1.685E+03	 4.182E+03
 207.150	 0.000E+00	-1.842E+03	 4.302E+03
 207.200	 0.000E+00	-1.975E+03	 4.439E+03
 207.250	 0.000E+00	-2.082E+03	 4.502E+03
 207.300	 0.000E+00	-2.167E+03	 4.485E+03
 207.350	 0.000E+00	-2.258E+03	 4.412E+03
 207.400	 0.000E+00	-2.351E+03	 4.309E+03
 207.450	 0.000E+00	-2.437E+03	 4.259E+03
 207.500	 0.000E+00	-2.535E+03	 4.303E+03
 207.550	 0.000E+00	-2.630E+03	 4.503E+03
 207.600	 0.000E+00	-2.722E+03	 4.851E+03
 207.650	 0.000E+00	-2.826E+03	 5.220E+03
 207.700	 0.000E+00	-2.942E+03	 5.501E+03
 207.750	 0.000E+00	-3.065E+03	 5.681E+03
 207.800	 0.000E+00	-3.186E+03	 5.702E+03
 207.850	 0.000E+00	-3.292E+03	 5.597E+03
 207.900	 0.000E+00	-3.381E+03	 5.455E+03
 207.950	 0.000E+00	-3.439E+03	 5.374E+03
 208.000	 0.000E+00	-3.466E+03	 5.387E+03
 208.050	 0.000E+00	-3.463E+03	 5.532E+03
 208.100	 0.000E+00	-3.448E+03	 5.757E+03
 208.150	 0.000E+00	-3.396E+03	 5.977E+03
 208.200	 0.000E+00	-3.317E+03	 6.092E+03
 208.250	 0.000E+00	-3.207E+03	 6.138E+03
 208.300	 0.000E+00	-3.076E+03	 6.016E+03
 208.350	 0.000E+00	-2.914E+03	 5.886E+03
 208.400	 0.000E+00	-2.737E+03	 5.874E+03
 208.450	 0.000E+00	-2.519E+03	 6.047E+03
 208.500	 0.000E+00	-2.300E+03	 6.370E+03
 208.550	 0.000E+00	-2.059E+03	 6.812E+03
 208.600	 0.000E+00	-1.804E+03	 7.365E+03
 208.650	 0.000E+00	-1.567E+03	 7.895E+03
 208.700	 0.000E+00	-1.325E+03	 8.418E+03
 208.750	 0.000E+00	-1.118E+03	 8.899E+03
 208.800	 0.000E+00	-9.363E+02	 9.299E+03
 208.850	 0.000E+00	-7.263E+02	 9.564E+03
 208.900	 0.000E+00	-5.638E+02	 9.777E+03
 208.950	 0.000E+00	-4.188E+02	 9.930E+03
 209.000	 0.000E+00	-2.451E+02	 1.004E+04
 209.050	 0.000E+00	-8.621E+01	 1.013E+04
 209.100	 0.000E+00	 7.274E+01	 1.025E+04
 209.150	 0.000E+00	 2.767E+02	 1.031E+04
 209.200	 0.000E+00	 4.997E+02	 1.033E+04
 209.250	 0.000E+00	 7.352E+02	 1.035E+04
 209.300	 0.000E+00	 9.846E+02	 1.024E+04
 209.350	 0.000E+00	 1.242E+03	 1.015E+04
 209.400	 0.000E+00	 1.466E+03	 1.009E+04
 209.450	 0.000E+00	 1.690E+03	 1.004E+04
 209.500	 0.000E+00	 1.927E+03	 9.982E+03
 209.550	 0.000E+00	 2.133E+03	 9.878E+03
 209.600	 0.000E+00	 2.328E+03	 9.680E+03
 209.650	 0.000E+00	 2.518E+03	 9.453E+03
 209.700	 0.000E+00	 2.696E+03	 9.321E+03
 209.750	 0.000E+00	 2.851E+03	 9.257E+03
 209.800	 0.000E+00	 2.980E+03	 9.278E+03
 209.850	 0.000E+00	 3.098E+03	 9.347E+03
 209.900	 0.000E+00	 3.193E+03	 9.321E+03
 209.950	 0.000E+00	 3.263E+03	 9.251E+03
 210.000	 0.000E+00	 3.353E+03	 9.157E+03
 210.050	 0.000E+00	 3.449E+03	 8.978E+03
 210.100	 0.000E+00	 3.564E+03	 8.819E+03
 210.150	 0.000E+00	 3.705E+03	 8.736E+03
 210.200	 0.000E+00	 3.857E+03	 8.688E+03
 210.250	 0.000E+00	 3.997E+03	 8.635E+03
 210.300	 0.000E+00	 4.167E+03	 8.656E+03
 210.350	 0.000E+00	 4.338E+03	 8.579E+03
 210.400	 0.000E+00	 4.473E+03	 8.418E+03
 210.450	 0.000E+00	 4.604E+03	 8.261E+03
 210.500	 0.000E+00	 4.717E+03	 8.146E+03
 210.550	 0.000E+00	 4.776E+03	 8.004E+03
 210.600	 0.000E+00	 4.815E+03	 7.920E+03
 210.650	 0.000E+00	 4.823E+03	 7.853E+03
 210.700	 0.000E+00	 4.793E+03	 7.828E+03
 210.750	 0.000E+00	 4.742E+03	 7.846E+03
 210.800	 0.000E+00	 4.661E+03	 7.861E+03
 210.850	 0.000E+00	 4.553E+03	 7.883E+03
 210.900	 0.000E+00	 4.454E+03	 7.910E+03
 210.950	 0.000E+00	 4.334E+03	 7.884E+03
 211.000	 0.000E+00	 4.241E+03	 7.912E+03
 211.050	 0.000E+00	 4.186E+03	 7.993E+03
 211.100	 0.000E+00	 4.164E+03	 8.111E+03
 211.150	 0.000E+00	 4.153E+03	 8.214E+03
 211.200	 0.000E+00	 4.152E+03	 8.277E+03
 211.250	 0.000E+00	 4.138E+03	 8.299E+03
 211.300	 0.000E+00	 4.120E+03	 8.359E+03
 211.350	 0.000E+00	 4.075E+03	 8.304E+03
 211.400	 0.000E+00	 4.017E+03	 8.221E+03
 211.450	 0.000E+00	 3.920E+03	 8.189E+03
 211.500	 0.000E+00	 3.769E+03	 8.149E+03
 211.550	 0.000E+00	 3.596E+03	 8.066E+03
 211.600	 0.000E+00	 3.387E+03	 7.978E+03
 211.650	 0.000E+00	 3.137E+03	 7.918E+03
 211.700	 0.000E+00	 2.895E+03	 7.897E+03
 211.750	 0.000E+00	 2.652E+03	 7.940E+03
 211.800	 0.000E+00	 2.389E+03	 8.033E+03
 211.850	 0.000E+00	 2.137E+03	 8.142E+03
 211.900	 0.000E+00	 1.900E+03	 8.173E+03
 211.950	 0.000E+00	 1.663E+03	 8.088E+03
 212.000	 0.000E+00	 1.437E+03	 7.845E+03
 212.050	 0.000E+00	 1.226E+03	 7.480E+03
 212.100	 0.000E+00	 1.025E+03	 7.135E+03
 212.150	 0.000E+00	 8.175E+02	 6.807E+03
 212.200	 0.000E+00	 6.036E+02	 6.445E+03
 212.250	 0.000E+00	 3.957E+02	 6.057E+03
 212.300	 0.000E+00	 1.533E+02	 5.700E+03
 212.350	 0.000E+00	-1.041E+02	 5.319E+03
 212.400	 0.000E+00	-3.603E+02	 5.002E+03
 212.450	 0.000E+00	-6.122E+02	 4.752E+03
 212.500	 0.000E+00	-8.684E+02	 4.506E+03
 212.550	 0.000E+00	-1.122E+03	 4.238E+03
 212.600	 0.000E+00	-1.339E+03	 4.072E+03
 212.650	 0.000E+00	-1.537E+03	 3.990E+03
 212.700	 0.000E+00	-1.711E+03	 4.011E+03
 212.750	 0.000E+00	-1.852E+03	 4.170E+03
 212.800	 0.000E+00	-1.968E+03	 4.401E+03
 212.850	 0.000E+00	-2.080E+03	 4.644E+03
 212.900	 0.000E+00	-2.188E+03	 4.905E+03
 212.950	 0.000E+00	-2.304E+03	 5.138E+03
 213.000	 0.000E+00	-2.422E+03	 5.346E+03
 213.050	 0.000E+00	-2.544E+03	 5.517E+03
 213.100	 0.000E+00	-2.667E+03	 5.601E+03
 213.150	 0.000E+00	-2.787E+03	 5.615E+03
 213.200	 0.000E+00	-2.899E+03	 5.571E+03
 213.250	 0.000E+00	-2.985E+03	 5.476E+03
 213.300	 0.000E+00	-3.062E+03	 5.319E+03
 213.350	 0.000E+00	-3.118E+03	 5.145E+03
 213.400	 0.000E+00	-3.140E+03	 5.064E+03
 213.450	 0.000E+00	-3.149E+03	 5.143E+03
 213.500	 0.000E+00	-3.155E+03	 5.328E+03
 213.550	 0.000E+00	-3.160E+03	 5.574E+03
 213.600	 0.000E+00	-3.177E+03	 5.840E+03
 213.650	 0.000E+00	-3.203E+03	 6.033E+03
 213.700	 0.000E+00	-3.232E+03	 6.152E+03
 213.750	 0.000E+00	-3.244E+03	 6.197E+03
 213.800	 0.000E+00	-3.228E+03	 6.205E+03
 213.850	 0.000E+00	-3.171E+03	 6.210E+03
 213.900	 0.000E+00	-3.056E+03	 6.355E+03
 213.950	 0.000E+00	-2.909E+03	 6.674E+03
 214.000	 0.000E+00	-2.701E+03	 7.080E+03
 214.050	 0.000E+00	-2.454E+03	 7.494E+03
 214.100	 0.000E+00	-2.171E+03	 7.887E+03
 214.150	 0.000E+00	-1.906E+03	 8.118E+03
 214.200	 0.000E+00	-1.608E+03	 8.282E+03
 214.250	 0.000E+00	-1.351E+03	 8.391E+03
 214.300	 0.000E+00	-1.101E+03	 8.532E+03
 214.350	 0.000E+00	-8.530E+02	 8.721E+03
 214.400	 0.000E+00	-6.577E+02	 8.977E+03
 214.450	 0.000E+00	-4.850E+02	 9.255E+03
 214.500	 0.000E+00	-3.189E+02	 9.536E+03
 214.550	 0.000E+00	-1.726E+02	 9.722E+03
 214.600	 0.000E+00	-3.431E+01	 9.789E+03
 214.650	 0.000E+00	 9.504E+01	 9.773E+03
 214.700	 0.000E+00	 2.273E+02	 9.686E+03
 214.750	 0.000E+00	 3.538E+02	 9.552E+03
 214.800	 0.000E+00	 4.844E+02	 9.412E+03
 214.850	 0.000E+00	 6.557E+02	 9.328E+03
 214.900	 0.000E+00	 8.442E+02	 9.316E+03
 214.950	 0.000E+00	 1.041E+03	 9.365E+03
 215.000	 0.000E+00	 1.291E+03	 9.469E+03
 215.050	 0.000E+00	 1.588E+03	 9.588E+03
 215.100	 0.000E+00	 1.880E+03	 9.608E+03
 215.150	 0.000E+00	 2.194E+03	 9.577E+03
 215.200	 0.000E+00	 2.499E+03	 9.482E+03
 215.250	 0.000E+00	 2.757E+03	 9.383E+03
 215.300	 0.000E+00	 2.980E+03	 9.328E+03
 215.350	 0.000E+00	 3.166E+03	 9.289E+03
 215.400	 0.000E+00	 3.316E+03	 9.329E+03
 215.450	 0.000E+00	 3.424E+03	 9.392E+03
 215.500	 0.000E+00	 3.501E+03	 9.460E+03
 215.550	 0.000E+00	 3.535E+03	 9.503E+03
 215.600	 0.000E+00	 3.553E+03	 9.520E+03
 215.650	 0.000E+00	 3.587E+03	 9.523E+03
 215.700	 0.000E+00	 3.637E+03	 9.464E+03
 215.750	 0.000E+00	 3.721E+03	 9.367E+03
 215.800	 0.000E+00	 3.846E+03	 9.266E+03
 215.850	 0.000E+00	 3.998E+03	 9.220E+03
 215.900	 0.000E+00	 4.138E+03	 9.163E+03
 215.950	 0.000E+00	 4.268E+03	 9.051E+03
 216.000	 0.000E+00	 4.381E+03	 8.825E+03
 216.050	 0.000E+00	 4.454E+03	 8.494E+03
 216.100	 0.000E+00	 4.478E+03	 8.051E+03
 216.150	 0.000E+00	 4.459E+03	 7.556E+03
 216.200	 0.000E+00	 4.407E+03	 7.036E+03
 216.250	 0.000E+00	 4.355E+03	 6.583E+03
 216.300	 0.000E+00	 4.278E+03	 6.060E+03
 216.350	 0.000E+00	 4.212E+03	 5.637E+03
 216.400	 0.000E+00	 4.144E+03	 5.314E+03
 216.450	 0.000E+00	 4.089E+03	 5.126E+03
 216.500	 0.000E+00	 4.057E+03	 5.098E+03
 216.550	 0.000E+00	 4.026E+03	 5.204E+03
 216.600	 0.000E+00	 4.010E+03	 5.475E+03
 216.650	 0.000E+00	 3.994E+03	 5.808E+03
 216.700	 0.000E+00	 3.994E+03	 6.192E+03
 216.750	 0.000E+00	 4.008E+03	 6.527E+03
 216.800	 0.000E+00	 4.013E+03	 6.719E+03
 216.850	 0.000E+00	 4.006E+03	 6.829E+03
 216.900	 0.000E+00	 3.983E+03	 6.953E+03
 216.950	 0.000E+00	 3.937E+03	 7.123E+03
 217.000	 0.000E+00	 3.852E+03	 7.317E+03
 217.050	 0.000E+00	 3.740E+03	 7.582E+03
 217.100	 0.000E+00	 3.571E+03	 7.860E+03
 217.150	 0.000E+00	 3.366E+03	 8.062E+03
 217.200	 0.000E+00	 3.143E+03	 8.180E+03
 217.250	 0.000E+00	 2.890E+03	 8.194E+03
 217.300	 0.000E+00	 2.644E+03	 8.177E+03
 217.350	 0.000E+00	 2.394E+03	 8.045E+03
 217.400	 0.000E+00	 2.167E+03	 7.831E+03
 217.450	 0.000E+00	 1.965E+03	 7.449E+03
 217.500	 0.000E+00	 1.798E+03	 6.997E+03
 217.550	 0.000E+00	 1.644E+03	 6.503E+03
 217.600	 0.000E+00	 1.494E+03	 6.062E+03
 217.650	 0.000E+00	 1.358E+03	 5.708E+03
 217.700	 0.000E+00	 1.211E+03	 5.581E+03
 217.750	 0.000E+00	 1.039E+03	 5.612E+03
 217.800	 0.000E+00	 8.395E+02	 5.653E+03
 217.850	 0.000E+00	 6.162E+02	 5.654E+03
 217.900	 0.000E+00	 3.731E+02	 5.490E+03
 217.950	 0.000E+00	 1.174E+02	 5.166E+03
 218.000	 0.000E+00	-1.612E+02	 4.795E+03
 218.050	 0.000E+00	-4.434E+02	 4.483E+03
 218.100	 0.000E+00	-6.918E+02	 4.309E+03
 218.150	 0.000E+00	-9.279E+02	 4.309E+03
 218.200	 0.000E+00	-1.161E+03	 4.450E+03
 218.250	 0.000E+00	-1.369E+03	 4.669E+03
 218.300	 0.000E+00	-1.561E+03	 4.881E+03
 218.350	 0.000E+00	-1.737E+03	 5.075E+03
 218.400	 0.000E+00	-1.873E+03	 5.242E+03
 218.450	 0.000E+00	-1.964E+03	 5.446E+03
 218.500	 0.000E+00	-2.033E+03	 5.667E+03
 218.550	 0.000E+00	-2.096E+03	 5.932E+03
 218.600	 0.000E+00	-2.136E+03	 6.210E+03
 218.650	 0.000E+00	-2.162E+03	 6.467E+03
 218.700	 0.000E+00	-2.203E+03	 6.661E+03
 218.750	 0.000E+00	-2.265E+03	 6.730E+03
 218.800	 0.000E+00	-2.354E+03	 6.680E+03
 218.850	 0.000E+00	-2.487E+03	 6.465E+03
 218.900	 0.000E+00	-2.637E+03	 6.176E+03
 218.950	 0.000E+00	-2.793E+03	 5.867E+03
 219.000	 0.000E+00	-2.945E+03	 5.540E+03
 219.050	 0.000E+00	-3.074E+03	 5.342E+03
 219.100	 0.000E+00	-3.173E+03	 5.375E+03
 219.150	 0.000E+00	-3.238E+03	 5.623E+03
 219.200	 0.000E+00	-3.274E+03	 5.960E+03
 219.250	 0.000E+00	-3.276E+03	 6.270E+03
 219.300	 0.000E+00	-3.250E+03	 6.393E+03
 219.350	 0.000E+00	-3.198E+03	 6.281E+03
 219.400	 0.000E+00	-3.113E+03	 6.001E+03
 219.450	 0.000E+00	-3.009E+03	 5.616E+03
 219.500	 0.000E+00	-2.885E+03	 5.279E+03
 219.550	 0.000E+00	-2.727E+03	 5.102E+03
 219.600	 0.000E+00	-2.576E+03	 5.107E+03
 219.650	 0.000E+00	-2.430E+03	 5.302E+03
 219.700	 0.000E+00	-2.286E+03	 5.630E+03
 219.750	 0.000E+00	-2.151E+03	 5.994E+03
 219.800	 0.000E+00	-2.037E+03	 6.299E+03
 219.850	 0.000E+00	-1.925E+03	 6.519E+03
 219.900	 0.000E+00	-1.842E+03	 6.618E+03
 219.950	 0.000E+00	-1.745E+03	 6.650E+03
 220.000	 0.000E+00	-1.625E+03	 6.692E+03
 220.050	 0.000E+00	-1.488E+03	 6.754E+03
 220.100	 0.000E+00	-1.321E+03	 6.906E+03
 220.150	 0.000E+00	-1.150E+03	 7.116E+03
 220.200	 0.000E+00	-9.510E+02	 7.350E+03
 220.250	 0.000E+00	-7.606E+02	 7.539E+03
 220.300	 0.000E+00	-5.528E+02	 7.589E+03
 220.350	 0.000E+00	-3.362E+02	 7.566E+03
 220.400	 0.000E+00	-1.253E+02	 7.483E+03
 220.450	 0.000E+00	 1.152E+02	 7.400E+03
 220.500	 0.000E+00	 3.621E+02	 7.333E+03
 220.550	 0.000E+00	 6.095E+02	 7.344E+03
 220.600	 0.000E+00	 8.547E+02	 7.446E+03
 220.650	 0.000E+00	 1.082E+03	 7.600E+03
 220.700	 0.000E+00	 1.297E+03	 7.794E+03
 220.750	 0.000E+00	 1.490E+03	 7.994E+03
 220.800	 0.000E+00	 1.670E+03	 8.117E+03
 220.850	 0.000E+00	 1.829E+03	 8.122E+03
 220.900	 0.000E+00	 1.971E+03	 8.005E+03
 220.950	 0.000E+00	 2.122E+03	 7.871E+03
 221.000	 0.000E+00	 2.276E+03	 7.751E+03
 221.050	 0.000E+00	 2.444E+03	 7.726E+03
 221.100	 0.000E+00	 2.624E+03	 7.781E+03
 221.150	 0.000E+00	 2.804E+03	 7.873E+03
 221.200	 0.000E+00	 2.980E+03	 7.958E+03
 221.250	 0.000E+00	 3.156E+03	 8.033E+03
 221.300	 0.000E+00	 3.327E+03	 8.051E+03
 221.350	 0.000E+00	 3.477E+03	 7.968E+03
 221.400	 0.000E+00	 3.593E+03	 7.777E+03
 221.450	 0.000E+00	 3.706E+03	 7.546E+03
 221.500	 0.000E+00	 3.795E+03	 7.215E+03
 221.550	 0.000E+00	 3.860E+03	 6.880E+03
 221.600	 0.000E+00	 3.911E+03	 6.584E+03
 221.650	 0.000E+00	 3.959E+03	 6.442E+03
 221.700	 0.000E+00	 4.000E+03	 6.451E+03
 221.750	 0.000E+00	 4.058E+03	 6.583E+03
 221.800	 0.000E+00	 4.120E+03	 6.806E+03
 221.850	 0.000E+00	 4.166E+03	 6.922E+03
 221.900	 0.000E+00	 4.214E+03	 6.885E+03
 221.950	 0.000E+00	 4.251E+03	 6.704E+03
 222.000	 0.000E+00	 4.284E+03	 6.401E+03
 222.050	 0.000E+00	 4.309E+03	 6.083E+03
 222.100	 0.000E+00	 4.323E+03	 5.824E+03
 222.150	 0.000E+00	 4.320E+03	 5.643E+03
 222.200	 0.000E+00	 4.313E+03	 5.584E+03
 222.250	 0.000E+00	 4.285E+03	 5.606E+03
 222.300	 0.000E+00	 4.258E+03	 5.743E+03
 222.350	 0.000E+00	 4.211E+03	 5.855E+03
 222.400	 0.000E+00	 4.161E+03	 5.997E+03
 222.450	 0.000E+00	 4.079E+03	 6.053E+03
 222.500	 0.000E+00	 3.997E+03	 6.050E+03
 222.550	 0.000E+00	 3.901E+03	 5.966E+03
 222.600	 0.000E+00	 3.798E+03	 5.904E+03
 222.650	 0.000E+00	 3.681E+03	 5.771E+03
 222.700	 0.000E+00	 3.559E+03	 5.677E+03
 222.750	 0.000E+00	 3.430E+03	 5.730E+03
 222.800	 0.000E+00	 3.286E+03	 5.841E+03
 222.850	 0.000E+00	 3.151E+03	 5.980E+03
 222.900	 0.000E+00	 3.005E+03	 6.037E+03
 222.950	 0.000E+00	 2.841E+03	 6.072E+03
 223.000	 0.000E+00	 2.689E+03	 6.052E+03
 223.050	 0.000E+00	 2.540E+03	 5.958E+03
 223.100	 0.000E+00	 2.380E+03	 5.825E+03
 223.150	 0.000E+00	 2.228E+03	 5.739E+03
 223.200	 0.000E+00	 2.082E+03	 5.682E+03
 223.250	 0.000E+00	 1.932E+03	 5.652E+03
 223.300	 0.000E+00	 1.776E+03	 5.655E+03
 223.350	 0.000E+00	 1.641E+03	 5.653E+03
 223.400	 0.000E+00	 1.519E+03	 5.640E+03
 223.450	 0.000E+00	 1.384E+03	 5.594E+03
 223.500	 0.000E+00	 1.229E+03	 5.537E+03
 223.550	 0.000E+00	 1.067E+03	 5.473E+03
 223.600	 0.000E+00	 8.785E+02	 5.356E+03
 223.650	 0.000E+00	 6.539E+02	 5.216E+03
 223.700	 0.000E+00	 4.141E+02	 5.082E+03
 223.750	 0.000E+00	 1.605E+02	 4.927E+03
 223.800	 0.000E+00	-1.040E+02	 4.842E+03
 223.850	 0.000E+00	-3.535E+02	 4.871E+03
 223.900	 0.000E+00	-5.690E+02	 5.046E+03
 223.950	 0.000E+00	-7.510E+02	 5.286E+03
 224.000	 0.000E+00	-9.313E+02	 5.463E+03
 224.050	 0.000E+00	-1.076E+03	 5.535E+03
 224.100	 0.000E+00	-1.192E+03	 5.505E+03
 224.150	 0.000E+00	-1.308E+03	 5.410E+03
 224.200	 0.000E+00	-1.419E+03	 5.289E+03
 224.250	 0.000E+00	-1.517E+03	 5.221E+03
 224.300	 0.000E+00	-1.639E+03	 5.192E+03
 224.350	 0.000E+00	-1.771E+03	 5.269E+03
 224.400	 0.000E+00	-1.906E+03	 5.432E+03
 224.450	 0.000E+00	-2.065E+03	 5.603E+03
 224.500	 0.000E+00	-2.238E+03	 5.762E+03
 224.550	 0.000E+00	-2.412E+03	 5.860E+03
 224.600	 0.000E+00	-2.579E+03	 5.834E+03
 224.650	 0.000E+00	-2.738E+03	 5.707E+03
 224.700	 0.000E+00	-2.863E+03	 5.611E+03
 224.750	 0.000E+00	-2.940E+03	 5.656E+03
 224.800	 0.000E+00	-2.982E+03	 5.750E+03
 224.850	 0.000E+00	-2.996E+03	 5.849E+03
 224.900	 0.000E+00	-2.977E+03	 5.970E+03
 224.950	 0.000E+00	-2.936E+03	 6.114E+03
 225.000	 0.000E+00	-2.893E+03	 6.227E+03
 225.050	 0.000E+00	-2.860E+03	 6.331E+03
 225.100	 0.000E+00	-2.835E+03	 6.415E+03
 225.150	 0.000E+00	-2.828E+03	 6.498E+03
 225.200	 0.000E+00	-2.816E+03	 6.592E+03
 225.250	 0.000E+00	-2.791E+03	 6.701E+03
 225.300	 0.000E+00	-2.767E+03	 6.817E+03
 225.350	 0.000E+00	-2.744E+03	 6.919E+03
 225.400	 0.000E+00	-2.732E+03	 7.038E+03
 225.450	 0.000E+00	-2.731E+03	 7.130E+03
 225.500	 0.000E+00	-2.728E+03	 7.110E+03
 225.550	 0.000E+00	-2.699E+03	 6.971E+03
 225.600	 0.000E+00	-2.650E+03	 6.742E+03
 225.650	 0.000E+00	-2.561E+03	 6.499E+03
 225.700	 0.000E+00	-2.423E+03	 6.327E+03
 225.750	 0.000E+00	-2.267E+03	 6.274E+03
 225.800	 0.000E+00	-2.065E+03	 6.372E+03
 225.850	 0.000E+00	-1.843E+03	 6.596E+03
 225.900	 0.000E+00	-1.622E+03	 6.864E+03
 225.950	 0.000E+00	-1.383E+03	 7.102E+03
 226.000	 0.000E+00	-1.164E+03	 7.249E+03
 226.050	 0.000E+00	-9.819E+02	 7.306E+03
 226.100	 0.000E+00	-8.296E+02	 7.300E+03
 226.150	 0.000E+00	-6.953E+02	 7.309E+03
 226.200	 0.000E+00	-5.982E+02	 7.369E+03
 226.250	 0.000E+00	-4.812E+02	 7.530E+03
 226.300	 0.000E+00	-3.650E+02	 7.739E+03
 226.350	 0.000E+00	-2.405E+02	 7.966E+03
 226.400	 0.000E+00	-8.502E+01	 8.189E+03
 226.450	 0.000E+00	 9.101E+01	 8.373E+03
 226.500	 0.000E+00	 3.112E+02	 8.473E+03
 226.550	 0.000E+00	 5.656E+02	 8.501E+03
 226.600	 0.000E+00	 8.465E+02	 8.497E+03
 226.650	 0.000E+00	 1.124E+03	 8.474E+03
 226.700	 0.000E+00	 1.408E+03	 8.519E+03
 226.750	 0.000E+00	 1.691E+03	 8.617E+03
 226.800	 0.000E+00	 1.956E+03	 8.667E+03
 226.850	 0.000E+00	 2.184E+03	 8.667E+03
 226.900	 0.000E+00	 2.376E+03	 8.604E+03
 226.950	 0.000E+00	 2.522E+03	 8.474E+03
 227.000	 0.000E+00	 2.634E+03	 8.313E+03
 227.050	 0.000E+00	 2.714E+03	 8.134E+03
 227.100	 0.000E+00	 2.769E+03	 7.995E+03
 227.150	 0.000E+00	 2.816E+03	 7.886E+03
 227.200	 0.000E+00	 2.860E+03	 7.799E+03
 227.250	 0.000E+00	 2.927E+03	 7.823E+03
 227.300	 0.000E+00	 3.034E+03	 7.910E+03
 227.350	 0.000E+00	 3.164E+03	 8.017E+03
 227.400	 0.000E+00	 3.301E+03	 8.052E+03
 227.450	 0.000E+00	 3.465E+03	 7.977E+03
 227.500	 0.000E+00	 3.660E+03	 7.793E+03
 227.550	 0.000E+00	 3.849E+03	 7.488E+03
 227.600	 0.000E+00	 4.042E+03	 7.211E+03
 227.650	 0.000E+00	 4.222E+03	 7.025E+03
 227.700	 0.000E+00	 4.366E+03	 6.928E+03
 227.750	 0.000E+00	 4.462E+03	 6.929E+03
 227.800	 0.000E+00	 4.532E+03	 7.023E+03
 227.850	 0.000E+00	 4.550E+03	 7.154E+03
 227.900	 0.000E+00	 4.520E+03	 7.206E+03
 227.950	 0.000E+00	 4.472E+03	 7.168E+03
 228.000	 0.000E+00	 4.400E+03	 6.984E+03
 228.050	 0.000E+00	 4.304E+03	 6.647E+03
 228.100	 0.000E+00	 4.202E+03	 6.223E+03
 228.150	 0.000E+00	 4.109E+03	 5.877E+03
 228.200	 0.000E+00	 4.037E+03	 5.659E+03
 228.250	 0.000E+00	 3.987E+03	 5.557E+03
 228.300	 0.000E+00	 3.968E+03	 5.677E+03
 228.350	 0.000E+00	 3.949E+03	 5.882E+03
 228.400	 0.000E+00	 3.947E+03	 6.116E+03
 228.450	 0.000E+00	 3.945E+03	 6.262E+03
 228.500	 0.000E+00	 3.949E+03	 6.280E+03
 228.550	 0.000E+00	 3.949E+03	 6.145E+03
 228.600	 0.000E+00	 3.934E+03	 5.880E+03
 228.650	 0.000E+00	 3.891E+03	 5.608E+03
 228.700	 0.000E+00	 3.828E+03	 5.397E+03
 228.750	 0.000E+00	 3.737E+03	 5.307E+03
 228.800	 0.000E+00	 3.612E+03	 5.389E+03
 228.850	 0.000E+00	 3.461E+03	 5.598E+03
 228.900	 0.000E+00	 3.272E+03	 5.832E+03
 228.950	 0.000E+00	 3.073E+03	 6.050E+03
 229.000	 0.000E+00	 2.859E+03	 6.213E+03
 229.050	 0.000E+00	 2.628E+03	 6.272E+03
 229.100	 0.000E+00	 2.407E+03	 6.248E+03
 229.150	 0.000E+00	 2.195E+03	 6.099E+03
 229.200	 0.000E+00	 1.995E+03	 5.880E+03
 229.250	 0.000E+00	 1.838E+03	 5.702E+03
 229.300	 0.000E+00	 1.710E+03	 5.563E+03
 229.350	 0.000E+00	 1.607E+03	 5.451E+03
 229.400	 0.000E+00	 1.520E+03	 5.374E+03
 229.450	 0.000E+00	 1.444E+03	 5.315E+03
 229.500	 0.000E+00	 1.354E+03	 5.274E+03
 229.550	 0.000E+00	 1.264E+03	 5.282E+03
 229.600	 0.000E+00	 1.151E+03	 5.339E+03
 229.650	 0.000E+00	 9.944E+02	 5.415E+03
 229.700	 0.000E+00	 8.088E+02	 5.510E+03
 229.750	 0.000E+00	 5.827E+02	 5.575E+03
 229.800	 0.000E+00	 3.260E+02	 5.615E+03
 229.850	 0.000E+00	 5.545E+01	 5.588E+03
 229.900	 0.000E+00	-2.211E+02	 5.478E+03
 229.950	 0.000E+00	-4.967E+02	 5.378E+03
 230.000	 0.000E+00	-7.589E+02	 5.295E+03
 230.050	 0.000E+00	-9.918E+02	 5.243E+03
 230.100	 0.000E+00	-1.184E+03	 5.285E+03
 230.150	 0.000E+00	-1.345E+03	 5.473E+03
 230.200	 0.000E+00	-1.476E+03	 5.712E+03
 230.250	 0.000E+00	-1.585E+03	 5.883E+03
 230.300	 0.000E+00	-1.676E+03	 5.988E+03
 230.350	 0.000E+00	-1.748E+03	 6.030E+03
 230.400	 0.000E+00	-1.807E+03	 6.016E+03
 230.450	 0.000E+00	-1.862E+03	 6.021E+03
 230.500	 0.000E+00	-1.932E+03	 6.043E+03
 230.550	 0.000E+00	-2.010E+03	 6.130E+03
 230.600	 0.000E+00	-2.092E+03	 6.230E+03
 230.650	 0.000E+00	-2.208E+03	 6.240E+03
 230.700	 0.000E+00	-2.341E+03	 6.183E+03
 230.750	 0.000E+00	-2.482E+03	 6.128E+03
 230.800	 0.000E+00	-2.627E+03	 6.062E+03
 230.850	 0.000E+00	-2.753E+03	 6.000E+03
 230.900	 0.000E+00	-2.864E+03	 5.945E+03
 230.950	 0.000E+00	-2.956E+03	 5.937E+03
 231.000	 0.000E+00	-3.030E+03	 5.972E+03
 231.050	 0.000E+00	-3.062E+03	 6.054E+03
 231.100	 0.000E+00	-3.066E+03	 6.137E+03
 231.150	 0.000E+00	-3.055E+03	 6.169E+03
 231.200	 0.000E+00	-3.015E+03	 6.182E+03
 231.250	 0.000E+00	-2.947E+03	 6.214E+03
 231.300	 0.000E+00	-2.835E+03	 6.245E+03
 231.350	 0.000E+00	-2.708E+03	 6.264E+03
 231.400	 0.000E+00	-2.584E+03	 6.302E+03
 231.450	 0.000E+00	-2.454E+03	 6.341E+03
 231.500	 0.000E+00	-2.356E+03	 6.409E+03
 231.550	 0.000E+00	-2.290E+03	 6.456E+03
 231.600	 0.000E+00	-2.230E+03	 6.524E+03
 231.650	 0.000E+00	-2.225E+03	 6.548E+03
 231.700	 0.000E+00	-2.224E+03	 6.520E+03
 231.750	 0.000E+00	-2.225E+03	 6.442E+03
 231.800	 0.000E+00	-2.231E+03	 6.341E+03
 231.850	 0.000E+00	-2.211E+03	 6.248E+03
 231.900	 0.000E+00	-2.145E+03	 6.223E+03
 231.950	 0.000E+00	-2.063E+03	 6.236E+03
 232.000	 0.000E+00	-1.949E+03	 6.306E+03
 232.050	 0.000E+00	-1.763E+03	 6.440E+03
 232.100	 0.000E+00	-1.569E+03	 6.563E+03
 232.150	 0.000E+00	-1.334E+03	 6.615E+03
 232.200	 0.000E+00	-1.082E+03	 6.617E+03
 232.250	 0.000E+00	-8.338E+02	 6.591E+03
 232.300	 0.000E+00	-6.082E+02	 6.565E+03
 232.350	 0.000E+00	-3.764E+02	 6.545E+03
 232.400	 0.000E+00	-1.618E+02	 6.599E+03
 232.450	 0.000E+00	 1.680E+01	 6.716E+03
 232.500	 0.000E+00	 1.663E+02	 6.855E+03
 232.550	 0.000E+00	 3.145E+02	 6.986E+03
 232.600	 0.000E+00	 4.333E+02	 7.113E+03
 232.650	 0.000E+00	 5.330E+02	 7.099E+03
 232.700	 0.000E+00	 6.296E+02	 6.980E+03
 232.750	 0.000E+00	 7.113E+02	 6.787E+03
 232.800	 0.000E+00	 7.972E+02	 6.613E+03
 232.850	 0.000E+00	 9.380E+02	 6.469E+03
 232.900	 0.000E+00	 1.095E+03	 6.389E+03
 232.950	 0.000E+00	 1.265E+03	 6.360E+03
 233.000	 0.000E+00	 1.479E+03	 6.367E+03
 233.050	 0.000E+00	 1.720E+03	 6.417E+03
 233.100	 0.000E+00	 1.948E+03	 6.373E+03
 233.150	 0.000E+00	 2.215E+03	 6.283E+03
 233.200	 0.000E+00	 2.481E+03	 6.082E+03
 233.250	 0.000E+00	 2.701E+03	 5.747E+03
 233.300	 0.000E+00	 2.900E+03	 5.427E+03
 233.350	 0.000E+00	 3.070E+03	 5.175E+03
 233.400	 0.000E+00	 3.193E+03	 5.015E+03
 233.450	 0.000E+00	 3.283E+03	 5.000E+03
 233.500	 0.000E+00	 3.340E+03	 5.098E+03
 233.550	 0.000E+00	 3.364E+03	 5.239E+03
 233.600	 0.000E+00	 3.389E+03	 5.436E+03
 233.650	 0.000E+00	 3.435E+03	 5.638E+03
 233.700	 0.000E+00	 3.472E+03	 5.693E+03
 233.750	 0.000E+00	 3.522E+03	 5.698E+03
 233.800	 0.000E+00	 3.620E+03	 5.770E+03
 233.850	 0.000E+00	 3.745E+03	 5.867E+03
 233.900	 0.000E+00	 3.904E+03	 6.061E+03
 233.950	 0.000E+00	 4.084E+03	 6.363E+03
 234.000	 0.000E+00	 4.272E+03	 6.802E+03
 234.050	 0.000E+00	 4.443E+03	 7.245E+03
 234.100	 0.000E+00	 4.598E+03	 7.674E+03
 234.150	 0.000E+00	 4.720E+03	 7.988E+03
 234.200	 0.000E+00	 4.784E+03	 8.073E+03
 234.250	 0.000E+00	 4.796E+03	 7.978E+03
 234.300	 0.000E+00	 4.754E+03	 7.795E+03
 234.350	 0.000E+00	 4.651E+03	 7.450E+03
 234.400	 0.000E+00	 4.514E+03	 7.135E+03
 234.450	 0.000E+00	 4.370E+03	 7.031E+03
 234.500	 0.000E+00	 4.199E+03	 7.047E+03
 234.550	 0.000E+00	 4.035E+03	 7.068E+03
 234.600	 0.000E+00	 3.914E+03	 7.156E+03
 234.650	 0.000E+00	 3.818E+03	 7.139E+03
 234.700	 0.000E+00	 3.762E+03	 6.919E+03
 234.750	 0.000E+00	 3.726E+03	 6.564E+03
 234.800	 0.000E+00	 3.692E+03	 6.234E+03
 234.850	 0.000E+00	 3.663E+03	 5.891E+03
 234.900	 0.000E+00	 3.671E+03	 5.645E+03
 234.950	 0.000E+00	 3.664E+03	 5.598E+03
 235.000	 0.000E+00	 3.627E+03	 5.706E+03
 235.050	 0.000E+00	 3.579E+03	 5.874E+03
 235.100	 0.000E+00	 3.498E+03	 6.088E+03
 235.150	 0.000E+00	 3.371E+03	 6.326E+03
 235.200	 0.000E+00	 3.217E+03	 6.521E+03
 235.250	 0.000E+00	 3.025E+03	 6.612E+03
 235.300	 0.000E+00	 2.778E+03	 6.670E+03
 235.350	 0.000E+00	 2.507E+03	 6.625E+03
 235.400	 0.000E+00	 2.269E+03	 6.519E+03
 235.450	 0.000E+00	 2.015E+03	 6.363E+03
 235.500	 0.000E+00	 1.753E+03	 6.199E+03
 235.550	 0.000E+00	 1.534E+03	 6.043E+03
 235.600	 0.000E+00	 1.368E+03	 5.927E+03
 235.650	 0.000E+00	 1.211E+03	 5.819E+03
 235.700	 0.000E+00	 1.096E+03	 5.726E+03
 235.750	 0.000E+00	 1.013E+03	 5.692E+03
 235.800	 0.000E+00	 8.999E+02	 5.677E+03
 235.850	 0.000E+00	 7.825E+02	 5.678E+03
 235.900	 0.000E+00	 6.809E+02	 5.706E+03
 235.950	 0.000E+00	 5.424E+02	 5.720E+03
 236.000	 0.000E+00	 3.639E+02	 5.698E+03
 236.050	 0.000E+00	 1.723E+02	 5.660E+03
 236.100	 0.000E+00	-4.806E+01	 5.584E+03
 236.150	 0.000E+00	-3.124E+02	 5.544E+03
 236.200	 0.000E+00	-5.823E+02	 5.553E+03
 236.250	 0.000E+00	-8.677E+02	 5.614E+03
 236.300	 0.000E+00	-1.149E+03	 5.713E+03
 236.350	 0.000E+00	-1.421E+03	 5.857E+03
 236.400	 0.000E+00	-1.667E+03	 6.000E+03
 236.450	 0.000E+00	-1.872E+03	 6.066E+03
 236.500	 0.000E+00	-2.017E+03	 6.075E+03
 236.550	 0.000E+00	-2.105E+03	 6.050E+03
 236.600	 0.000E+00	-2.149E+03	 6.044E+03
 236.650	 0.000E+00	-2.157E+03	 6.042E+03
 236.700	 0.000E+00	-2.147E+03	 6.076E+03
 236.750	 0.000E+00	-2.142E+03	 6.165E+03
 236.800	 0.000E+00	-2.140E+03	 6.273E+03
 236.850	 0.000E+00	-2.160E+03	 6.353E+03
 236.900	 0.000E+00	-2.222E+03	 6.371E+03
 236.950	 0.000E+00	-2.333E+03	 6.265E+03
 237.000	 0.000E+00	-2.480E+03	 6.092E+03
 237.050	 0.000E+00	-2.658E+03	 5.869E+03
 237.100	 0.000E+00	-2.851E+03	 5.665E+03
 237.150	 0.000E+00	-3.024E+03	 5.534E+03
 237.200	 0.000E+00	-3.184E+03	 5.485E+03
 237.250	 0.000E+00	-3.315E+03	 5.464E+03
 237.300	 0.000E+00	-3.406E+03	 5.410E+03
 237.350	 0.000E+00	-3.439E+03	 5.332E+03
 237.400	 0.000E+00	-3.438E+03	 5.182E+03
 237.450	 0.000E+00	-3.384E+03	 5.042E+03
 237.500	 0.000E+00	-3.278E+03	 4.949E+03
 237.550	 0.000E+00	-3.137E+03	 4.943E+03
 237.600	 0.000E+00	-2.978E+03	 5.085E+03
 237.650	 0.000E+00	-2.829E+03	 5.342E+03
 237.700	 0.000E+00	-2.683E+03	 5.739E+03
 237.750	 0.000E+00	-2.570E+03	 6.083E+03
 237.800	 0.000E+00	-2.478E+03	 6.355E+03
 237.850	 0.000E+00	-2.420E+03	 6.525E+03
 237.900	 0.000E+00	-2.362E+03	 6.575E+03
 237.950	 0.000E+00	-2.342E+03	 6.551E+03
 238.000	 0.000E+00	-2.315E+03	 6.524E+03
 238.050	 0.000E+00	-2.318E+03	 6.453E+03
 238.100	 0.000E+00	-2.293E+03	 6.427E+03
 238.150	 0.000E+00	-2.267E+03	 6.427E+03
 238.200	 0.000E+00	-2.186E+03	 6.471E+03
 238.250	 0.000E+00	-2.086E+03	 6.515E+03
 238.300	 0.000E+00	-1.929E+03	 6.562E+03
 238.350	 0.000E+00	-1.716E+03	 6.678E+03
 238.400	 0.000E+00	-1.471E+03	 6.792E+03
 238.450	 0.000E+00	-1.176E+03	 6.866E+03
 238.500	 0.000E+00	-8.490E+02	 6.960E+03
 238.550	 0.000E+00	-5.187E+02	 7.065E+03
 238.600	 0.000E+00	-2.170E+02	 7.131E+03
 238.650	 0.000E+00	 7.594E+01	 7.182E+03
 238.700	 0.000E+00	 2.915E+02	 7.288E+03
 238.750	 0.000E+00	 4.789E+02	 7.414E+03
 238.800	 0.000E+00	 6.262E+02	 7.547E+03
 238.850	 0.000E+00	 7.068E+02	 7.643E+03
 238.900	 0.000E+00	 7.822E+02	 7.703E+03
 238.950	 0.000E+00	 8.392E+02	 7.719E+03
 239.000	 0.000E+00	 8.777E+02	 7.626E+03
 239.050	 0.000E+00	 9.195E+02	 7.479E+03
 239.100	 0.000E+00	 9.794E+02	 7.336E+03
 239.150	 0.000E+00	 1.081E+03	 7.243E+03
 239.200	 0.000E+00	 1.235E+03	 7.175E+03
 239.250	 0.000E+00	 1.445E+03	 7.138E+03
 239.300	 0.000E+00	 1.689E+03	 7.072E+03
 239.350	 0.000E+00	 1.948E+03	 7.027E+03
 239.400	 0.000E+00	 2.219E+03	 6.963E+03
 239.450	 0.000E+00	 2.497E+03	 6.887E+03
 239.500	 0.000E+00	 2.768E+03	 6.804E+03
 239.550	 0.000E+00	 3.009E+03	 6.667E+03
 239.600	 0.000E+00	 3.223E+03	 6.518E+03
 239.650	 0.000E+00	 3.387E+03	 6.352E+03
 239.700	 0.000E+00	 3.517E+03	 6.174E+03
 239.750	 0.000E+00	 3.605E+03	 6.040E+03
 239.800	 0.000E+00	 3.654E+03	 5.974E+03
 239.850	 0.000E+00	 3.682E+03	 6.001E+03
 239.900	 0.000E+00	 3.694E+03	 6.125E+03
 239.950	 0.000E+00	 3.679E+03	 6.288E+03
 240.000	 0.000E+00	 3.675E+03	 6.536E+03
 240.050	 0.000E+00	 3.715E+03	 6.897E+03
 240.100	 0.000E+00	 3.788E+03	 7.327E+03
 240.150	 0.000E+00	 3.891E+03	 7.691E+03
 240.200	 0.000E+00	 4.029E+03	 7.955E+03
 240.250	 0.000E+00	 4.192E+03	 8.096E+03
 240.300	 0.000E+00	 4.339E+03	 8.044E+03
 240.350	 0.000E+00	 4.522E+03	 8.033E+03
 240.400	 0.000E+00	 4.685E+03	 7.990E+03
 240.450	 0.000E+00	 4.821E+03	 7.973E+03
 240.500	 0.000E+00	 4.904E+03	 8.002E+03
 240.550	 0.000E+00	 4.918E+03	 8.117E+03
 240.600	 0.000E+00	 4.849E+03	 8.240E+03
 240.650	 0.000E+00	 4.727E+03	 8.329E+03
 240.700	 0.000E+00	 4.543E+03	 8.284E+03
 240.750	 0.000E+00	 4.348E+03	 8.129E+03
 240.800	 0.000E+00	 4.152E+03	 7.852E+03
 240.850	 0.000E+00	 3.963E+03	 7.468E+03
 240.900	 0.000E+00	 3.789E+03	 7.058E+03
 240.950	 0.000E+00	 3.665E+03	 6.756E+03
 241.000	 0.000E+00	 3.562E+03	 6.597E+03
 241.050	 0.000E+00	 3.481E+03	 6.508E+03
 241.100	 0.000E+00	 3.452E+03	 6.565E+03
 241.150	 0.000E+00	 3.424E+03	 6.645E+03
 241.200	 0.000E+00	 3.412E+03	 6.787E+03
 241.250	 0.000E+00	 3.418E+03	 6.958E+03
 241.300	 0.000E+00	 3.380E+03	 7.012E+03
 241.350	 0.000E+00	 3.333E+03	 7.071E+03
 241.400	 0.000E+00	 3.246E+03	 7.168E+03
 241.450	 0.000E+00	 3.114E+03	 7.272E+03
 241.500	 0.000E+00	 2.936E+03	 7.417E+03
 241.550	 0.000E+00	 2.706E+03	 7.625E+03
 241.600	 0.000E+00	 2.447E+03	 7.841E+03
 241.650	 0.000E+00	 2.161E+03	 8.029E+03
 241.700	 0.000E+00	 1.863E+03	 8.169E+03
 241.750	 0.000E+00	 1.573E+03	 8.193E+03
 241.800	 0.000E+00	 1.324E+03	 8.161E+03
 241.850	 0.000E+00	 1.096E+03	 7.970E+03
 241.900	 0.000E+00	 9.017E+02	 7.661E+03
 241.950	 0.000E+00	 7.498E+02	 7.348E+03
 242.000	 0.000E+00	 6.283E+02	 7.098E+03
 242.050	 0.000E+00	 5.063E+02	 6.840E+03
 242.100	 0.000E+00	 3.995E+02	 6.599E+03
 242.150	 0.000E+00	 2.951E+02	 6.391E+03
 242.200	 0.000E+00	 1.596E+02	 6.209E+03
 242.250	 0.000E+00	 2.916E+01	 6.129E+03
 242.300	 0.000E+00	-1.287E+02	 6.041E+03
 242.350	 0.000E+00	-3.122E+02	 5.975E+03
 242.400	 0.000E+00	-5.290E+02	 5.956E+03
 242.450	 0.000E+00	-7.738E+02	 6.016E+03
 242.500	 0.000E+00	-1.040E+03	 6.175E+03
 242.550	 0.000E+00	-1.299E+03	 6.439E+03
 242.600	 0.000E+00	-1.562E+03	 6.684E+03
 242.650	 0.000E+00	-1.820E+03	 6.900E+03
 242.700	 0.000E+00	-2.043E+03	 7.054E+03
 242.750	 0.000E+00	-2.230E+03	 7.141E+03
 242.800	 0.000E+00	-2.394E+03	 7.166E+03
 242.850	 0.000E+00	-2.512E+03	 7.177E+03
 242.900	 0.000E+00	-2.582E+03	 7.218E+03
 242.950	 0.000E+00	-2.625E+03	 7.221E+03
 243.000	 0.000E+00	-2.640E+03	 7.233E+03
 243.050	 0.000E+00	-2.610E+03	 7.284E+03
 243.100	 0.000E+00	-2.563E+03	 7.331E+03
 243.150	 0.000E+00	-2.514E+03	 7.346E+03
 243.200	 0.000E+00	-2.468E+03	 7.301E+03
 243.250	 0.000E+00	-2.452E+03	 7.207E+03
 243.300	 0.000E+00	-2.458E+03	 7.112E+03
 243.350	 0.000E+00	-2.497E+03	 7.067E+03
 243.400	 0.000E+00	-2.569E+03	 7.052E+03
 243.450	 0.000E+00	-2.661E+03	 7.064E+03
 243.500	 0.000E+00	-2.783E+03	 7.109E+03
 243.550	 0.000E+00	-2.881E+03	 7.219E+03
 243.600	 0.000E+00	-2.969E+03	 7.272E+03
 243.650	 0.000E+00	-3.032E+03	 7.279E+03
 243.700	 0.000E+00	-3.052E+03	 7.266E+03
 243.750	 0.000E+00	-3.021E+03	 7.226E+03
 243.800	 0.000E+00	-2.942E+03	 7.171E+03
 243.850	 0.000E+00	-2.818E+03	 7.145E+03
 243.900	 0.000E+00	-2.658E+03	 7.193E+03
 243.950	 0.000E+00	-2.470E+03	 7.258E+03
 244.000	 0.000E+00	-2.241E+03	 7.378E+03
 244.050	 0.000E+00	-2.032E+03	 7.459E+03
 244.100	 0.000E+00	-1.792E+03	 7.579E+03
 244.150	 0.000E+00	-1.579E+03	 7.704E+03
 244.200	 0.000E+00	-1.391E+03	 7.788E+03
 244.250	 0.000E+00	-1.233E+03	 7.781E+03
 244.300	 0.000E+00	-1.100E+03	 7.729E+03
 244.350	 0.000E+00	-1.001E+03	 7.704E+03
 244.400	 0.000E+00	-9.107E+02	 7.671E+03
 244.450	 0.000E+00	-8.083E+02	 7.727E+03
 244.500	 0.000E+00	-7.300E+02	 7.868E+03
 244.550	 0.000E+00	-6.512E+02	 8.081E+03
 244.600	 0.000E+00	-5.565E+02	 8.266E+03
 244.650	 0.000E+00	-4.385E+02	 8.370E+03
 244.700	 0.000E+00	-2.987E+02	 8.422E+03
 244.750	 0.000E+00	-1.327E+02	 8.407E+03
 244.800	 0.000E+00	 1.031E+02	 8.302E+03
 244.850	 0.000E+00	 3.436E+02	 8.137E+03
 244.900	 0.000E+00	 6.094E+02	 8.000E+03
 244.950	 0.000E+00	 9.068E+02	 7.907E+03
 245.000	 0.000E+00	 1.200E+03	 7.912E+03
 245.050	 0.000E+00	 1.464E+03	 7.992E+03
 245.100	 0.000E+00	 1.696E+03	 8.126E+03
 245.150	 0.000E+00	 1.909E+03	 8.254E+03
 245.200	 0.000E+00	 2.067E+03	 8.305E+03
 245.250	 0.000E+00	 2.190E+03	 8.216E+03
 245.300	 0.000E+00	 2.290E+03	 8.020E+03
 245.350	 0.000E+00	 2.370E+03	 7.802E+03
 245.400	 0.000E+00	 2.443E+03	 7.622E+03
 245.450	 0.000E+00	 2.532E+03	 7.538E+03
 245.500	 0.000E+00	 2.615E+03	 7.590E+03
 245.550	 0.000E+00	 2.723E+03	 7.748E+03
 245.600	 0.000E+00	 2.870E+03	 7.973E+03
 245.650	 0.000E+00	 3.020E+03	 8.143E+03
 245.700	 0.000E+00	 3.178E+03	 8.200E+03
 245.750	 0.000E+00	 3.356E+03	 8.150E+03
 245.800	 0.000E+00	 3.540E+03	 7.979E+03
 245.850	 0.000E+00	 3.747E+03	 7.755E+03
 245.900	 0.000E+00	 3.981E+03	 7.592E+03
 245.950	 0.000E+00	 4.219E+03	 7.585E+03
 246.000	 0.000E+00	 4.410E+03	 7.691E+03
 246.050	 0.000E+00	 4.569E+03	 7.990E+03
 246.100	 0.000E+00	 4.679E+03	 8.343E+03
 246.150	 0.000E+00	 4.733E+03	 8.664E+03
 246.200	 0.000E+00	 4.729E+03	 8.862E+03
 246.250	 0.000E+00	 4.676E+03	 8.931E+03
 246.300	 0.000E+00	 4.587E+03	 8.836E+03
 246.350	 0.000E+00	 4.462E+03	 8.617E+03
 246.400	 0.000E+00	 4.325E+03	 8.374E+03
 246.450	 0.000E+00	 4.175E+03	 8.099E+03
 246.500	 0.000E+00	 4.057E+03	 7.924E+03
 246.550	 0.000E+00	 4.004E+03	 7.966E+03
 246.600	 0.000E+00	 3.982E+03	 8.072E+03
 246.650	 0.000E+00	 4.019E+03	 8.249E+03
 246.700	 0.000E+00	 4.078E+03	 8.398E+03
 246.750	 0.000E+00	 4.150E+03	 8.478E+03
 246.800	 0.000E+00	 4.221E+03	 8.405E+03
 246.850	 0.000E+00	 4.275E+03	 8.171E+03
 246.900	 0.000E+00	 4.291E+03	 7.887E+03
 246.950	 0.000E+00	 4.258E+03	 7.707E+03
 247.000	 0.000E+00	 4.166E+03	 7.687E+03
 247.050	 0.000E+00	 3.995E+03	 7.842E+03
 247.100	 0.000E+00	 3.772E+03	 8.121E+03
 247.150	 0.000E+00	 3.481E+03	 8.367E+03
 247.200	 0.000E+00	 3.151E+03	 8.553E+03
 247.250	 0.000E+00	 2.794E+03	 8.590E+03
 247.300	 0.000E+00	 2.440E+03	 8.478E+03
 247.350	 0.000E+00	 2.096E+03	 8.343E+03
 247.400	 0.000E+00	 1.777E+03	 8.171E+03
 247.450	 0.000E+00	 1.526E+03	 8.003E+03
 247.500	 0.000E+00	 1.351E+03	 7.870E+03
 247.550	 0.000E+00	 1.221E+03	 7.778E+03
 247.600	 0.000E+00	 1.150E+03	 7.698E+03
 247.650	 0.000E+00	 1.121E+03	 7.583E+03
 247.700	 0.000E+00	 1.086E+03	 7.496E+03
 247.750	 0.000E+00	 1.040E+03	 7.394E+03
 247.800	 0.000E+00	 9.816E+02	 7.298E+03
 247.850	 0.000E+00	 8.809E+02	 7.257E+03
 247.900	 0.000E+00	 7.329E+02	 7.254E+03
 247.950	 0.000E+00	 5.666E+02	 7.288E+03
 248.000	 0.000E+00	 3.224E+02	 7.343E+03
 248.050	 0.000E+00	 2.271E+01	 7.436E+03
 248.100	 0.000E+00	-2.828E+02	 7.591E+03
 248.150	 0.000E+00	-6.196E+02	 7.716E+03
 248.200	 0.000E+00	-9.604E+02	 7.806E+03
 248.250	 0.000E+00	-1.270E+03	 7.862E+03
 248.300	 0.000E+00	-1.543E+03	 7.916E+03
 248.350	 0.000E+00	-1.780E+03	 7.934E+03
 248.400	 0.000E+00	-1.959E+03	 7.945E+03
 248.450	 0.000E+00	-2.085E+03	 7.978E+03
 248.500	 0.000E+00	-2.180E+03	 7.985E+03
 248.550	 0.000E+00	-2.230E+03	 7.957E+03
 248.600	 0.000E+00	-2.234E+03	 7.939E+03
 248.650	 0.000E+00	-2.226E+03	 7.891E+03
 248.700	 0.000E+00	-2.211E+03	 7.808E+03
 248.750	 0.000E+00	-2.186E+03	 7.751E+03
 248.800	 0.000E+00	-2.184E+03	 7.704E+03
 248.850	 0.000E+00	-2.215E+03	 7.666E+03
 248.900	 0.000E+00	-2.299E+03	 7.645E+03
 248.950	 0.000E+00	-2.396E+03	 7.712E+03
 249.000	 0.000E+00	-2.520E+03	 7.807E+03
 249.050	 0.000E+00	-2.662E+03	 7.871E+03
 249.100	 0.000E+00	-2.802E+03	 7.982E+03
 249.150	 0.000E+00	-2.933E+03	 8.053E+03
 249.200	 0.000E+00	-3.032E+03	 8.007E+03
 249.250	 0.000E+00	-3.062E+03	 7.913E+03
 249.300	 0.000E+00	-3.040E+03	 7.832E+03
 249.350	 0.000E+00	-2.953E+03	 7.849E+03
 249.400	 0.000E+00	-2.803E+03	 8.008E+03
 249.450	 0.000E+00	-2.611E+03	 8.351E+03
 249.500	 0.000E+00	-2.403E+03	 8.751E+03
 249.550	 0.000E+00	-2.193E+03	 9.142E+03
 249.600	 0.000E+00	-2.007E+03	 9.452E+03
 249.650	 0.000E+00	-1.840E+03	 9.660E+03
 249.700	 0.000E+00	-1.691E+03	 9.692E+03
 249.750	 0.000E+00	-1.565E+03	 9.661E+03
 249.800	 0.000E+00	-1.471E+03	 9.570E+03
 249.850	 0.000E+00	-1.367E+03	 9.421E+03
 249.900	 0.000E+00	-1.287E+03	 9.249E+03
 249.950	 0.000E+00	-1.215E+03	 9.058E+03
 250.000	 0.000E+00	-1.135E+03	 8.878E+03
 250.050	 0.000E+00	-1.052E+03	 8.737E+03
 250.100	 0.000E+00	-9.586E+02	 8.687E+03
 250.150	 0.000E+00	-8.350E+02	 8.684E+03
 250.200	 0.000E+00	-6.749E+02	 8.716E+03
 250.250	 0.000E+00	-4.963E+02	 8.745E+03
 250.300	 0.000E+00	-2.286E+02	 8.770E+03
 250.350	 0.000E+00	 9.235E+01	 8.791E+03
 250.400	 0.000E+00	 4.088E+02	 8.856E+03
 250.450	 0.000E+00	 7.648E+02	 8.964E+03
 250.500	 0.000E+00	 1.127E+03	 9.139E+03
 250.550	 0.000E+00	 1.442E+03	 9.350E+03
 250.600	 0.000E+00	 1.753E+03	 9.577E+03
 250.650	 0.000E+00	 2.034E+03	 9.808E+03
 250.700	 0.000E+00	 2.249E+03	 1.011E+04
 250.750	 0.000E+00	 2.410E+03	 1.048E+04
 250.800	 0.000E+00	 2.556E+03	 1.076E+04
 250.850	 0.000E+00	 2.676E+03	 1.084E+04
 250.900	 0.000E+00	 2.780E+03	 1.078E+04
 250.950	 0.000E+00	 2.914E+03	 1.067E+04
 251.000	 0.000E+00	 3.053E+03	 1.054E+04
 251.050	 0.000E+00	 3.187E+03	 1.044E+04
 251.100	 0.000E+00	 3.344E+03	 1.041E+04
 251.150	 0.000E+00	 3.509E+03	 1.039E+04
 251.200	 0.000E+00	 3.641E+03	 1.036E+04
 251.250	 0.000E+00	 3.768E+03	 1.031E+04
 251.300	 0.000E+00	 3.916E+03	 1.020E+04
 251.350	 0.000E+00	 4.059E+03	 9.931E+03
 251.400	 0.000E+00	 4.194E+03	 9.530E+03
 251.450	 0.000E+00	 4.308E+03	 9.090E+03
 251.500	 0.000E+00	 4.400E+03	 8.739E+03
 251.550	 0.000E+00	 4.450E+03	 8.411E+03
 251.600	 0.000E+00	 4.504E+03	 8.281E+03
 251.650	 0.000E+00	 4.525E+03	 8.272E+03
 251.700	 0.000E+00	 4.491E+03	 8.332E+03
 251.750	 0.000E+00	 4.402E+03	 8.372E+03
 251.800	 0.000E+00	 4.290E+03	 8.418E+03
 251.850	 0.000E+00	 4.173E+03	 8.426E+03
 251.900	 0.000E+00	 4.062E+03	 8.312E+03
 251.950	 0.000E+00	 3.956E+03	 8.072E+03
 252.000	 0.000E+00	 3.894E+03	 7.798E+03
 252.050	 0.000E+00	 3.875E+03	 7.535E+03
 252.100	 0.000E+00	 3.898E+03	 7.374E+03
 252.150	 0.000E+00	 3.945E+03	 7.405E+03
 252.200	 0.000E+00	 4.011E+03	 7.576E+03
 252.250	 0.000E+00	 4.055E+03	 7.741E+03
 252.300	 0.000E+00	 4.088E+03	 7.919E+03
 252.350	 0.000E+00	 4.065E+03	 8.018E+03
 252.400	 0.000E+00	 4.018E+03	 8.056E+03
 252.450	 0.000E+00	 3.921E+03	 8.125E+03
 252.500	 0.000E+00	 3.763E+03	 8.255E+03
 252.550	 0.000E+00	 3.556E+03	 8.408E+03
 252.600	 0.000E+00	 3.304E+03	 8.592E+03
 252.650	 0.000E+00	 3.010E+03	 8.788E+03
 252.700	 0.000E+00	 2.691E+03	 9.011E+03
 252.750	 0.000E+00	 2.384E+03	 9.121E+03
 252.800	 0.000E+00	 2.076E+03	 9.142E+03
 252.850	 0.000E+00	 1.790E+03	 9.101E+03
 252.900	 0.000E+00	 1.541E+03	 8.929E+03
 252.950	 0.000E+00	 1.339E+03	 8.763E+03
 253.000	 0.000E+00	 1.184E+03	 8.591E+03
 253.050	 0.000E+00	 1.073E+03	 8.436E+03
 253.100	 0.000E+00	 1.005E+03	 8.310E+03
 253.150	 0.000E+00	 9.850E+02	 8.310E+03
 253.200	 0.000E+00	 9.255E+02	 8.398E+03
 253.250	 0.000E+00	 8.750E+02	 8.589E+03
 253.300	 0.000E+00	 8.094E+02	 8.797E+03
 253.350	 0.000E+00	 7.010E+02	 8.921E+03
 253.400	 0.000E+00	 5.162E+02	 8.994E+03
 253.450	 0.000E+00	 2.700E+02	 8.999E+03
 253.500	 0.000E+00	-7.702E+00	 8.984E+03
 253.550	 0.000E+00	-3.128E+02	 9.021E+03
 253.600	 0.000E+00	-6.449E+02	 9.111E+03
 253.650	 0.000E+00	-9.700E+02	 9.240E+03
 253.700	 0.000E+00	-1.298E+03	 9.352E+03
 253.750	 0.000E+00	-1.595E+03	 9.378E+03
 253.800	 0.000E+00	-1.835E+03	 9.295E+03
 253.850	 0.000E+00	-2.034E+03	 9.105E+03
 253.900	 0.000E+00	-2.197E+03	 8.804E+03
 253.950	 0.000E+00	-2.311E+03	 8.459E+03
 254.000	 0.000E+00	-2.363E+03	 8.169E+03
 254.050	 0.000E+00	-2.373E+03	 7.962E+03
 254.100	 0.000E+00	-2.342E+03	 7.875E+03
 254.150	 0.000E+00	-2.271E+03	 7.937E+03
 254.200	 0.000E+00	-2.211E+03	 8.023E+03
 254.250	 0.000E+00	-2.172E+03	 8.077E+03
 254.300	 0.000E+00	-2.163E+03	 8.149E+03
 254.350	 0.000E+00	-2.197E+03	 8.278E+03
 254.400	 0.000E+00	-2.286E+03	 8.403E+03
 254.450	 0.000E+00	-2.414E+03	 8.558E+03
 254.500	 0.000E+00	-2.575E+03	 8.748E+03
 254.550	 0.000E+00	-2.763E+03	 8.889E+03
 254.600	 0.000E+00	-2.917E+03	 8.976E+03
 254.650	 0.000E+00	-3.028E+03	 9.009E+03
 254.700	 0.000E+00	-3.084E+03	 8.943E+03
 254.750	 0.000E+00	-3.058E+03	 8.788E+03
 254.800	 0.000E+00	-2.932E+03	 8.688E+03
 254.850	 0.000E+00	-2.713E+03	 8.726E+03
 254.900	 0.000E+00	-2.407E+03	 8.913E+03
 254.950	 0.000E+00	-2.056E+03	 9.182E+03
 255.000	 0.000E+00	-1.685E+03	 9.529E+03
 255.050	 0.000E+00	-1.313E+03	 9.813E+03
 255.100	 0.000E+00	-9.274E+02	 9.975E+03
 255.150	 0.000E+00	-5.639E+02	 1.008E+04
 255.200	 0.000E+00	-2.434E+02	 1.022E+04
 255.250	 0.000E+00	 3.719E+01	 1.036E+04
 255.300	 0.000E+00	 2.690E+02	 1.057E+04
 255.350	 0.000E+00	 4.078E+02	 1.077E+04
 255.400	 0.000E+00	 5.237E+02	 1.091E+04
 255.450	 0.000E+00	 5.779E+02	 1.097E+04
 255.500	 0.000E+00	 5.777E+02	 1.100E+04
 255.550	 0.000E+00	 5.612E+02	 1.103E+04
 255.600	 0.000E+00	 5.862E+02	 1.103E+04
 255.650	 0.000E+00	 6.491E+02	 1.107E+04
 255.700	 0.000E+00	 7.723E+02	 1.115E+04
 255.750	 0.000E+00	 9.638E+02	 1.118E+04
 255.800	 0.000E+00	 1.231E+03	 1.119E+04
 255.850	 0.000E+00	 1.562E+03	 1.109E+04
 255.900	 0.000E+00	 1.945E+03	 1.087E+04
 255.950	 0.000E+00	 2.339E+03	 1.060E+04
 256.000	 0.000E+00	 2.698E+03	 1.030E+04
 256.050	 0.000E+00	 3.021E+03	 1.003E+04
 256.100	 0.000E+00	 3.312E+03	 9.876E+03
 256.150	 0.000E+00	 3.550E+03	 9.859E+03
 256.200	 0.000E+00	 3.723E+03	 9.986E+03
 256.250	 0.000E+00	 3.831E+03	 1.019E+04
 256.300	 0.000E+00	 3.859E+03	 1.034E+04
 256.350	 0.000E+00	 3.841E+03	 1.042E+04
 256.400	 0.000E+00	 3.810E+03	 1.035E+04
 256.450	 0.000E+00	 3.787E+03	 1.016E+04
 256.500	 0.000E+00	 3.762E+03	 9.849E+03
 256.550	 0.000E+00	 3.735E+03	 9.532E+03
 256.600	 0.000E+00	 3.706E+03	 9.345E+03
 256.650	 0.000E+00	 3.683E+03	 9.198E+03
 256.700	 0.000E+00	 3.674E+03	 8.992E+03
 256.750	 0.000E+00	 3.685E+03	 8.656E+03
 256.800	 0.000E+00	 3.719E+03	 8.154E+03
 256.850	 0.000E+00	 3.815E+03	 7.648E+03
 256.900	 0.000E+00	 3.935E+03	 7.078E+03
 256.950	 0.000E+00	 4.079E+03	 6.522E+03
 257.000	 0.000E+00	 4.214E+03	 5.990E+03
 257.050	 0.000E+00	 4.332E+03	 5.585E+03
 257.100	 0.000E+00	 4.420E+03	 5.372E+03
 257.150	 0.000E+00	 4.470E+03	 5.327E+03
 257.200	 0.000E+00	 4.456E+03	 5.500E+03
 257.250	 0.000E+00	 4.367E+03	 5.829E+03
 257.300	 0.000E+00	 4.216E+03	 6.251E+03
 257.350	 0.000E+00	 4.018E+03	 6.669E+03
 257.400	 0.000E+00	 3.807E+03	 7.022E+03
 257.450	 0.000E+00	 3.611E+03	 7.295E+03
 257.500	 0.000E+00	 3.441E+03	 7.545E+03
 257.550	 0.000E+00	 3.299E+03	 7.881E+03
 257.600	 0.000E+00	 3.190E+03	 8.222E+03
 257.650	 0.000E+00	 3.118E+03	 8.634E+03
 257.700	 0.000E+00	 3.057E+03	 9.020E+03
 257.750	 0.000E+00	 3.013E+03	 9.400E+03
 257.800	 0.000E+00	 2.962E+03	 9.678E+03
 257.850	 0.000E+00	 2.886E+03	 9.792E+03
 257.900	 0.000E+00	 2.784E+03	 9.757E+03
 257.950	 0.000E+00	 2.661E+03	 9.582E+03
 258.000	 0.000E+00	 2.475E+03	 9.294E+03
 258.050	 0.000E+00	 2.268E+03	 9.009E+03
 258.100	 0.000E+00	 2.044E+03	 8.744E+03
 258.150	 0.000E+00	 1.815E+03	 8.577E+03
 258.200	 0.000E+00	 1.582E+03	 8.526E+03
 258.250	 0.000E+00	 1.323E+03	 8.585E+03
 258.300	 0.000E+00	 1.041E+03	 8.768E+03
 258.350	 0.000E+00	 7.409E+02	 8.993E+03
 258.400	 0.000E+00	 4.663E+02	 9.245E+03
 258.450	 0.000E+00	 2.048E+02	 9.436E+03
 258.500	 0.000E+00	-1.401E+01	 9.595E+03
 258.550	 0.000E+00	-1.967E+02	 9.806E+03
 258.600	 0.000E+00	-3.475E+02	 1.004E+04
 258.650	 0.000E+00	-4.451E+02	 1.020E+04
 258.700	 0.000E+00	-5.163E+02	 1.019E+04
 258.750	 0.000E+00	-5.905E+02	 1.004E+04
 258.800	 0.000E+00	-6.718E+02	 9.770E+03
 258.850	 0.000E+00	-7.851E+02	 9.439E+03
 258.900	 0.000E+00	-9.567E+02	 9.140E+03
 258.950	 0.000E+00	-1.153E+03	 8.975E+03
 259.000	 0.000E+00	-1.360E+03	 8.962E+03
 259.050	 0.000E+00	-1.604E+03	 8.957E+03
 259.100	 0.000E+00	-1.857E+03	 8.946E+03
 259.150	 0.000E+00	-2.085E+03	 8.926E+03
 259.200	 0.000E+00	-2.279E+03	 8.906E+03
 259.250	 0.000E+00	-2.415E+03	 8.893E+03
 259.300	 0.000E+00	-2.497E+03	 8.869E+03
 259.350	 0.000E+00	-2.526E+03	 8.868E+03
 259.400	 0.000E+00	-2.526E+03	 8.953E+03
 259.450	 0.000E+00	-2.497E+03	 9.119E+03
 259.500	 0.000E+00	-2.441E+03	 9.368E+03
 259.550	 0.000E+00	-2.364E+03	 9.711E+03
 259.600	 0.000E+00	-2.265E+03	 1.011E+04
 259.650	 0.000E+00	-2.154E+03	 1.049E+04
 259.700	 0.000E+00	-2.050E+03	 1.076E+04
 259.750	 0.000E+00	-1.941E+03	 1.094E+04
 259.800	 0.000E+00	-1.839E+03	 1.102E+04
 259.850	 0.000E+00	-1.730E+03	 1.102E+04
 259.900	 0.000E+00	-1.615E+03	 1.102E+04
 259.950	 0.000E+00	-1.498E+03	 1.111E+04
 260.000	 0.000E+00	-1.378E+03	 1.129E+04
 260.050	 0.000E+00	-1.280E+03	 1.153E+04
 260.100	 0.000E+00	-1.159E+03	 1.178E+04
 260.150	 0.000E+00	-1.050E+03	 1.193E+04
 260.200	 0.000E+00	-9.170E+02	 1.198E+04
 260.250	 0.000E+00	-7.831E+02	 1.185E+04
 260.300	 0.000E+00	-6.102E+02	 1.155E+04
 260.350	 0.000E+00	-4.464E+02	 1.105E+04
 260.400	 0.000E+00	-2.811E+02	 1.047E+04
 260.450	 0.000E+00	-6.392E+01	 9.944E+03
 260.500	 0.000E+00	 1.700E+02	 9.602E+03
 260.550	 0.000E+00	 4.124E+02	 9.522E+03
 260.600	 0.000E+00	 6.466E+02	 9.717E+03
 260.650	 0.000E+00	 8.768E+02	 1.003E+04
 260.700	 0.000E+00	 1.090E+03	 1.038E+04
 260.750	 0.000E+00	 1.298E+03	 1.055E+04
 260.800	 0.000E+00	 1.518E+03	 1.061E+04
 260.850	 0.000E+00	 1.731E+03	 1.057E+04
 260.900	 0.000E+00	 1.932E+03	 1.051E+04
 260.950	 0.000E+00	 2.139E+03	 1.051E+04
 261.000	 0.000E+00	 2.349E+03	 1.064E+04
 261.050	 0.000E+00	 2.559E+03	 1.091E+04
 261.100	 0.000E+00	 2.753E+03	 1.124E+04
 261.150	 0.000E+00	 2.956E+03	 1.153E+04
 261.200	 0.000E+00	 3.157E+03	 1.173E+04
 261.250	 0.000E+00	 3.370E+03	 1.182E+04
 261.300	 0.000E+00	 3.587E+03	 1.180E+04
 261.350	 0.000E+00	 3.779E+03	 1.170E+04
 261.400	 0.000E+00	 3.963E+03	 1.160E+04
 261.450	 0.000E+00	 4.149E+03	 1.160E+04
 261.500	 0.000E+00	 4.332E+03	 1.164E+04
 261.550	 0.000E+00	 4.490E+03	 1.165E+04
 261.600	 0.000E+00	 4.593E+03	 1.160E+04
 261.650	 0.000E+00	 4.645E+03	 1.142E+04
 261.700	 0.000E+00	 4.658E+03	 1.113E+04
 261.750	 0.000E+00	 4.623E+03	 1.068E+04
 261.800	 0.000E+00	 4.560E+03	 1.018E+04
 261.850	 0.000E+00	 4.476E+03	 9.703E+03
 261.900	 0.000E+00	 4.371E+03	 9.266E+03
 261.950	 0.000E+00	 4.299E+03	 9.049E+03
 262.000	 0.000E+00	 4.259E+03	 8.944E+03
 262.050	 0.000E+00	 4.264E+03	 8.871E+03
 262.100	 0.000E+00	 4.280E+03	 8.584E+03
 262.150	 0.000E+00	 4.304E+03	 8.193E+03
 262.200	 0.000E+00	 4.347E+03	 7.882E+03
 262.250	 0.000E+00	 4.404E+03	 7.665E+03
 262.300	 0.000E+00	 4.472E+03	 7.660E+03
 262.350	 0.000E+00	 4.519E+03	 7.786E+03
 262.400	 0.000E+00	 4.533E+03	 7.944E+03
 262.450	 0.000E+00	 4.524E+03	 8.158E+03
 262.500	 0.000E+00	 4.479E+03	 8.475E+03
 262.550	 0.000E+00	 4.391E+03	 8.829E+03
 262.600	 0.000E+00	 4.272E+03	 9.228E+03
 262.650	 0.000E+00	 4.063E+03	 9.643E+03
 262.700	 0.000E+00	 3.819E+03	 1.001E+04
 262.750	 0.000E+00	 3.552E+03	 1.023E+04
 262.800	 0.000E+00	 3.250E+03	 1.035E+04
 262.850	 0.000E+00	 2.911E+03	 1.037E+04
 262.900	 0.000E+00	 2.592E+03	 1.031E+04
 262.950	 0.000E+00	 2.266E+03	 1.021E+04
 263.000	 0.000E+00	 1.932E+03	 1.003E+04
 263.050	 0.000E+00	 1.665E+03	 9.787E+03
 263.100	 0.000E+00	 1.431E+03	 9.504E+03
 263.150	 0.000E+00	 1.235E+03	 9.249E+03
 263.200	 0.000E+00	 1.108E+03	 9.070E+03
 263.250	 0.000E+00	 1.026E+03	 8.974E+03
 263.300	 0.000E+00	 9.745E+02	 8.963E+03
 263.350	 0.000E+00	 9.451E+02	 8.950E+03
 263.400	 0.000E+00	 9.215E+02	 8.992E+03
 263.450	 0.000E+00	 8.700E+02	 9.111E+03
 263.500	 0.000E+00	 7.628E+02	 9.285E+03
 263.550	 0.000E+00	 6.069E+02	 9.603E+03
 263.600	 0.000E+00	 3.948E+02	 1.003E+04
 263.650	 0.000E+00	 1.199E+02	 1.045E+04
 263.700	 0.000E+00	-2.034E+02	 1.073E+04
 263.750	 0.000E+00	-5.213E+02	 1.085E+04
 263.800	 0.000E+00	-8.284E+02	 1.072E+04
 263.850	 0.000E+00	-1.103E+03	 1.047E+04
 263.900	 0.000E+00	-1.318E+03	 1.021E+04
 263.950	 0.000E+00	-1.468E+03	 1.010E+04
 264.000	 0.000E+00	-1.573E+03	 1.013E+04
 264.050	 0.000E+00	-1.633E+03	 1.025E+04
 264.100	 0.000E+00	-1.685E+03	 1.037E+04
 264.150	 0.000E+00	-1.741E+03	 1.045E+04
 264.200	 0.000E+00	-1.821E+03	 1.042E+04
 264.250	 0.000E+00	-1.893E+03	 1.027E+04
 264.300	 0.000E+00	-1.968E+03	 1.005E+04
 264.350	 0.000E+00	-2.047E+03	 9.803E+03
 264.400	 0.000E+00	-2.130E+03	 9.541E+03
 264.450	 0.000E+00	-2.206E+03	 9.360E+03
 264.500	 0.000E+00	-2.271E+03	 9.332E+03
 264.550	 0.000E+00	-2.328E+03	 9.465E+03
 264.600	 0.000E+00	-2.368E+03	 9.729E+03
 264.650	 0.000E+00	-2.414E+03	 1.006E+04
 264.700	 0.000E+00	-2.442E+03	 1.036E+04
 264.750	 0.000E+00	-2.442E+03	 1.053E+04
 264.800	 9.681E-03	-2.417E+03	 1.059E+04
 264.850	 8.045E-02	-2.355E+03	 1.055E+04
 264.900	 1.568E-01	-2.242E+03	 1.048E+04
 264.950	 2.321E-01	-2.079E+03	 1.049E+04
 265.000	 3.039E-01	-1.863E+03	 1.066E+04
 265.050	 3.706E-01	-1.629E+03	 1.099E+04
 265.100	 4.308E-01	-1.381E+03	 1.133E+04
 265.150	 4.835E-01	-1.095E+03	 1.154E+04
 265.200	 5.306E-01	-7.832E+02	 1.159E+04
 265.250	 5.773E-01	-5.084E+02	 1.143E+04
 265.300	 6.283E-01	-2.605E+02	 1.120E+04
 265.350	 6.856E-01	-9.521E+01	 1.093E+04
 265.400	 7.485E-01	 3.901E+01	 1.066E+04
 265.450	 8.144E-01	 1.402E+02	 1.047E+04
 265.500	 8.790E-01	 2.032E+02	 1.034E+04
 265.550	 9.367E-01	 2.581E+02	 1.025E+04
 265.600	 9.825E-01	 3.144E+02	 1.015E+04
 265.650	 1.015E+00	 3.988E+02	 9.995E+03
 265.700	 1.034E+00	 5.291E+02	 9.733E+03
 265.750	 1.044E+00	 7.344E+02	 9.497E+03
 265.800	 1.049E+00	 9.816E+02	 9.260E+03
 265.850	 1.054E+00	 1.276E+03	 9.180E+03
 265.900	 1.063E+00	 1.604E+03	 9.213E+03
 265.950	 1.078E+00	 1.937E+03	 9.365E+03
 266.000	 1.102E+00	 2.278E+03	 9.650E+03
 266.050	 1.130E+00	 2.607E+03	 1.001E+04
 266.100	 1.160E+00	 2.935E+03	 1.040E+04
 266.150	 1.187E+00	 3.265E+03	 1.077E+04
 266.200	 1.206E+00	 3.559E+03	 1.105E+04
 266.250	 1.219E+00	 3.811E+03	 1.129E+04
 266.300	 1.228E+00	 4.026E+03	 1.147E+04
 266.350	 1.237E+00	 4.203E+03	 1.166E+04
 266.400	 1.251E+00	 4.330E+03	 1.186E+04
 266.450	 1.274E+00	 4.397E+03	 1.203E+04
 266.500	 1.312E+00	 4.419E+03	 1.215E+04
 266.550	 1.366E+00	 4.397E+03	 1.216E+04
 266.600	 1.433E+00	 4.340E+03	 1.207E+04
 266.650	 1.506E+00	 4.285E+03	 1.193E+04
 266.700	 1.579E+00	 4.236E+03	 1.166E+04
 266.750	 1.649E+00	 4.217E+03	 1.143E+04
 266.800	 1.710E+00	 4.223E+03	 1.117E+04
 266.850	 1.761E+00	 4.268E+03	 1.090E+04
 266.900	 1.804E+00	 4.339E+03	 1.047E+04
 266.950	 1.843E+00	 4.437E+03	 9.948E+03
 267.000	 1.885E+00	 4.558E+03	 9.532E+03
 267.050	 1.934E+00	 4.651E+03	 9.144E+03
 267.100	 1.989E+00	 4.746E+03	 8.878E+03
 267.150	 2.052E+00	 4.768E+03	 8.661E+03
 267.200	 2.119E+00	 4.708E+03	 8.444E+03
 267.250	 2.185E+00	 4.610E+03	 8.325E+03
 267.300	 2.242E+00	 4.461E+03	 8.159E+03
 267.350	 2.289E+00	 4.297E+03	 7.952E+03
 267.400	 2.323E+00	 4.102E+03	 7.685E+03
 267.450	 2.346E+00	 3.896E+03	 7.586E+03
 267.500	 2.361E+00	 3.668E+03	 7.678E+03
 267.550	 2.372E+00	 3.442E+03	 7.864E+03
 267.600	 2.385E+00	 3.239E+03	 8.192E+03
 267.650	 2.402E+00	 3.019E+03	 8.599E+03
 267.700	 2.427E+00	 2.830E+03	 8.990E+03
 267.750	 2.460E+00	 2.689E+03	 9.347E+03
 267.800	 2.498E+00	 2.547E+03	 9.612E+03
 267.850	 2.537E+00	 2.426E+03	 9.676E+03
 267.900	 2.574E+00	 2.354E+03	 9.652E+03
 267.950	 2.605E+00	 2.266E+03	 9.620E+03
 268.000	 2.630E+00	 2.188E+03	 9.565E+03
 268.050	 2.648E+00	 2.120E+03	 9.578E+03
 268.100	 2.665E+00	 1.983E+03	 9.644E+03
 268.150	 2.683E+00	 1.788E+03	 9.831E+03
 268.200	 2.707E+00	 1.535E+03	 1.002E+04
 268.250	 2.740E+00	 1.214E+03	 1.011E+04
 268.300	 2.782E+00	 8.105E+02	 9.995E+03
 268.350	 2.833E+00	 3.747E+02	 9.661E+03
 268.400	 2.888E+00	-7.780E+01	 9.139E+03
 268.450	 2.941E+00	-5.145E+02	 8.604E+03
 268.500	 2.988E+00	-8.777E+02	 8.248E+03
 268.550	 3.030E+00	-1.180E+03	 8.169E+03
 268.600	 3.066E+00	-1.420E+03	 8.253E+03
 268.650	 3.100E+00	-1.576E+03	 8.378E+03
 268.700	 3.130E+00	-1.664E+03	 8.382E+03
 268.750	 3.160E+00	-1.700E+03	 8.274E+03
 268.800	 3.191E+00	-1.699E+03	 8.067E+03
 268.850	 3.226E+00	-1.686E+03	 7.847E+03
 268.900	 3.264E+00	-1.698E+03	 7.634E+03
 268.950	 3.303E+00	-1.739E+03	 7.464E+03
 269.000	 3.342E+00	-1.818E+03	 7.379E+03
 269.050	 3.378E+00	-1.939E+03	 7.411E+03
 269.100	 3.410E+00	-2.100E+03	 7.522E+03
 269.150	 3.437E+00	-2.284E+03	 7.708E+03
 269.200	 3.459E+00	-2.481E+03	 7.989E+03
 269.250	 3.476E+00	-2.686E+03	 8.204E+03
 269.300	 3.491E+00	-2.876E+03	 8.305E+03
 269.350	 3.505E+00	-3.063E+03	 8.260E+03
 269.400	 3.523E+00	-3.227E+03	 8.093E+03
 269.450	 3.545E+00	-3.355E+03	 7.838E+03
 269.500	 3.572E+00	-3.437E+03	 7.523E+03
 269.550	 3.602E+00	-3.434E+03	 7.285E+03
 269.600	 3.633E+00	-3.365E+03	 7.116E+03
 269.650	 3.663E+00	-3.225E+03	 7.019E+03
 269.700	 3.690E+00	-3.044E+03	 6.989E+03
 269.750	 3.711E+00	-2.818E+03	 7.020E+03
 269.800	 3.728E+00	-2.568E+03	 7.130E+03
 269.850	 3.742E+00	-2.315E+03	 7.274E+03
 269.900	 3.758E+00	-2.086E+03	 7.432E+03
 269.950	 3.779E+00	-1.897E+03	 7.589E+03
 270.000	 3.806E+00	-1.757E+03	 7.741E+03
 270.050	 3.839E+00	-1.647E+03	 7.876E+03
 270.100	 3.877E+00	-1.570E+03	 8.029E+03
 270.150	 3.916E+00	-1.503E+03	 8.166E+03
 270.200	 3.953E+00	-1.409E+03	 8.271E+03
 270.250	 3.986E+00	-1.315E+03	 8.348E+03
 270.300	 4.014E+00	-1.178E+03	 8.375E+03
 270.350	 4.038E+00	-9.864E+02	 8.395E+03
 270.400	 4.058E+00	-7.841E+02	 8.457E+03
 270.450	 4.079E+00	-5.280E+02	 8.554E+03
 270.500	 4.102E+00	-2.314E+02	 8.652E+03
 270.550	 4.128E+00	 7.827E+01	 8.692E+03
 270.600	 4.159E+00	 4.052E+02	 8.641E+03
 270.650	 4.193E+00	 7.508E+02	 8.542E+03
 270.700	 4.228E+00	 1.045E+03	 8.418E+03
 270.750	 4.264E+00	 1.336E+03	 8.297E+03
 270.800	 4.298E+00	 1.620E+03	 8.207E+03
 270.850	 4.328E+00	 1.867E+03	 8.115E+03
 270.900	 4.354E+00	 2.086E+03	 8.116E+03
 270.950	 4.376E+00	 2.290E+03	 8.182E+03
 271.000	 4.394E+00	 2.452E+03	 8.300E+03
 271.050	 4.411E+00	 2.564E+03	 8.429E+03
 271.100	 4.429E+00	 2.662E+03	 8.498E+03
 271.150	 4.449E+00	 2.751E+03	 8.451E+03
 271.200	 4.471E+00	 2.818E+03	 8.309E+03
 271.250	 4.494E+00	 2.900E+03	 8.118E+03
 271.300	 4.518E+00	 3.007E+03	 7.996E+03
 271.350	 4.543E+00	 3.130E+03	 7.978E+03
 271.400	 4.566E+00	 3.287E+03	 8.098E+03
 271.450	 4.590E+00	 3.480E+03	 8.361E+03
 271.500	 4.613E+00	 3.696E+03	 8.662E+03
 271.550	 4.636E+00	 3.910E+03	 8.829E+03
 271.600	 4.660E+00	 4.097E+03	 8.919E+03
 271.650	 4.684E+00	 4.277E+03	 8.987E+03
 271.700	 4.707E+00	 4.423E+03	 9.011E+03
 271.750	 4.729E+00	 4.543E+03	 9.084E+03
 271.800	 4.750E+00	 4.622E+03	 9.190E+03
 271.850	 4.771E+00	 4.637E+03	 9.257E+03
 271.900	 4.794E+00	 4.620E+03	 9.432E+03
 271.950	 4.818E+00	 4.524E+03	 9.557E+03
 272.000	 4.845E+00	 4.411E+03	 9.647E+03
 272.050	 4.872E+00	 4.277E+03	 9.533E+03
 272.100	 4.900E+00	 4.125E+03	 9.216E+03
 272.150	 4.926E+00	 3.991E+03	 8.885E+03
 272.200	 4.950E+00	 3.862E+03	 8.563E+03
 272.250	 4.972E+00	 3.737E+03	 8.358E+03
 272.300	 4.991E+00	 3.628E+03	 8.366E+03
 272.350	 5.010E+00	 3.525E+03	 8.493E+03
 272.400	 5.030E+00	 3.441E+03	 8.620E+03
 272.450	 5.052E+00	 3.363E+03	 8.684E+03
 272.500	 5.075E+00	 3.271E+03	 8.648E+03
 272.550	 5.100E+00	 3.160E+03	 8.561E+03
 272.600	 5.124E+00	 3.033E+03	 8.434E+03
 272.650	 5.147E+00	 2.863E+03	 8.306E+03
 272.700	 5.168E+00	 2.676E+03	 8.290E+03
 272.750	 5.186E+00	 2.483E+03	 8.334E+03
 272.800	 5.203E+00	 2.272E+03	 8.472E+03
 272.850	 5.217E+00	 2.017E+03	 8.618E+03
 272.900	 5.232E+00	 1.761E+03	 8.701E+03
 272.950	 5.248E+00	 1.470E+03	 8.701E+03
 273.000	 5.265E+00	 1.171E+03	 8.655E+03
 273.050	 5.282E+00	 8.807E+02	 8.538E+03
 273.100	 5.300E+00	 6.072E+02	 8.360E+03
 273.150	 5.319E+00	 3.489E+02	 8.171E+03
 273.200	 5.338E+00	 1.173E+02	 8.004E+03
 273.250	 5.357E+00	-1.010E+02	 7.852E+03
 273.300	 5.375E+00	-2.984E+02	 7.796E+03
 273.350	 5.392E+00	-4.760E+02	 7.859E+03
 273.400	 5.407E+00	-6.135E+02	 8.030E+03
 273.450	 5.423E+00	-7.651E+02	 8.208E+03
 273.500	 5.438E+00	-9.391E+02	 8.295E+03
 273.550	 5.453E+00	-1.101E+03	 8.281E+03
 273.600	 5.469E+00	-1.269E+03	 8.209E+03
 273.650	 5.485E+00	-1.462E+03	 8.100E+03
 273.700	 5.501E+00	-1.639E+03	 8.056E+03
 273.750	 5.517E+00	-1.811E+03	 8.052E+03
 273.800	 5.532E+00	-1.996E+03	 8.065E+03
 273.850	 5.548E+00	-2.185E+03	 8.054E+03
 273.900	 5.563E+00	-2.355E+03	 7.995E+03
 273.950	 5.577E+00	-2.506E+03	 7.887E+03
 274.000	 5.591E+00	-2.635E+03	 7.713E+03
 274.050	 5.603E+00	-2.734E+03	 7.522E+03
 274.100	 5.615E+00	-2.812E+03	 7.323E+03
 274.150	 5.626E+00	-2.858E+03	 7.201E+03
 274.200	 5.637E+00	-2.874E+03	 7.197E+03
 274.250	 5.645E+00	-2.881E+03	 7.265E+03
 274.300	 5.653E+00	-2.846E+03	 7.396E+03
 274.350	 5.661E+00	-2.814E+03	 7.469E+03
 274.400	 5.670E+00	-2.797E+03	 7.487E+03
 274.450	 5.679E+00	-2.770E+03	 7.417E+03
 274.500	 5.687E+00	-2.766E+03	 7.227E+03
 274.550	 5.694E+00	-2.758E+03	 6.951E+03
 274.600	 5.700E+00	-2.724E+03	 6.648E+03
 274.650	 5.705E+00	-2.695E+03	 6.389E+03
 274.700	 5.708E+00	-2.661E+03	 6.250E+03
 274.750	 5.710E+00	-2.600E+03	 6.229E+03
 274.800	 5.711E+00	-2.513E+03	 6.281E+03
 274.850	 5.711E+00	-2.422E+03	 6.336E+03
 274.900	 5.712E+00	-2.323E+03	 6.425E+03
 274.950	 5.715E+00	-2.190E+03	 6.446E+03
 275.000	 5.719E+00	-2.061E+03	 6.444E+03
 275.050	 5.722E+00	-1.896E+03	 6.317E+03
 275.100	 5.726E+00	-1.695E+03	 6.123E+03
 275.150	 5.729E+00	-1.482E+03	 5.910E+03
 275.200	 5.733E+00	-1.260E+03	 5.671E+03
 275.250	 5.734E+00	-9.812E+02	 5.528E+03
 275.300	 5.733E+00	-7.251E+02	 5.532E+03
 275.350	 5.730E+00	-4.460E+02	 5.686E+03
 275.400	 5.727E+00	-1.655E+02	 5.898E+03
 275.450	 5.725E+00	 9.031E+01	 6.089E+03
 275.500	 5.724E+00	 3.213E+02	 6.222E+03
 275.550	 5.725E+00	 5.302E+02	 6.256E+03
 275.600	 5.726E+00	 7.329E+02	 6.262E+03
 275.650	 5.728E+00	 9.088E+02	 6.256E+03
 275.700	 5.729E+00	 1.075E+03	 6.219E+03
 275.750	 5.730E+00	 1.261E+03	 6.236E+03
 275.800	 5.730E+00	 1.450E+03	 6.326E+03
 275.850	 5.728E+00	 1.648E+03	 6.518E+03
 275.900	 5.727E+00	 1.872E+03	 6.743E+03
 275.950	 5.725E+00	 2.116E+03	 6.943E+03
 276.000	 5.724E+00	 2.361E+03	 7.038E+03
 276.050	 5.724E+00	 2.603E+03	 7.033E+03
 276.100	 5.724E+00	 2.855E+03	 7.005E+03
 276.150	 5.723E+00	 3.094E+03	 6.959E+03
 276.200	 5.721E+00	 3.300E+03	 6.946E+03
 276.250	 5.718E+00	 3.483E+03	 7.042E+03
 276.300	 5.714E+00	 3.642E+03	 7.194E+03
 276.350	 5.708E+00	 3.777E+03	 7.351E+03
 276.400	 5.702E+00	 3.861E+03	 7.362E+03
 276.450	 5.696E+00	 3.915E+03	 7.305E+03
 276.500	 5.690E+00	 3.956E+03	 7.215E+03
 276.550	 5.683E+00	 3.971E+03	 7.121E+03
 276.600	 5.675E+00	 3.986E+03	 7.085E+03
 276.650	 5.665E+00	 4.001E+03	 7.199E+03
 276.700	 5.655E+00	 4.007E+03	 7.384E+03
 276.750	 5.644E+00	 4.024E+03	 7.652E+03
 276.800	 5.634E+00	 4.035E+03	 7.894E+03
 276.850	 5.624E+00	 4.060E+03	 8.166E+03
 276.900	 5.613E+00	 4.078E+03	 8.252E+03
 276.950	 5.601E+00	 4.116E+03	 8.189E+03
 277.000	 5.588E+00	 4.128E+03	 8.079E+03
 277.050	 5.573E+00	 4.098E+03	 7.873E+03
 277.100	 5.558E+00	 4.065E+03	 7.682E+03
 277.150	 5.542E+00	 4.011E+03	 7.694E+03
 277.200	 5.525E+00	 3.912E+03	 7.860E+03
 277.250	 5.509E+00	 3.822E+03	 8.105E+03
 277.300	 5.494E+00	 3.696E+03	 8.357E+03
 277.350	 5.479E+00	 3.514E+03	 8.562E+03
 277.400	 5.464E+00	 3.306E+03	 8.614E+03
 277.450	 5.449E+00	 3.058E+03	 8.454E+03
 277.500	 5.434E+00	 2.779E+03	 8.181E+03
 277.550	 5.417E+00	 2.514E+03	 7.848E+03
 277.600	 5.398E+00	 2.286E+03	 7.514E+03
 277.650	 5.379E+00	 2.044E+03	 7.188E+03
 277.700	 5.360E+00	 1.828E+03	 6.973E+03
 277.750	 5.342E+00	 1.637E+03	 6.895E+03
 277.800	 5.325E+00	 1.438E+03	 6.845E+03
 277.850	 5.308E+00	 1.288E+03	 6.863E+03
 277.900	 5.291E+00	 1.159E+03	 6.931E+03
 277.950	 5.275E+00	 1.022E+03	 7.048E+03
 278.000	 5.258E+00	 8.847E+02	 7.197E+03
 278.050	 5.240E+00	 7.489E+02	 7.377E+03
 278.100	 5.221E+00	 5.859E+02	 7.588E+03
 278.150	 5.198E+00	 4.263E+02	 7.800E+03
 278.200	 5.174E+00	 2.371E+02	 7.978E+03
 278.250	 5.148E+00	 1.148E+01	 8.141E+03
 278.300	 5.121E+00	-2.218E+02	 8.253E+03
 278.350	 5.094E+00	-4.741E+02	 8.316E+03
 278.400	 5.068E+00	-7.398E+02	 8.308E+03
 278.450	 5.043E+00	-1.000E+03	 8.245E+03
 278.500	 5.019E+00	-1.264E+03	 8.145E+03
 278.550	 4.995E+00	-1.524E+03	 8.026E+03
 278.600	 4.970E+00	-1.756E+03	 7.932E+03
 278.650	 4.944E+00	-1.954E+03	 7.843E+03
 278.700	 4.917E+00	-2.140E+03	 7.768E+03
 278.750	 4.891E+00	-2.300E+03	 7.732E+03
 278.800	 4.865E+00	-2.415E+03	 7.743E+03
 278.850	 4.838E+00	-2.485E+03	 7.727E+03
 278.900	 4.811E+00	-2.527E+03	 7.667E+03
 278.950	 4.784E+00	-2.547E+03	 7.591E+03
 279.000	 4.757E+00	-2.563E+03	 7.534E+03
 279.050	 4.730E+00	-2.584E+03	 7.513E+03
 279.100	 4.703E+00	-2.618E+03	 7.538E+03
 279.150	 4.678E+00	-2.641E+03	 7.603E+03
 279.200	 4.655E+00	-2.675E+03	 7.619E+03
 279.250	 4.634E+00	-2.714E+03	 7.616E+03
 279.300	 4.614E+00	-2.756E+03	 7.656E+03
 279.350	 4.595E+00	-2.804E+03	 7.776E+03
 279.400	 4.576E+00	-2.823E+03	 7.902E+03
 279.450	 4.557E+00	-2.804E+03	 7.992E+03
 279.500	 4.538E+00	-2.780E+03	 8.036E+03
 279.550	 4.518E+00	-2.707E+03	 8.083E+03
 279.600	 4.496E+00	-2.629E+03	 8.147E+03
 279.650	 4.474E+00	-2.530E+03	 8.202E+03
 279.700	 4.452E+00	-2.397E+03	 8.206E+03
 279.750	 4.431E+00	-2.257E+03	 8.133E+03
 279.800	 4.413E+00	-2.097E+03	 8.045E+03
 279.850	 4.397E+00	-1.925E+03	 7.921E+03
 279.900	 4.381E+00	-1.709E+03	 7.841E+03
 279.950	 4.365E+00	-1.493E+03	 7.817E+03
 280.000	 4.349E+00	-1.305E+03	 7.812E+03
 280.050	 4.331E+00	-1.105E+03	 7.829E+03
 280.100	 4.310E+00	-9.426E+02	 7.910E+03
 280.150	 4.286E+00	-7.886E+02	 7.957E+03
 280.200	 4.259E+00	-5.975E+02	 7.958E+03
 280.250	 4.230E+00	-4.126E+02	 7.928E+03
 280.300	 4.201E+00	-2.357E+02	 7.883E+03
 280.350	 4.171E+00	-1.429E+01	 7.880E+03
 280.400	 4.142E+00	 2.151E+02	 7.983E+03
 280.450	 4.114E+00	 4.323E+02	 8.208E+03
 280.500	 4.089E+00	 6.638E+02	 8.456E+03
 280.550	 4.066E+00	 8.884E+02	 8.605E+03
 280.600	 4.044E+00	 1.084E+03	 8.649E+03
 280.650	 4.019E+00	 1.303E+03	 8.589E+03
 280.700	 3.991E+00	 1.534E+03	 8.433E+03
 280.750	 3.960E+00	 1.753E+03	 8.281E+03
 280.800	 3.927E+00	 1.971E+03	 8.100E+03
 280.850	 3.893E+00	 2.197E+03	 7.968E+03
 280.900	 3.859E+00	 2.422E+03	 7.991E+03
 280.950	 3.825E+00	 2.640E+03	 8.159E+03
 281.000	 3.795E+00	 2.854E+03	 8.475E+03
 281.050	 3.769E+00	 3.043E+03	 8.799E+03
 281.100	 3.749E+00	 3.195E+03	 9.007E+03
 281.150	 3.732E+00	 3.340E+03	 9.093E+03
 281.200	 3.715E+00	 3.478E+03	 9.016E+03
 281.250	 3.696E+00	 3.604E+03	 8.787E+03
 281.300	 3.673E+00	 3.726E+03	 8.515E+03
 281.350	 3.648E+00	 3.836E+03	 8.321E+03
 281.400	 3.621E+00	 3.952E+03	 8.266E+03
 281.450	 3.595E+00	 4.050E+03	 8.328E+03
 281.500	 3.573E+00	 4.138E+03	 8.527E+03
 281.550	 3.557E+00	 4.204E+03	 8.787E+03
 281.600	 3.547E+00	 4.238E+03	 8.976E+03
 281.650	 3.542E+00	 4.245E+03	 9.012E+03
 281.700	 3.541E+00	 4.224E+03	 8.943E+03
 281.750	 3.539E+00	 4.183E+03	 8.806E+03
 281.800	 3.536E+00	 4.156E+03	 8.622E+03
 281.850	 3.529E+00	 4.115E+03	 8.346E+03
 281.900	 3.518E+00	 4.096E+03	 8.174E+03
 281.950	 3.505E+00	 4.075E+03	 8.160E+03
 282.000	 3.491E+00	 4.063E+03	 8.335E+03
 282.050	 3.480E+00	 4.045E+03	 8.594E+03
 282.100	 3.472E+00	 4.017E+03	 8.765E+03
 282.150	 3.470E+00	 3.985E+03	 8.871E+03
 282.200	 3.472E+00	 3.914E+03	 8.851E+03
 282.250	 3.477E+00	 3.818E+03	 8.778E+03
 282.300	 3.482E+00	 3.708E+03	 8.694E+03
 282.350	 3.486E+00	 3.561E+03	 8.658E+03
 282.400	 3.486E+00	 3.412E+03	 8.730E+03
 282.450	 3.482E+00	 3.241E+03	 8.881E+03
 282.500	 3.477E+00	 3.034E+03	 9.007E+03
 282.550	 3.471E+00	 2.809E+03	 9.058E+03
 282.600	 3.468E+00	 2.564E+03	 9.030E+03
 282.650	 3.468E+00	 2.312E+03	 8.857E+03
 282.700	 3.472E+00	 2.083E+03	 8.693E+03
 282.750	 3.478E+00	 1.848E+03	 8.596E+03
 282.800	 3.489E+00	 1.623E+03	 8.476E+03
 282.850	 3.501E+00	 1.428E+03	 8.457E+03
 282.900	 3.516E+00	 1.249E+03	 8.545E+03
 282.950	 3.530E+00	 1.083E+03	 8.694E+03
 283.000	 3.544E+00	 9.455E+02	 8.867E+03
 283.050	 3.558E+00	 8.059E+02	 8.997E+03
 283.100	 3.572E+00	 6.399E+02	 9.035E+03
 283.150	 3.586E+00	 4.520E+02	 8.922E+03
 283.200	 3.602E+00	 2.404E+02	 8.698E+03
 283.250	 3.619E+00	 1.749E+01	 8.485E+03
 283.300	 3.640E+00	-2.115E+02	 8.429E+03
 283.350	 3.663E+00	-4.447E+02	 8.485E+03
 283.400	 3.691E+00	-6.873E+02	 8.647E+03
 283.450	 3.722E+00	-9.489E+02	 8.851E+03
 283.500	 3.754E+00	-1.208E+03	 9.022E+03
 283.550	 3.784E+00	-1.444E+03	 9.118E+03
 283.600	 3.812E+00	-1.668E+03	 9.087E+03
 283.650	 3.836E+00	-1.855E+03	 8.990E+03
 283.700	 3.858E+00	-2.002E+03	 8.817E+03
 283.750	 3.876E+00	-2.125E+03	 8.569E+03
 283.800	 3.893E+00	-2.242E+03	 8.297E+03
 283.850	 3.911E+00	-2.313E+03	 8.110E+03
 283.900	 3.932E+00	-2.354E+03	 8.069E+03
 283.950	 3.958E+00	-2.396E+03	 8.175E+03
 284.000	 3.989E+00	-2.420E+03	 8.449E+03
 284.050	 4.023E+00	-2.444E+03	 8.806E+03
 284.100	 4.060E+00	-2.478E+03	 9.112E+03
 284.150	 4.098E+00	-2.530E+03	 9.271E+03
 284.200	 4.135E+00	-2.586E+03	 9.264E+03
 284.250	 4.170E+00	-2.628E+03	 9.144E+03
 284.300	 4.201E+00	-2.666E+03	 8.938E+03
 284.350	 4.231E+00	-2.698E+03	 8.770E+03
 284.400	 4.261E+00	-2.720E+03	 8.703E+03
 284.450	 4.293E+00	-2.737E+03	 8.735E+03
 284.500	 4.328E+00	-2.746E+03	 8.771E+03
 284.550	 4.367E+00	-2.733E+03	 8.797E+03
 284.600	 4.410E+00	-2.710E+03	 8.785E+03
 284.650	 4.455E+00	-2.647E+03	 8.716E+03
 284.700	 4.501E+00	-2.546E+03	 8.630E+03
 284.750	 4.546E+00	-2.408E+03	 8.540E+03
 284.800	 4.588E+00	-2.239E+03	 8.482E+03
 284.850	 4.627E+00	-2.016E+03	 8.439E+03
 284.900	 4.663E+00	-1.767E+03	 8.422E+03
 284.950	 4.698E+00	-1.517E+03	 8.464E+03
 285.000	 4.734E+00	-1.248E+03	 8.564E+03
 285.050	 4.773E+00	-9.790E+02	 8.748E+03
 285.100	 4.815E+00	-7.652E+02	 8.992E+03
 285.150	 4.860E+00	-5.462E+02	 9.178E+03
 285.200	 4.908E+00	-3.550E+02	 9.242E+03
 285.250	 4.957E+00	-2.261E+02	 9.184E+03
 285.300	 5.006E+00	-7.853E+01	 9.057E+03
 285.350	 5.052E+00	 8.149E+01	 8.853E+03
 285.400	 5.094E+00	 2.339E+02	 8.661E+03
 285.450	 5.132E+00	 4.199E+02	 8.526E+03
 285.500	 5.168E+00	 6.428E+02	 8.516E+03
 285.550	 5.202E+00	 8.876E+02	 8.605E+03
 285.600	 5.237E+00	 1.115E+03	 8.687E+03
 285.650	 5.273E+00	 1.353E+03	 8.765E+03
 285.700	 5.311E+00	 1.601E+03	 8.767E+03
 285.750	 5.352E+00	 1.822E+03	 8.635E+03
 285.800	 5.394E+00	 2.029E+03	 8.383E+03
 285.850	 5.436E+00	 2.238E+03	 8.102E+03
 285.900	 5.478E+00	 2.432E+03	 7.814E+03
 285.950	 5.517E+00	 2.620E+03	 7.577E+03
 286.000	 5.552E+00	 2.809E+03	 7.562E+03
 286.050	 5.585E+00	 2.988E+03	 7.706E+03
 286.100	 5.615E+00	 3.151E+03	 7.880E+03
 286.150	 5.644E+00	 3.298E+03	 7.991E+03
 286.200	 5.675E+00	 3.406E+03	 7.957E+03
 286.250	 5.709E+00	 3.482E+03	 7.836E+03
 286.300	 5.746E+00	 3.524E+03	 7.596E+03
 286.350	 5.784E+00	 3.566E+03	 7.367E+03
 286.400	 5.823E+00	 3.592E+03	 7.103E+03
 286.450	 5.862E+00	 3.638E+03	 7.058E+03
 286.500	 5.900E+00	 3.658E+03	 7.151E+03
 286.550	 5.937E+00	 3.703E+03	 7.430E+03
 286.600	 5.972E+00	 3.768E+03	 7.776E+03
 286.650	 6.007E+00	 3.831E+03	 8.032E+03
 286.700	 6.044E+00	 3.897E+03	 8.206E+03
 286.750	 6.081E+00	 3.971E+03	 8.320E+03
 286.800	 6.118E+00	 4.020E+03	 8.233E+03
 286.850	 6.155E+00	 4.039E+03	 7.897E+03
 286.900	 6.191E+00	 4.058E+03	 7.570E+03
 286.950	 6.226E+00	 4.003E+03	 7.282E+03
 287.000	 6.259E+00	 3.927E+03	 7.090E+03
 287.050	 6.292E+00	 3.822E+03	 6.971E+03
 287.100	 6.323E+00	 3.671E+03	 6.981E+03
 287.150	 6.354E+00	 3.487E+03	 6.983E+03
 287.200	 6.386E+00	 3.294E+03	 6.861E+03
 287.250	 6.418E+00	 3.067E+03	 6.669E+03
 287.300	 6.448E+00	 2.825E+03	 6.469E+03
 287.350	 6.475E+00	 2.599E+03	 6.317E+03
 287.400	 6.499E+00	 2.380E+03	 6.263E+03
 287.450	 6.521E+00	 2.153E+03	 6.275E+03
 287.500	 6.543E+00	 1.941E+03	 6.295E+03
 287.550	 6.564E+00	 1.774E+03	 6.278E+03
 287.600	 6.585E+00	 1.586E+03	 6.215E+03
 287.650	 6.606E+00	 1.416E+03	 6.120E+03
 287.700	 6.628E+00	 1.277E+03	 6.027E+03
 287.750	 6.649E+00	 1.133E+03	 6.004E+03
 287.800	 6.669E+00	 9.648E+02	 6.002E+03
 287.850	 6.687E+00	 8.029E+02	 6.026E+03
 287.900	 6.703E+00	 6.322E+02	 6.133E+03
 287.950	 6.717E+00	 4.284E+02	 6.220E+03
 288.000	 6.730E+00	 1.996E+02	 6.259E+03
 288.050	 6.744E+00	-6.274E+01	 6.225E+03
 288.100	 6.757E+00	-3.610E+02	 6.127E+03
 288.150	 6.771E+00	-6.639E+02	 6.032E+03
 288.200	 6.784E+00	-9.645E+02	 5.986E+03
 288.250	 6.797E+00	-1.273E+03	 5.998E+03
 288.300	 6.810E+00	-1.569E+03	 6.048E+03
 288.350	 6.822E+00	-1.829E+03	 6.112E+03
 288.400	 6.835E+00	-2.064E+03	 6.099E+03
 288.450	 6.848E+00	-2.249E+03	 5.967E+03
 288.500	 6.862E+00	-2.400E+03	 5.692E+03
 288.550	 6.875E+00	-2.530E+03	 5.325E+03
 288.600	 6.886E+00	-2.626E+03	 4.991E+03
 288.650	 6.895E+00	-2.678E+03	 4.806E+03
 288.700	 6.902E+00	-2.715E+03	 4.804E+03
 288.750	 6.910E+00	-2.756E+03	 4.960E+03
 288.800	 6.917E+00	-2.794E+03	 5.230E+03
 288.850	 6.924E+00	-2.847E+03	 5.542E+03
 288.900	 6.931E+00	-2.893E+03	 5.830E+03
 288.950	 6.938E+00	-2.940E+03	 6.072E+03
 289.000	 6.945E+00	-2.993E+03	 6.268E+03
 289.050	 6.951E+00	-3.032E+03	 6.400E+03
 289.100	 6.954E+00	-3.041E+03	 6.532E+03
 289.150	 6.955E+00	-3.039E+03	 6.646E+03
 289.200	 6.954E+00	-3.017E+03	 6.732E+03
 289.250	 6.952E+00	-2.971E+03	 6.846E+03
 289.300	 6.948E+00	-2.910E+03	 7.020E+03
 289.350	 6.944E+00	-2.823E+03	 7.221E+03
 289.400	 6.940E+00	-2.715E+03	 7.408E+03
 289.450	 6.937E+00	-2.605E+03	 7.553E+03
 289.500	 6.935E+00	-2.497E+03	 7.598E+03
 289.550	 6.934E+00	-2.359E+03	 7.475E+03
 289.600	 6.932E+00	-2.210E+03	 7.262E+03
 289.650	 6.929E+00	-2.040E+03	 7.097E+03
 289.700	 6.924E+00	-1.860E+03	 7.031E+03
 289.750	 6.916E+00	-1.648E+03	 7.168E+03
 289.800	 6.906E+00	-1.478E+03	 7.452E+03
 289.850	 6.897E+00	-1.313E+03	 7.815E+03
 289.900	 6.887E+00	-1.143E+03	 8.128E+03
 289.950	 6.879E+00	-9.782E+02	 8.270E+03
 290.000	 6.872E+00	-8.384E+02	 8.172E+03
 290.050	 6.866E+00	-6.611E+02	 7.899E+03
 290.100	 6.859E+00	-4.737E+02	 7.527E+03
 290.150	 6.850E+00	-2.902E+02	 7.175E+03
 290.200	 6.837E+00	-7.335E+01	 6.897E+03
 290.250	 6.821E+00	 1.681E+02	 6.768E+03
 290.300	 6.801E+00	 3.923E+02	 6.755E+03
 290.350	 6.779E+00	 6.524E+02	 6.863E+03
 290.400	 6.758E+00	 8.931E+02	 6.963E+03
 290.450	 6.739E+00	 1.100E+03	 7.024E+03
 290.500	 6.722E+00	 1.311E+03	 7.066E+03
 290.550	 6.707E+00	 1.524E+03	 7.045E+03
 290.600	 6.692E+00	 1.723E+03	 6.930E+03
 290.650	 6.675E+00	 1.902E+03	 6.767E+03
 290.700	 6.656E+00	 2.082E+03	 6.614E+03
 290.750	 6.633E+00	 2.264E+03	 6.559E+03
 290.800	 6.607E+00	 2.439E+03	 6.621E+03
 290.850	 6.578E+00	 2.630E+03	 6.755E+03
 290.900	 6.547E+00	 2.808E+03	 6.923E+03
 290.950	 6.518E+00	 2.971E+03	 7.032E+03
 291.000	 6.490E+00	 3.127E+03	 7.087E+03
 291.050	 6.465E+00	 3.279E+03	 7.072E+03
 291.100	 6.441E+00	 3.399E+03	 6.965E+03
 291.150	 6.419E+00	 3.531E+03	 6.887E+03
 291.200	 6.397E+00	 3.648E+03	 6.733E+03
 291.250	 6.373E+00	 3.755E+03	 6.594E+03
 291.300	 6.346E+00	 3.867E+03	 6.561E+03
 291.350	 6.316E+00	 3.965E+03	 6.603E+03
 291.400	 6.284E+00	 4.053E+03	 6.758E+03
 291.450	 6.250E+00	 4.102E+03	 6.873E+03
 291.500	 6.218E+00	 4.128E+03	 6.934E+03
 291.550	 6.186E+00	 4.131E+03	 6.935E+03
 291.600	 6.155E+00	 4.100E+03	 6.863E+03
 291.650	 6.126E+00	 4.037E+03	 6.770E+03
 291.700	 6.098E+00	 3.979E+03	 6.709E+03
 291.750	 6.071E+00	 3.912E+03	 6.695E+03
 291.800	 6.042E+00	 3.835E+03	 6.701E+03
 291.850	 6.012E+00	 3.773E+03	 6.796E+03
 291.900	 5.978E+00	 3.710E+03	 6.944E+03
 291.950	 5.942E+00	 3.658E+03	 7.100E+03
 292.000	 5.904E+00	 3.611E+03	 7.219E+03
 292.050	 5.864E+00	 3.554E+03	 7.303E+03
 292.100	 5.825E+00	 3.504E+03	 7.370E+03
 292.150	 5.787E+00	 3.437E+03	 7.467E+03
 292.200	 5.751E+00	 3.338E+03	 7.584E+03
 292.250	 5.715E+00	 3.215E+03	 7.671E+03
 292.300	 5.681E+00	 3.080E+03	 7.737E+03
 292.350	 5.647E+00	 2.907E+03	 7.764E+03
 292.400	 5.613E+00	 2.702E+03	 7.719E+03
 292.450	 5.577E+00	 2.493E+03	 7.604E+03
 292.500	 5.538E+00	 2.258E+03	 7.413E+03
 292.550	 5.496E+00	 2.012E+03	 7.104E+03
 292.600	 5.453E+00	 1.769E+03	 6.779E+03
 292.650	 5.408E+00	 1.510E+03	 6.548E+03
 292.700	 5.365E+00	 1.238E+03	 6.412E+03
 292.750	 5.322E+00	 9.994E+02	 6.373E+03
 292.800	 5.281E+00	 7.467E+02	 6.342E+03
 292.850	 5.242E+00	 5.043E+02	 6.386E+03
 292.900	 5.204E+00	 2.909E+02	 6.450E+03
 292.950	 5.165E+00	 7.633E+01	 6.498E+03
 293.000	 5.123E+00	-1.248E+02	 6.520E+03
 293.050	 5.077E+00	-3.082E+02	 6.484E+03
 293.100	 5.027E+00	-4.889E+02	 6.448E+03
 293.150	 4.973E+00	-6.384E+02	 6.408E+03
 293.200	 4.917E+00	-7.945E+02	 6.363E+03
 293.250	 4.862E+00	-9.731E+02	 6.296E+03
 293.300	 4.807E+00	-1.135E+03	 6.259E+03
 293.350	 4.753E+00	-1.315E+03	 6.252E+03
 293.400	 4.702E+00	-1.528E+03	 6.231E+03
 293.450	 4.652E+00	-1.747E+03	 6.249E+03
 293.500	 4.604E+00	-1.962E+03	 6.302E+03
 293.550	 4.554E+00	-2.173E+03	 6.378E+03
 293.600	 4.503E+00	-2.353E+03	 6.447E+03
 293.650	 4.448E+00	-2.502E+03	 6.490E+03
 293.700	 4.391E+00	-2.618E+03	 6.503E+03
 293.750	 4.332E+00	-2.713E+03	 6.519E+03
 293.800	 4.271E+00	-2.766E+03	 6.602E+03
 293.850	 4.208E+00	-2.791E+03	 6.756E+03
 293.900	 4.146E+00	-2.791E+03	 6.969E+03
 293.950	 4.085E+00	-2.793E+03	 7.213E+03
 294.000	 4.026E+00	-2.783E+03	 7.411E+03
 294.050	 3.969E+00	-2.776E+03	 7.503E+03
 294.100	 3.914E+00	-2.765E+03	 7.497E+03
 294.150	 3.858E+00	-2.747E+03	 7.397E+03
 294.200	 3.799E+00	-2.724E+03	 7.227E+03
 294.250	 3.735E+00	-2.672E+03	 7.143E+03
 294.300	 3.667E+00	-2.616E+03	 7.229E+03
 294.350	 3.595E+00	-2.539E+03	 7.443E+03
 294.400	 3.521E+00	-2.450E+03	 7.802E+03
 294.450	 3.447E+00	-2.369E+03	 8.192E+03
 294.500	 3.376E+00	-2.291E+03	 8.511E+03
 294.550	 3.309E+00	-2.212E+03	 8.641E+03
 294.600	 3.246E+00	-2.136E+03	 8.577E+03
 294.650	 3.184E+00	-2.019E+03	 8.384E+03
 294.700	 3.120E+00	-1.882E+03	 8.159E+03
 294.750	 3.051E+00	-1.704E+03	 8.064E+03
 294.800	 2.976E+00	-1.502E+03	 8.195E+03
 294.850	 2.895E+00	-1.272E+03	 8.495E+03
 294.900	 2.807E+00	-1.020E+03	 8.867E+03
 294.950	 2.716E+00	-7.554E+02	 9.189E+03
 295.000	 2.626E+00	-5.015E+02	 9.378E+03
 295.050	 2.538E+00	-2.609E+02	 9.400E+03
 295.100	 2.456E+00	-4.534E+01	 9.313E+03
 295.150	 2.379E+00	 1.296E+02	 9.133E+03
 295.200	 2.304E+00	 3.267E+02	 8.992E+03
 295.250	 2.230E+00	 5.098E+02	 8.951E+03
 295.300	 2.153E+00	 6.573E+02	 9.007E+03
 295.350	 2.072E+00	 8.296E+02	 9.148E+03
 295.400	 1.983E+00	 1.018E+03	 9.289E+03
 295.450	 1.886E+00	 1.188E+03	 9.368E+03
 295.500	 1.784E+00	 1.389E+03	 9.278E+03
 295.550	 1.679E+00	 1.610E+03	 9.100E+03
 295.600	 1.574E+00	 1.810E+03	 8.937E+03
 295.650	 1.470E+00	 2.038E+03	 8.811E+03
 295.700	 1.371E+00	 2.267E+03	 8.782E+03
 295.750	 1.276E+00	 2.482E+03	 8.931E+03
 295.800	 1.184E+00	 2.690E+03	 9.150E+03
 295.850	 1.094E+00	 2.894E+03	 9.401E+03
 295.900	 1.001E+00	 3.097E+03	 9.628E+03
 295.950	 9.030E-01	 3.331E+03	 9.791E+03
 296.000	 7.994E-01	 3.550E+03	 9.811E+03
 296.050	 6.942E-01	 3.740E+03	 9.798E+03
 296.100	 5.911E-01	 3.934E+03	 9.860E+03
 296.150	 4.932E-01	 4.102E+03	 9.920E+03
 296.200	 4.021E-01	 4.221E+03	 9.992E+03
 296.250	 3.169E-01	 4.298E+03	 1.005E+04
 296.300	 2.350E-01	 4.368E+03	 1.011E+04
 296.350	 1.537E-01	 4.417E+03	 1.010E+04
 296.400	 7.053E-02	 4.467E+03	 1.004E+04
 296.450	-7.765E-19	 4.516E+03	 9.910E+03
 296.500	 0.000E+00	 4.576E+03	 9.815E+03
 296.550	 0.000E+00	 4.643E+03	 9.797E+03
 296.600	 0.000E+00	 4.702E+03	 9.904E+03
 296.650	 0.000E+00	 4.733E+03	 1.012E+04
 296.700	 0.000E+00	 4.748E+03	 1.040E+04
 296.750	 0.000E+00	 4.758E+03	 1.075E+04
 296.800	 0.000E+00	 4.764E+03	 1.105E+04
 296.850	 0.000E+00	 4.756E+03	 1.121E+04
 296.900	 0.000E+00	 4.729E+03	 1.123E+04
 296.950	 0.000E+00	 4.679E+03	 1.120E+04
 297.000	 0.000E+00	 4.584E+03	 1.113E+04
 297.050	 0.000E+00	 4.518E+03	 1.114E+04
 297.100	 0.000E+00	 4.446E+03	 1.125E+04
 297.150	 0.000E+00	 4.362E+03	 1.144E+04
 297.200	 0.000E+00	 4.249E+03	 1.158E+04
 297.250	 0.000E+00	 4.117E+03	 1.172E+04
 297.300	 0.000E+00	 3.952E+03	 1.171E+04
 297.350	 0.000E+00	 3.802E+03	 1.160E+04
 297.400	 0.000E+00	 3.607E+03	 1.136E+04
 297.450	 0.000E+00	 3.392E+03	 1.104E+04
 297.500	 0.000E+00	 3.195E+03	 1.071E+04
 297.550	 0.000E+00	 3.013E+03	 1.044E+04
 297.600	 0.000E+00	 2.829E+03	 1.031E+04
 297.650	 0.000E+00	 2.652E+03	 1.023E+04
 297.700	 0.000E+00	 2.443E+03	 1.015E+04
 297.750	 0.000E+00	 2.212E+03	 1.002E+04
 297.800	 2.772E-02	 1.956E+03	 9.803E+03
 297.850	 1.030E-01	 1.692E+03	 9.520E+03
 297.900	 1.828E-01	 1.439E+03	 9.274E+03
 297.950	 2.625E-01	 1.165E+03	 9.089E+03
 298.000	 3.372E-01	 9.002E+02	 8.993E+03
 298.050	 4.030E-01	 6.671E+02	 9.012E+03
 298.100	 4.602E-01	 4.194E+02	 9.148E+03
 298.150	 5.121E-01	 1.756E+02	 9.314E+03
 298.200	 5.638E-01	-4.775E+01	 9.535E+03
 298.250	 6.208E-01	-2.562E+02	 9.726E+03
 298.300	 6.865E-01	-4.635E+02	 9.795E+03
 298.350	 7.615E-01	-6.812E+02	 9.802E+03
 298.400	 8.444E-01	-8.752E+02	 9.739E+03
 298.450	 9.322E-01	-1.045E+03	 9.763E+03
 298.500	 1.022E+00	-1.234E+03	 9.814E+03
 298.550	 1.112E+00	-1.413E+03	 9.838E+03
 298.600	 1.197E+00	-1.578E+03	 9.830E+03
 298.650	 1.275E+00	-1.738E+03	 9.751E+03
 298.700	 1.346E+00	-1.875E+03	 9.621E+03
 298.750	 1.409E+00	-1.988E+03	 9.478E+03
 298.800	 1.467E+00	-2.108E+03	 9.307E+03
 298.850	 1.524E+00	-2.224E+03	 9.121E+03
 298.900	 1.583E+00	-2.339E+03	 8.959E+03
 298.950	 1.651E+00	-2.449E+03	 8.867E+03
 299.000	 1.727E+00	-2.581E+03	 8.886E+03
 299.050	 1.811E+00	-2.711E+03	 8.977E+03
 299.100	 1.898E+00	-2.818E+03	 9.063E+03
 299.150	 1.983E+00	-2.904E+03	 8.990E+03
 299.200	 2.062E+00	-2.951E+03	 8.825E+03
 299.250	 2.132E+00	-2.966E+03	 8.632E+03
 299.300	 2.192E+00	-2.914E+03	 8.508E+03
 299.350	 2.245E+00	-2.822E+03	 8.419E+03
 299.400	 2.292E+00	-2.693E+03	 8.414E+03
 299.450	 2.337E+00	-2.557E+03	 8.475E+03
 299.500	 2.385E+00	-2.405E+03	 8.609E+03
 299.550	 2.436E+00	-2.258E+03	 8.785E+03
 299.600	 2.491E+00	-2.126E+03	 8.920E+03
 299.650	 2.549E+00	-1.998E+03	 8.985E+03
 299.700	 2.609E+00	-1.848E+03	 9.031E+03
 299.750	 2.668E+00	-1.690E+03	 9.158E+03
 299.800	 2.723E+00	-1.522E+03	 9.434E+03
 299.850	 2.772E+00	-1.330E+03	 9.842E+03
 299.900	 2.818E+00	-1.152E+03	 1.032E+04
 299.950	 2.861E+00	-9.748E+02	 1.076E+04
 300.000	 2.905E+00	-8.092E+02	 1.106E+04
 300.050	 2.951E+00	-6.437E+02	 1.112E+04
 300.100	 3.002E+00	-4.805E+02	 1.103E+04
 300.150	 3.056E+00	-3.453E+02	 1.073E+04
 300.200	 3.112E+00	-1.822E+02	 1.033E+04
 300.250	 3.167E+00	-8.853E+00	 9.895E+03
 300.300	 3.220E+00	 1.740E+02	 9.556E+03
 300.350	 3.268E+00	 4.117E+02	 9.341E+03
 300.400	 3.312E+00	 6.522E+02	 9.228E+03
 300.450	 3.352E+00	 8.856E+02	 9.149E+03
 300.500	 3.391E+00	 1.155E+03	 9.081E+03
 300.550	 3.430E+00	 1.401E+03	 8.928E+03
 300.600	 3.471E+00	 1.636E+03	 8.739E+03
 300.650	 3.514E+00	 1.865E+03	 8.527E+03
 300.700	 3.560E+00	 2.082E+03	 8.347E+03
 300.750	 3.606E+00	 2.268E+03	 8.197E+03
 300.800	 3.651E+00	 2.434E+03	 8.057E+03
 300.850	 3.692E+00	 2.579E+03	 7.938E+03
 300.900	 3.727E+00	 2.717E+03	 7.888E+03
 300.950	 3.758E+00	 2.867E+03	 7.891E+03
 301.000	 3.783E+00	 3.001E+03	 7.837E+03
 301.050	 3.803E+00	 3.130E+03	 7.782E+03
 301.100	 3.821E+00	 3.273E+03	 7.751E+03
 301.150	 3.837E+00	 3.428E+03	 7.785E+03
 301.200	 3.852E+00	 3.558E+03	 7.815E+03
 301.250	 3.870E+00	 3.687E+03	 7.882E+03
 301.300	 3.889E+00	 3.823E+03	 8.024E+03
 301.350	 3.912E+00	 3.938E+03	 8.170E+03
 301.400	 3.936E+00	 4.036E+03	 8.286E+03
 301.450	 3.959E+00	 4.128E+03	 8.406E+03
 301.500	 3.981E+00	 4.191E+03	 8.495E+03
 301.550	 4.000E+00	 4.269E+03	 8.629E+03
 301.600	 4.017E+00	 4.313E+03	 8.701E+03
 301.650	 4.032E+00	 4.357E+03	 8.840E+03
 301.700	 4.047E+00	 4.374E+03	 8.911E+03
 301.750	 4.063E+00	 4.375E+03	 8.942E+03
 301.800	 4.080E+00	 4.336E+03	 8.917E+03
 301.850	 4.100E+00	 4.276E+03	 8.875E+03
 301.900	 4.123E+00	 4.180E+03	 8.759E+03
 301.950	 4.148E+00	 4.057E+03	 8.612E+03
 302.000	 4.171E+00	 3.925E+03	 8.476E+03
 302.050	 4.194E+00	 3.780E+03	 8.326E+03
 302.100	 4.214E+00	 3.631E+03	 8.238E+03
 302.150	 4.232E+00	 3.480E+03	 8.223E+03
 302.200	 4.248E+00	 3.344E+03	 8.206E+03
 302.250	 4.262E+00	 3.236E+03	 8.280E+03
 302.300	 4.275E+00	 3.123E+03	 8.325E+03
 302.350	 4.289E+00	 3.011E+03	 8.380E+03
 302.400	 4.302E+00	 2.888E+03	 8.447E+03
 302.450	 4.314E+00	 2.750E+03	 8.530E+03
 302.500	 4.324E+00	 2.594E+03	 8.575E+03
 302.550	 4.332E+00	 2.429E+03	 8.511E+03
 302.600	 4.339E+00	 2.239E+03	 8.306E+03
 302.650	 4.342E+00	 2.012E+03	 8.016E+03
 302.700	 4.342E+00	 1.765E+03	 7.719E+03
 302.750	 4.338E+00	 1.515E+03	 7.577E+03
 302.800	 4.329E+00	 1.264E+03	 7.613E+03
 302.850	 4.318E+00	 1.006E+03	 7.777E+03
 302.900	 4.307E+00	 7.483E+02	 7.991E+03
 302.950	 4.298E+00	 4.681E+02	 8.133E+03
 303.000	 4.289E+00	 2.002E+02	 8.244E+03
 303.050	 4.282E+00	-6.551E+01	 8.266E+03
 303.100	 4.274E+00	-3.066E+02	 8.209E+03
 303.150	 4.267E+00	-5.617E+02	 8.041E+03
 303.200	 4.260E+00	-8.150E+02	 7.794E+03
 303.250	 4.250E+00	-1.038E+03	 7.493E+03
 303.300	 4.238E+00	-1.256E+03	 7.206E+03
 303.350	 4.222E+00	-1.466E+03	 7.007E+03
 303.400	 4.207E+00	-1.645E+03	 6.929E+03
 303.450	 4.193E+00	-1.826E+03	 6.947E+03
 303.500	 4.184E+00	-2.021E+03	 6.970E+03
 303.550	 4.179E+00	-2.202E+03	 6.957E+03
 303.600	 4.177E+00	-2.374E+03	 6.907E+03
 303.650	 4.178E+00	-2.538E+03	 6.814E+03
 303.700	 4.179E+00	-2.665E+03	 6.722E+03
 303.750	 4.179E+00	-2.753E+03	 6.725E+03
 303.800	 4.175E+00	-2.809E+03	 6.823E+03
 303.850	 4.167E+00	-2.826E+03	 7.000E+03
 303.900	 4.155E+00	-2.811E+03	 7.285E+03
 303.950	 4.141E+00	-2.792E+03	 7.601E+03
 304.000	 4.126E+00	-2.769E+03	 7.835E+03
 304.050	 4.114E+00	-2.741E+03	 7.949E+03
 304.100	 4.104E+00	-2.715E+03	 7.947E+03
 304.150	 4.097E+00	-2.680E+03	 7.822E+03
 304.200	 4.091E+00	-2.651E+03	 7.636E+03
 304.250	 4.085E+00	-2.626E+03	 7.494E+03
 304.300	 4.075E+00	-2.595E+03	 7.435E+03
 304.350	 4.060E+00	-2.561E+03	 7.353E+03
 304.400	 4.039E+00	-2.519E+03	 7.279E+03
 304.450	 4.013E+00	-2.464E+03	 7.190E+03
 304.500	 3.982E+00	-2.391E+03	 7.135E+03
 304.550	 3.950E+00	-2.295E+03	 7.173E+03
 304.600	 3.917E+00	-2.187E+03	 7.223E+03
 304.650	 3.887E+00	-2.067E+03	 7.429E+03
 304.700	 3.861E+00	-1.946E+03	 7.755E+03
 304.750	 3.837E+00	-1.799E+03	 8.123E+03
 304.800	 3.814E+00	-1.624E+03	 8.435E+03
 304.850	 3.790E+00	-1.387E+03	 8.639E+03
 304.900	 3.762E+00	-1.159E+03	 8.710E+03
 304.950	 3.729E+00	-8.710E+02	 8.699E+03
 305.000	 3.690E+00	-5.690E+02	 8.669E+03
 305.050	 3.649E+00	-2.725E+02	 8.674E+03
 305.100	 3.608E+00	 5.551E+01	 8.762E+03
 305.150	 3.571E+00	 3.378E+02	 8.905E+03
 305.200	 3.541E+00	 5.982E+02	 9.178E+03
 305.250	 3.517E+00	 8.492E+02	 9.524E+03
 305.300	 3.501E+00	 1.063E+03	 9.871E+03
 305.350	 3.489E+00	 1.215E+03	 1.013E+04
 305.400	 3.480E+00	 1.352E+03	 1.032E+04
 305.450	 3.470E+00	 1.484E+03	 1.036E+04
 305.500	 3.457E+00	 1.598E+03	 1.018E+04
 305.550	 3.442E+00	 1.714E+03	 9.778E+03
 305.600	 3.423E+00	 1.845E+03	 9.353E+03
 305.650	 3.404E+00	 1.987E+03	 9.023E+03
 305.700	 3.387E+00	 2.154E+03	 8.807E+03
 305.750	 3.374E+00	 2.342E+03	 8.693E+03
 305.800	 3.368E+00	 2.518E+03	 8.618E+03
 305.850	 3.367E+00	 2.695E+03	 8.521E+03
 305.900	 3.368E+00	 2.882E+03	 8.297E+03
 305.950	 3.369E+00	 3.071E+03	 7.907E+03
 306.000	 3.365E+00	 3.276E+03	 7.351E+03
 306.050	 3.355E+00	 3.488E+03	 6.715E+03
 306.100	 3.337E+00	 3.716E+03	 6.281E+03
 306.150	 3.310E+00	 3.930E+03	 6.080E+03
 306.200	 3.277E+00	 4.137E+03	 6.245E+03
 306.250	 3.242E+00	 4.297E+03	 6.723E+03
 306.300	 3.209E+00	 4.395E+03	 7.397E+03
 306.350	 3.180E+00	 4.463E+03	 8.104E+03
 306.400	 3.155E+00	 4.485E+03	 8.642E+03
 306.450	 3.133E+00	 4.475E+03	 9.033E+03
 306.500	 3.113E+00	 4.433E+03	 9.278E+03
 306.550	 3.090E+00	 4.390E+03	 9.439E+03
 306.600	 3.061E+00	 4.371E+03	 9.589E+03
 306.650	 3.026E+00	 4.359E+03	 9.713E+03
 306.700	 2.986E+00	 4.384E+03	 9.855E+03
 306.750	 2.943E+00	 4.430E+03	 1.000E+04
 306.800	 2.900E+00	 4.466E+03	 1.009E+04
 306.850	 2.863E+00	 4.497E+03	 1.017E+04
 306.900	 2.833E+00	 4.483E+03	 1.020E+04
 306.950	 2.813E+00	 4.432E+03	 1.017E+04
 307.000	 2.802E+00	 4.349E+03	 1.015E+04
 307.050	 2.799E+00	 4.227E+03	 1.005E+04
 307.100	 2.800E+00	 4.083E+03	 9.825E+03
 307.150	 2.800E+00	 3.910E+03	 9.574E+03
 307.200	 2.796E+00	 3.715E+03	 9.404E+03
 307.250	 2.787E+00	 3.502E+03	 9.233E+03
 307.300	 2.771E+00	 3.268E+03	 9.029E+03
 307.350	 2.750E+00	 3.022E+03	 8.898E+03
 307.400	 2.727E+00	 2.762E+03	 8.717E+03
 307.450	 2.704E+00	 2.526E+03	 8.533E+03
 307.500	 2.684E+00	 2.279E+03	 8.347E+03
 307.550	 2.669E+00	 2.030E+03	 8.074E+03
 307.600	 2.657E+00	 1.822E+03	 7.797E+03
 307.650	 2.646E+00	 1.612E+03	 7.538E+03
 307.700	 2.631E+00	 1.424E+03	 7.289E+03
 307.750	 2.609E+00	 1.263E+03	 7.171E+03
 307.800	 2.580E+00	 1.111E+03	 7.235E+03
 307.850	 2.543E+00	 9.529E+02	 7.382E+03
 307.900	 2.499E+00	 7.766E+02	 7.500E+03
 307.950	 2.452E+00	 5.728E+02	 7.630E+03
 308.000	 2.406E+00	 3.506E+02	 7.764E+03
 308.050	 2.362E+00	 1.062E+02	 7.807E+03
 308.100	 2.324E+00	-1.750E+02	 7.749E+03
 308.150	 2.289E+00	-4.770E+02	 7.621E+03
 308.200	 2.256E+00	-7.707E+02	 7.534E+03
 308.250	 2.224E+00	-1.070E+03	 7.533E+03
 308.300	 2.190E+00	-1.368E+03	 7.607E+03
 308.350	 2.155E+00	-1.640E+03	 7.770E+03
 308.400	 2.119E+00	-1.876E+03	 7.968E+03
 308.450	 2.084E+00	-2.071E+03	 8.185E+03
 308.500	 2.052E+00	-2.225E+03	 8.352E+03
 308.550	 2.024E+00	-2.333E+03	 8.445E+03
 308.600	 2.003E+00	-2.406E+03	 8.487E+03
 308.650	 1.987E+00	-2.436E+03	 8.487E+03
 308.700	 1.978E+00	-2.424E+03	 8.492E+03
 308.750	 1.973E+00	-2.375E+03	 8.571E+03
 308.800	 1.971E+00	-2.308E+03	 8.750E+03
 308.850	 1.971E+00	-2.237E+03	 8.981E+03
 308.900	 1.970E+00	-2.166E+03	 9.272E+03
 308.950	 1.970E+00	-2.120E+03	 9.560E+03
 309.000	 1.967E+00	-2.091E+03	 9.758E+03
 309.050	 1.960E+00	-2.072E+03	 9.794E+03
 309.100	 1.949E+00	-2.069E+03	 9.696E+03
 309.150	 1.933E+00	-2.088E+03	 9.494E+03
 309.200	 1.913E+00	-2.145E+03	 9.229E+03
 309.250	 1.888E+00	-2.216E+03	 9.008E+03
 309.300	 1.858E+00	-2.272E+03	 8.876E+03
 309.350	 1.822E+00	-2.302E+03	 8.796E+03
 309.400	 1.783E+00	-2.306E+03	 8.783E+03
 309.450	 1.741E+00	-2.279E+03	 8.823E+03
 309.500	 1.698E+00	-2.210E+03	 8.950E+03
 309.550	 1.655E+00	-2.117E+03	 9.067E+03
 309.600	 1.613E+00	-1.964E+03	 9.191E+03
 309.650	 1.571E+00	-1.771E+03	 9.339E+03
 309.700	 1.529E+00	-1.558E+03	 9.394E+03
 309.750	 1.485E+00	-1.291E+03	 9.396E+03
 309.800	 1.437E+00	-1.002E+03	 9.471E+03
 309.850	 1.383E+00	-7.264E+02	 9.597E+03
 309.900	 1.325E+00	-4.174E+02	 9.798E+03
 309.950	 1.264E+00	-1.326E+02	 1.001E+04
 310.000	 1.202E+00	 1.103E+02	 1.022E+04
 310.050	 1.144E+00	 3.604E+02	 1.038E+04
 310.100	 1.090E+00	 5.708E+02	 1.056E+04
 310.150	 1.044E+00	 7.164E+02	 1.072E+04
 310.200	 1.005E+00	 8.503E+02	 1.095E+04
 310.250	 9.732E-01	 9.756E+02	 1.123E+04
 310.300	 9.489E-01	 1.086E+03	 1.157E+04
 310.350	 9.324E-01	 1.210E+03	 1.184E+04
 310.400	 9.226E-01	 1.352E+03	 1.203E+04
 310.450	 9.169E-01	 1.490E+03	 1.203E+04
 310.500	 9.104E-01	 1.659E+03	 1.192E+04
 310.550	 8.998E-01	 1.884E+03	 1.168E+04
 310.600	 8.835E-01	 2.115E+03	 1.131E+04
 310.650	 8.606E-01	 2.394E+03	 1.095E+04
 310.700	 8.316E-01	 2.695E+03	 1.054E+04
 310.750	 7.994E-01	 3.009E+03	 1.017E+04
 310.800	 7.687E-01	 3.290E+03	 9.881E+03
 310.850	 7.433E-01	 3.542E+03	 9.739E+03
 310.900	 7.232E-01	 3.762E+03	 9.665E+03
 310.950	 7.058E-01	 3.936E+03	 9.584E+03
 311.000	 6.873E-01	 4.095E+03	 9.427E+03
 311.050	 6.647E-01	 4.244E+03	 9.201E+03
 311.100	 6.358E-01	 4.349E+03	 8.999E+03
 311.150	 5.985E-01	 4.428E+03	 9.000E+03
 311.200	 5.518E-01	 4.510E+03	 9.191E+03
 311.250	 4.982E-01	 4.589E+03	 9.553E+03
 311.300	 4.432E-01	 4.669E+03	 1.004E+04
 311.350	 3.920E-01	 4.735E+03	 1.051E+04
 311.400	 3.476E-01	 4.784E+03	 1.089E+04
 311.450	 3.096E-01	 4.801E+03	 1.103E+04
 311.500	 2.752E-01	 4.829E+03	 1.110E+04
 311.550	 2.408E-01	 4.872E+03	 1.109E+04
 311.600	 2.039E-01	 4.930E+03	 1.108E+04
 311.650	 1.625E-01	 4.972E+03	 1.100E+04
 311.700	 1.150E-01	 4.997E+03	 1.099E+04
 311.750	 6.137E-02	 5.014E+03	 1.097E+04
 311.800	 4.216E-03	 5.018E+03	 1.092E+04
 311.850	 0.000E+00	 5.001E+03	 1.086E+04
 311.900	 0.000E+00	 4.949E+03	 1.078E+04
 311.950	 0.000E+00	 4.869E+03	 1.072E+04
 312.000	 0.000E+00	 4.719E+03	 1.062E+04
 312.050	 0.000E+00	 4.516E+03	 1.054E+04
 312.100	 0.000E+00	 4.287E+03	 1.045E+04
 312.150	 0.000E+00	 4.055E+03	 1.036E+04
 312.200	 0.000E+00	 3.823E+03	 1.024E+04
 312.250	 0.000E+00	 3.591E+03	 1.008E+04
 312.300	 0.000E+00	 3.359E+03	 9.851E+03
 312.350	 0.000E+00	 3.118E+03	 9.562E+03
 312.400	 0.000E+00	 2.890E+03	 9.255E+03
 312.450	 0.000E+00	 2.672E+03	 8.902E+03
 312.500	 0.000E+00	 2.464E+03	 8.514E+03
 312.550	 0.000E+00	 2.313E+03	 8.231E+03
 312.600	 0.000E+00	 2.173E+03	 8.066E+03
 312.650	 0.000E+00	 2.039E+03	 8.093E+03
 312.700	 0.000E+00	 1.899E+03	 8.233E+03
 312.750	 0.000E+00	 1.736E+03	 8.455E+03
 312.800	 0.000E+00	 1.570E+03	 8.744E+03
 312.850	 0.000E+00	 1.382E+03	 8.965E+03
 312.900	 0.000E+00	 1.142E+03	 9.087E+03
 312.950	 0.000E+00	 8.804E+02	 9.120E+03
 313.000	 0.000E+00	 6.015E+02	 9.094E+03
 313.050	 0.000E+00	 2.973E+02	 9.025E+03
 313.100	 0.000E+00	-7.194E+00	 8.943E+03
 313.150	 0.000E+00	-3.138E+02	 8.860E+03
 313.200	 0.000E+00	-6.164E+02	 8.799E+03
 313.250	 0.000E+00	-8.641E+02	 8.798E+03
 313.300	 0.000E+00	-1.057E+03	 8.824E+03
 313.350	 0.000E+00	-1.239E+03	 8.868E+03
 313.400	 0.000E+00	-1.393E+03	 8.993E+03
 313.450	 0.000E+00	-1.497E+03	 9.177E+03
 313.500	 0.000E+00	-1.566E+03	 9.368E+03
 313.550	 0.000E+00	-1.635E+03	 9.489E+03
 313.600	 0.000E+00	-1.703E+03	 9.504E+03
 313.650	 0.000E+00	-1.765E+03	 9.503E+03
 313.700	 0.000E+00	-1.810E+03	 9.549E+03
 313.750	 0.000E+00	-1.863E+03	 9.627E+03
 313.800	 0.000E+00	-1.925E+03	 9.784E+03
 313.850	 0.000E+00	-2.013E+03	 9.979E+03
 313.900	 0.000E+00	-2.123E+03	 1.010E+04
 313.950	 0.000E+00	-2.240E+03	 1.012E+04
 314.000	 0.000E+00	-2.374E+03	 9.987E+03
 314.050	 0.000E+00	-2.480E+03	 9.826E+03
 314.100	 0.000E+00	-2.570E+03	 9.643E+03
 314.150	 0.000E+00	-2.606E+03	 9.533E+03
 314.200	 0.000E+00	-2.600E+03	 9.456E+03
 314.250	 0.000E+00	-2.549E+03	 9.497E+03
 314.300	 0.000E+00	-2.472E+03	 9.650E+03
 314.350	 0.000E+00	-2.330E+03	 9.907E+03
 314.400	 0.000E+00	-2.143E+03	 1.014E+04
 314.450	 0.000E+00	-1.934E+03	 1.031E+04
 314.500	 0.000E+00	-1.746E+03	 1.036E+04
 314.550	 0.000E+00	-1.549E+03	 1.042E+04
 314.600	 0.000E+00	-1.407E+03	 1.044E+04
 314.650	 0.000E+00	-1.256E+03	 1.046E+04
 314.700	 0.000E+00	-1.108E+03	 1.050E+04
 314.750	 0.000E+00	-9.809E+02	 1.059E+04
 314.800	 0.000E+00	-8.518E+02	 1.068E+04
 314.850	 1.719E-02	-7.194E+02	 1.077E+04
 314.900	 3.639E-02	-5.800E+02	 1.091E+04
 314.950	 5.861E-02	-4.754E+02	 1.098E+04
 315.000	 8.814E-02	-3.139E+02	 1.096E+04
 315.050	 1.283E-01	-1.459E+02	 1.092E+04
 315.100	 1.786E-01	 1.929E+01	 1.097E+04
 315.150	 2.355E-01	 2.279E+02	 1.106E+04
 315.200	 2.961E-01	 4.682E+02	 1.124E+04
 315.250	 3.594E-01	 7.389E+02	 1.158E+04
 315.300	 4.251E-01	 1.035E+03	 1.189E+04
 315.350	 4.929E-01	 1.362E+03	 1.209E+04
 315.400	 5.624E-01	 1.659E+03	 1.222E+04
 315.450	 6.333E-01	 1.961E+03	 1.220E+04
 315.500	 7.064E-01	 2.260E+03	 1.205E+04
 315.550	 7.828E-01	 2.524E+03	 1.186E+04
 315.600	 8.619E-01	 2.754E+03	 1.157E+04
 315.650	 9.420E-01	 2.974E+03	 1.126E+04
 315.700	 1.021E+00	 3.172E+03	 1.106E+04
 315.750	 1.098E+00	 3.342E+03	 1.099E+04
 315.800	 1.172E+00	 3.509E+03	 1.108E+04
 315.850	 1.240E+00	 3.683E+03	 1.138E+04
 315.900	 1.302E+00	 3.851E+03	 1.165E+04
 315.950	 1.360E+00	 4.045E+03	 1.185E+04
 316.000	 1.416E+00	 4.255E+03	 1.200E+04
 316.050	 1.472E+00	 4.448E+03	 1.202E+04
 316.100	 1.528E+00	 4.622E+03	 1.195E+04
 316.150	 1.586E+00	 4.797E+03	 1.187E+04
 316.200	 1.644E+00	 4.961E+03	 1.181E+04
 316.250	 1.702E+00	 5.111E+03	 1.179E+04
 316.300	 1.759E+00	 5.243E+03	 1.180E+04
 316.350	 1.813E+00	 5.353E+03	 1.190E+04
 316.400	 1.863E+00	 5.418E+03	 1.202E+04
 316.450	 1.909E+00	 5.449E+03	 1.219E+04
 316.500	 1.955E+00	 5.454E+03	 1.234E+04
 316.550	 2.002E+00	 5.393E+03	 1.231E+04
 316.600	 2.053E+00	 5.279E+03	 1.216E+04
 316.650	 2.108E+00	 5.126E+03	 1.198E+04
 316.700	 2.169E+00	 4.911E+03	 1.169E+04
 316.750	 2.233E+00	 4.700E+03	 1.145E+04
 316.800	 2.301E+00	 4.462E+03	 1.122E+04
 316.850	 2.369E+00	 4.240E+03	 1.107E+04
 316.900	 2.436E+00	 4.063E+03	 1.102E+04
 316.950	 2.503E+00	 3.900E+03	 1.089E+04
 317.000	 2.571E+00	 3.755E+03	 1.067E+04
 317.050	 2.638E+00	 3.646E+03	 1.033E+04
 317.100	 2.705E+00	 3.545E+03	 9.838E+03
 317.150	 2.771E+00	 3.458E+03	 9.307E+03
 317.200	 2.838E+00	 3.350E+03	 8.738E+03
 317.250	 2.907E+00	 3.187E+03	 8.177E+03
 317.300	 2.977E+00	 2.957E+03	 7.703E+03
 317.350	 3.048E+00	 2.677E+03	 7.247E+03
 317.400	 3.116E+00	 2.354E+03	 6.861E+03
 317.450	 3.182E+00	 2.017E+03	 6.459E+03
 317.500	 3.246E+00	 1.664E+03	 6.062E+03
 317.550	 3.307E+00	 1.283E+03	 5.604E+03
 317.600	 3.364E+00	 9.378E+02	 5.134E+03
 317.650	 3.418E+00	 6.173E+02	 4.747E+03
 317.700	 3.468E+00	 3.147E+02	 4.442E+03
 317.750	 3.516E+00	 4.262E+01	 4.283E+03
 317.800	 3.563E+00	-1.848E+02	 4.321E+03
 317.850	 3.610E+00	-3.804E+02	 4.558E+03
 317.900	 3.656E+00	-5.311E+02	 4.918E+03
 317.950	 3.704E+00	-6.689E+02	 5.256E+03
 318.000	 3.753E+00	-8.081E+02	 5.509E+03
 318.050	 3.803E+00	-9.455E+02	 5.710E+03
 318.100	 3.851E+00	-1.077E+03	 5.890E+03
 318.150	 3.895E+00	-1.192E+03	 6.100E+03
 318.200	 3.938E+00	-1.305E+03	 6.376E+03
 318.250	 3.981E+00	-1.449E+03	 6.723E+03
 318.300	 4.023E+00	-1.597E+03	 7.138E+03
 318.350	 4.065E+00	-1.750E+03	 7.546E+03
 318.400	 4.107E+00	-1.908E+03	 7.852E+03
 318.450	 4.150E+00	-2.065E+03	 8.058E+03
 318.500	 4.195E+00	-2.232E+03	 8.186E+03
 318.550	 4.240E+00	-2.392E+03	 8.195E+03
 318.600	 4.284E+00	-2.532E+03	 8.126E+03
 318.650	 4.327E+00	-2.644E+03	 8.041E+03
 318.700	 4.367E+00	-2.720E+03	 8.018E+03
 318.750	 4.405E+00	-2.752E+03	 8.027E+03
 318.800	 4.439E+00	-2.767E+03	 8.066E+03
 318.850	 4.472E+00	-2.767E+03	 8.101E+03
 318.900	 4.502E+00	-2.745E+03	 8.098E+03
 318.950	 4.531E+00	-2.720E+03	 8.045E+03
 319.000	 4.560E+00	-2.689E+03	 7.900E+03
 319.050	 4.588E+00	-2.662E+03	 7.688E+03
 319.100	 4.614E+00	-2.649E+03	 7.473E+03
 319.150	 4.639E+00	-2.647E+03	 7.274E+03
 319.200	 4.661E+00	-2.638E+03	 7.077E+03
 319.250	 4.679E+00	-2.618E+03	 6.922E+03
 319.300	 4.694E+00	-2.583E+03	 6.817E+03
 319.350	 4.707E+00	-2.520E+03	 6.753E+03
 319.400	 4.716E+00	-2.460E+03	 6.764E+03
 319.450	 4.722E+00	-2.369E+03	 6.827E+03
 319.500	 4.725E+00	-2.247E+03	 6.957E+03
 319.550	 4.726E+00	-2.120E+03	 7.104E+03
 319.600	 4.726E+00	-1.990E+03	 7.185E+03
 319.650	 4.727E+00	-1.825E+03	 7.295E+03
 319.700	 4.728E+00	-1.649E+03	 7.424E+03
 319.750	 4.730E+00	-1.458E+03	 7.508E+03
 319.800	 4.735E+00	-1.233E+03	 7.490E+03
 319.850	 4.740E+00	-1.010E+03	 7.400E+03
 319.900	 4.746E+00	-8.057E+02	 7.245E+03
 319.950	 4.749E+00	-5.654E+02	 7.156E+03
 320.000	 4.750E+00	-3.196E+02	 7.174E+03
 320.050	 4.747E+00	-1.052E+02	 7.247E+03
 320.100	 4.742E+00	 1.245E+02	 7.304E+03
 320.150	 4.737E+00	 3.629E+02	 7.323E+03
 320.200	 4.732E+00	 5.702E+02	 7.326E+03
 320.250	 4.729E+00	 7.878E+02	 7.343E+03
 320.300	 4.729E+00	 1.020E+03	 7.386E+03
 320.350	 4.730E+00	 1.234E+03	 7.383E+03
 320.400	 4.733E+00	 1.447E+03	 7.346E+03
 320.450	 4.735E+00	 1.680E+03	 7.366E+03
 320.500	 4.735E+00	 1.918E+03	 7.483E+03
 320.550	 4.730E+00	 2.165E+03	 7.689E+03
 320.600	 4.720E+00	 2.428E+03	 7.913E+03
 320.650	 4.707E+00	 2.693E+03	 8.102E+03
 320.700	 4.689E+00	 2.958E+03	 8.228E+03
 320.750	 4.670E+00	 3.213E+03	 8.190E+03
 320.800	 4.648E+00	 3.453E+03	 8.055E+03
 320.850	 4.626E+00	 3.665E+03	 7.864E+03
 320.900	 4.602E+00	 3.834E+03	 7.689E+03
 320.950	 4.577E+00	 3.975E+03	 7.655E+03
 321.000	 4.550E+00	 4.094E+03	 7.786E+03
 321.050	 4.519E+00	 4.180E+03	 7.984E+03
 321.100	 4.485E+00	 4.242E+03	 8.219E+03
 321.150	 4.448E+00	 4.294E+03	 8.435E+03
 321.200	 4.409E+00	 4.331E+03	 8.587E+03
 321.250	 4.368E+00	 4.370E+03	 8.635E+03
 321.300	 4.325E+00	 4.415E+03	 8.701E+03
 321.350	 4.283E+00	 4.465E+03	 8.790E+03
 321.400	 4.242E+00	 4.507E+03	 8.820E+03
 321.450	 4.202E+00	 4.540E+03	 8.837E+03
 321.500	 4.163E+00	 4.562E+03	 8.909E+03
 321.550	 4.125E+00	 4.567E+03	 9.005E+03
 321.600	 4.088E+00	 4.561E+03	 9.082E+03
 321.650	 4.049E+00	 4.533E+03	 9.187E+03
 321.700	 4.010E+00	 4.473E+03	 9.258E+03
 321.750	 3.971E+00	 4.389E+03	 9.224E+03
 321.800	 3.932E+00	 4.260E+03	 9.090E+03
 321.850	 3.892E+00	 4.091E+03	 8.914E+03
 321.900	 3.852E+00	 3.910E+03	 8.664E+03
 321.950	 3.812E+00	 3.725E+03	 8.322E+03
 322.000	 3.771E+00	 3.516E+03	 7.967E+03
 322.050	 3.731E+00	 3.298E+03	 7.645E+03
 322.100	 3.690E+00	 3.084E+03	 7.367E+03
 322.150	 3.648E+00	 2.875E+03	 7.082E+03
 322.200	 3.603E+00	 2.702E+03	 6.844E+03
 322.250	 3.556E+00	 2.555E+03	 6.644E+03
 322.300	 3.505E+00	 2.421E+03	 6.474E+03
 322.350	 3.453E+00	 2.290E+03	 6.406E+03
 322.400	 3.397E+00	 2.158E+03	 6.423E+03
 322.450	 3.339E+00	 2.037E+03	 6.493E+03
 322.500	 3.278E+00	 1.906E+03	 6.546E+03
 322.550	 3.214E+00	 1.733E+03	 6.624E+03
 322.600	 3.147E+00	 1.555E+03	 6.713E+03
 322.650	 3.076E+00	 1.352E+03	 6.819E+03
 322.700	 3.002E+00	 1.104E+03	 6.941E+03
 322.750	 2.925E+00	 8.398E+02	 7.068E+03
 322.800	 2.844E+00	 5.852E+02	 7.223E+03
 322.850	 2.761E+00	 2.989E+02	 7.431E+03
 322.900	 2.674E+00	 2.523E+01	 7.635E+03
 322.950	 2.584E+00	-2.226E+02	 7.781E+03
 323.000	 2.492E+00	-4.755E+02	 7.850E+03
 323.050	 2.398E+00	-7.227E+02	 7.804E+03
 323.100	 2.303E+00	-9.257E+02	 7.740E+03
 323.150	 2.206E+00	-1.090E+03	 7.703E+03
 323.200	 2.107E+00	-1.211E+03	 7.730E+03
 323.250	 2.005E+00	-1.300E+03	 7.766E+03
 323.300	 1.901E+00	-1.380E+03	 7.776E+03
 323.350	 1.793E+00	-1.449E+03	 7.807E+03
 323.400	 1.683E+00	-1.493E+03	 7.877E+03
 323.450	 1.570E+00	-1.530E+03	 8.025E+03
 323.500	 1.457E+00	-1.575E+03	 8.273E+03
 323.550	 1.344E+00	-1.632E+03	 8.624E+03
 323.600	 1.231E+00	-1.701E+03	 9.070E+03
 323.650	 1.115E+00	-1.807E+03	 9.495E+03
 323.700	 9.963E-01	-1.924E+03	 9.773E+03
 323.750	 8.747E-01	-2.050E+03	 9.830E+03
 323.800	 7.541E-01	-2.186E+03	 9.647E+03
 323.850	 6.376E-01	-2.319E+03	 9.363E+03
 323.900	 5.262E-01	-2.464E+03	 9.110E+03
 323.950	 4.198E-01	-2.589E+03	 8.977E+03
 324.000	 3.184E-01	-2.691E+03	 9.002E+03
 324.050	 2.210E-01	-2.768E+03	 9.161E+03
 324.100	 1.232E-01	-2.787E+03	 9.359E+03
 324.150	 1.905E-02	-2.745E+03	 9.467E+03
 324.200	 0.000E+00	-2.657E+03	 9.452E+03
 324.250	 0.000E+00	-2.547E+03	 9.292E+03
 324.300	 0.000E+00	-2.405E+03	 9.038E+03
 324.350	 0.000E+00	-2.247E+03	 8.789E+03
 324.400	 0.000E+00	-2.100E+03	 8.536E+03
 324.450	 0.000E+00	-1.939E+03	 8.342E+03
 324.500	 0.000E+00	-1.791E+03	 8.211E+03
 324.550	 0.000E+00	-1.636E+03	 8.268E+03
 324.600	 0.000E+00	-1.496E+03	 8.456E+03
 324.650	 0.000E+00	-1.348E+03	 8.748E+03
 324.700	 0.000E+00	-1.207E+03	 9.106E+03
 324.750	 0.000E+00	-1.067E+03	 9.464E+03
 324.800	 0.000E+00	-9.295E+02	 9.778E+03
 324.850	 0.000E+00	-8.012E+02	 1.000E+04
 324.900	 0.000E+00	-6.540E+02	 1.016E+04
 324.950	 0.000E+00	-5.236E+02	 1.031E+04
 325.000	 0.000E+00	-3.831E+02	 1.044E+04
 325.050	 0.000E+00	-1.902E+02	 1.054E+04
 325.100	 0.000E+00	 3.449E+01	 1.071E+04
 325.150	 0.000E+00	 2.995E+02	 1.086E+04
 325.200	 0.000E+00	 6.184E+02	 1.090E+04
 325.250	 0.000E+00	 9.624E+02	 1.091E+04
 325.300	 0.000E+00	 1.327E+03	 1.083E+04
 325.350	 0.000E+00	 1.737E+03	 1.077E+04
 325.400	 0.000E+00	 2.117E+03	 1.071E+04
 325.450	 0.000E+00	 2.438E+03	 1.061E+04
 325.500	 0.000E+00	 2.712E+03	 1.059E+04
 325.550	 0.000E+00	 2.900E+03	 1.067E+04
 325.600	 0.000E+00	 3.006E+03	 1.084E+04
 325.650	 0.000E+00	 3.059E+03	 1.095E+04
 325.700	 0.000E+00	 3.074E+03	 1.093E+04
 325.750	 0.000E+00	 3.049E+03	 1.075E+04
 325.800	 0.000E+00	 3.077E+03	 1.054E+04
 325.850	 0.000E+00	 3.176E+03	 1.037E+04
 325.900	 0.000E+00	 3.334E+03	 1.032E+04
 325.950	 0.000E+00	 3.567E+03	 1.045E+04
 326.000	 0.000E+00	 3.841E+03	 1.068E+04
 326.050	 0.000E+00	 4.128E+03	 1.096E+04
 326.100	 0.000E+00	 4.406E+03	 1.112E+04
 326.150	 0.000E+00	 4.709E+03	 1.120E+04
 326.200	 0.000E+00	 4.980E+03	 1.112E+04
 326.250	 0.000E+00	 5.174E+03	 1.091E+04
 326.300	 0.000E+00	 5.320E+03	 1.070E+04
 326.350	 0.000E+00	 5.425E+03	 1.060E+04
 326.400	 0.000E+00	 5.490E+03	 1.062E+04
 326.450	 0.000E+00	 5.497E+03	 1.069E+04
 326.500	 0.000E+00	 5.469E+03	 1.090E+04
 326.550	 0.000E+00	 5.373E+03	 1.110E+04
 326.600	 0.000E+00	 5.216E+03	 1.115E+04
 326.650	 0.000E+00	 5.021E+03	 1.111E+04
 326.700	 0.000E+00	 4.804E+03	 1.105E+04
 326.750	 0.000E+00	 4.564E+03	 1.085E+04
 326.800	 0.000E+00	 4.341E+03	 1.066E+04
 326.850	 0.000E+00	 4.141E+03	 1.058E+04
 326.900	 0.000E+00	 3.978E+03	 1.051E+04
 326.950	 0.000E+00	 3.888E+03	 1.036E+04
 327.000	 0.000E+00	 3.859E+03	 1.023E+04
 327.050	 0.000E+00	 3.858E+03	 1.015E+04
 327.100	 0.000E+00	 3.882E+03	 9.997E+03
 327.150	 0.000E+00	 3.950E+03	 9.860E+03
 327.200	 0.000E+00	 3.957E+03	 9.810E+03
 327.250	 0.000E+00	 3.925E+03	 9.905E+03
 327.300	 0.000E+00	 3.879E+03	 1.015E+04
 327.350	 0.000E+00	 3.693E+03	 1.036E+04
 327.400	 0.000E+00	 3.425E+03	 1.049E+04
 327.450	 0.000E+00	 3.144E+03	 1.058E+04
 327.500	 0.000E+00	 2.768E+03	 1.058E+04
 327.550	 0.000E+00	 2.364E+03	 1.049E+04
 327.600	 0.000E+00	 1.987E+03	 1.036E+04
 327.650	 0.000E+00	 1.604E+03	 1.030E+04
 327.700	 0.000E+00	 1.245E+03	 1.035E+04
 327.750	 0.000E+00	 9.437E+02	 1.046E+04
 327.800	 0.000E+00	 6.922E+02	 1.062E+04
 327.850	 0.000E+00	 4.467E+02	 1.071E+04
 327.900	 0.000E+00	 2.386E+02	 1.076E+04
 327.950	 0.000E+00	 7.806E+01	 1.068E+04
 328.000	 0.000E+00	-4.509E+01	 1.046E+04
 328.050	 0.000E+00	-1.450E+02	 1.006E+04
 328.100	 0.000E+00	-2.201E+02	 9.624E+03
 328.150	 0.000E+00	-2.878E+02	 9.249E+03
 328.200	 0.000E+00	-3.793E+02	 8.915E+03
 328.250	 0.000E+00	-5.011E+02	 8.685E+03
 328.300	 0.000E+00	-6.781E+02	 8.653E+03
 328.350	 0.000E+00	-8.947E+02	 8.792E+03
 328.400	 0.000E+00	-1.141E+03	 8.998E+03
 328.450	 0.000E+00	-1.398E+03	 9.189E+03
 328.500	 0.000E+00	-1.649E+03	 9.383E+03
 328.550	 0.000E+00	-1.888E+03	 9.555E+03
 328.600	 2.366E-03	-2.130E+03	 9.687E+03
 328.650	 3.822E-02	-2.354E+03	 9.771E+03
 328.700	 7.166E-02	-2.541E+03	 9.839E+03
 328.750	 1.035E-01	-2.676E+03	 9.896E+03
 328.800	 1.371E-01	-2.782E+03	 9.945E+03
 328.850	 1.748E-01	-2.838E+03	 1.001E+04
 328.900	 2.165E-01	-2.847E+03	 1.004E+04
 328.950	 2.618E-01	-2.803E+03	 1.002E+04
 329.000	 3.127E-01	-2.712E+03	 9.995E+03
 329.050	 3.724E-01	-2.603E+03	 9.976E+03
 329.100	 4.415E-01	-2.470E+03	 9.975E+03
 329.150	 5.179E-01	-2.323E+03	 9.921E+03
 329.200	 5.978E-01	-2.185E+03	 9.837E+03
 329.250	 6.787E-01	-2.045E+03	 9.740E+03
 329.300	 7.580E-01	-1.928E+03	 9.679E+03
 329.350	 8.340E-01	-1.827E+03	 9.680E+03
 329.400	 9.059E-01	-1.741E+03	 9.782E+03
 329.450	 9.741E-01	-1.658E+03	 9.991E+03
 329.500	 1.041E+00	-1.595E+03	 1.024E+04
 329.550	 1.110E+00	-1.528E+03	 1.045E+04
 329.600	 1.182E+00	-1.469E+03	 1.061E+04
 329.650	 1.256E+00	-1.397E+03	 1.064E+04
 329.700	 1.331E+00	-1.296E+03	 1.053E+04
 329.750	 1.406E+00	-1.171E+03	 1.042E+04
 329.800	 1.479E+00	-1.007E+03	 1.033E+04
 329.850	 1.549E+00	-7.852E+02	 1.026E+04
 329.900	 1.617E+00	-5.208E+02	 1.029E+04
 329.950	 1.682E+00	-2.259E+02	 1.039E+04
 330.000	 1.744E+00	 1.195E+02	 1.043E+04
 330.050	 1.803E+00	 5.042E+02	 1.049E+04
 330.100	 1.862E+00	 8.734E+02	 1.050E+04
 330.150	 1.921E+00	 1.226E+03	 1.047E+04
 330.200	 1.983E+00	 1.549E+03	 1.043E+04
 330.250	 2.046E+00	 1.812E+03	 1.042E+04
 330.300	 2.108E+00	 2.016E+03	 1.046E+04
 330.350	 2.171E+00	 2.180E+03	 1.053E+04
 330.400	 2.236E+00	 2.287E+03	 1.059E+04
 330.450	 2.304E+00	 2.320E+03	 1.063E+04
 330.500	 2.373E+00	 2.335E+03	 1.070E+04
 330.550	 2.443E+00	 2.389E+03	 1.079E+04
 330.600	 2.513E+00	 2.482E+03	 1.090E+04
 330.650	 2.586E+00	 2.589E+03	 1.098E+04
 330.700	 2.661E+00	 2.720E+03	 1.103E+04
 330.750	 2.739E+00	 2.891E+03	 1.103E+04
 330.800	 2.818E+00	 3.089E+03	 1.089E+04
 330.850	 2.897E+00	 3.315E+03	 1.068E+04
 330.900	 2.974E+00	 3.574E+03	 1.036E+04
 330.950	 3.050E+00	 3.831E+03	 9.947E+03
 331.000	 3.122E+00	 4.087E+03	 9.583E+03
 331.050	 3.191E+00	 4.331E+03	 9.329E+03
 331.100	 3.256E+00	 4.540E+03	 9.235E+03
 331.150	 3.319E+00	 4.703E+03	 9.298E+03
 331.200	 3.383E+00	 4.788E+03	 9.368E+03
 331.250	 3.449E+00	 4.790E+03	 9.389E+03
 331.300	 3.517E+00	 4.723E+03	 9.358E+03
 331.350	 3.587E+00	 4.568E+03	 9.246E+03
 331.400	 3.657E+00	 4.373E+03	 9.109E+03
 331.450	 3.725E+00	 4.170E+03	 8.922E+03
 331.500	 3.789E+00	 3.964E+03	 8.704E+03
 331.550	 3.848E+00	 3.794E+03	 8.516E+03
 331.600	 3.899E+00	 3.665E+03	 8.382E+03
 331.650	 3.944E+00	 3.595E+03	 8.327E+03
 331.700	 3.985E+00	 3.577E+03	 8.355E+03
 331.750	 4.024E+00	 3.594E+03	 8.457E+03
 331.800	 4.064E+00	 3.625E+03	 8.451E+03
 331.850	 4.107E+00	 3.682E+03	 8.365E+03
 331.900	 4.152E+00	 3.722E+03	 8.205E+03
 331.950	 4.197E+00	 3.734E+03	 8.050E+03
 332.000	 4.242E+00	 3.705E+03	 7.973E+03
 332.050	 4.286E+00	 3.618E+03	 7.995E+03
 332.100	 4.328E+00	 3.441E+03	 8.077E+03
 332.150	 4.368E+00	 3.220E+03	 8.227E+03
 332.200	 4.406E+00	 2.950E+03	 8.355E+03
 332.250	 4.443E+00	 2.620E+03	 8.390E+03
 332.300	 4.480E+00	 2.267E+03	 8.301E+03
 332.350	 4.520E+00	 1.869E+03	 8.114E+03
 332.400	 4.561E+00	 1.469E+03	 7.900E+03
 332.450	 4.603E+00	 1.074E+03	 7.588E+03
 332.500	 4.645E+00	 7.362E+02	 7.327E+03
 332.550	 4.687E+00	 4.190E+02	 7.172E+03
 332.600	 4.729E+00	 1.654E+02	 7.136E+03
 332.650	 4.770E+00	-1.612E+01	 7.238E+03
 332.700	 4.808E+00	-1.595E+02	 7.425E+03
 332.750	 4.846E+00	-2.564E+02	 7.558E+03
 332.800	 4.884E+00	-3.224E+02	 7.564E+03
 332.850	 4.921E+00	-4.046E+02	 7.451E+03
 332.900	 4.957E+00	-4.728E+02	 7.242E+03
 332.950	 4.993E+00	-5.650E+02	 6.966E+03
 333.000	 5.029E+00	-7.028E+02	 6.666E+03
 333.050	 5.065E+00	-8.835E+02	 6.439E+03
 333.100	 5.100E+00	-1.110E+03	 6.346E+03
 333.150	 5.134E+00	-1.379E+03	 6.364E+03
 333.200	 5.166E+00	-1.677E+03	 6.469E+03
 333.250	 5.197E+00	-1.996E+03	 6.604E+03
 333.300	 5.228E+00	-2.318E+03	 6.711E+03
 333.350	 5.258E+00	-2.618E+03	 6.711E+03
 333.400	 5.286E+00	-2.878E+03	 6.558E+03
 333.450	 5.314E+00	-3.083E+03	 6.305E+03
 333.500	 5.341E+00	-3.220E+03	 6.077E+03
 333.550	 5.367E+00	-3.295E+03	 6.006E+03
 333.600	 5.391E+00	-3.310E+03	 6.112E+03
 333.650	 5.414E+00	-3.248E+03	 6.418E+03
 333.700	 5.438E+00	-3.151E+03	 6.814E+03
 333.750	 5.464E+00	-3.038E+03	 7.204E+03
 333.800	 5.493E+00	-2.916E+03	 7.474E+03
 333.850	 5.524E+00	-2.797E+03	 7.562E+03
 333.900	 5.556E+00	-2.682E+03	 7.512E+03
 333.950	 5.586E+00	-2.595E+03	 7.367E+03
 334.000	 5.614E+00	-2.548E+03	 7.186E+03
 334.050	 5.639E+00	-2.507E+03	 7.078E+03
 334.100	 5.662E+00	-2.491E+03	 6.973E+03
 334.150	 5.681E+00	-2.481E+03	 6.939E+03
 334.200	 5.700E+00	-2.485E+03	 6.956E+03
 334.250	 5.720E+00	-2.505E+03	 7.006E+03
 334.300	 5.740E+00	-2.513E+03	 7.021E+03
 334.350	 5.762E+00	-2.479E+03	 7.014E+03
 334.400	 5.785E+00	-2.412E+03	 7.010E+03
 334.450	 5.809E+00	-2.275E+03	 6.974E+03
 334.500	 5.832E+00	-2.101E+03	 6.985E+03
 334.550	 5.854E+00	-1.864E+03	 7.059E+03
 334.600	 5.872E+00	-1.579E+03	 7.192E+03
 334.650	 5.888E+00	-1.246E+03	 7.389E+03
 334.700	 5.900E+00	-9.026E+02	 7.650E+03
 334.750	 5.912E+00	-5.603E+02	 7.933E+03
 334.800	 5.923E+00	-2.246E+02	 8.081E+03
 334.850	 5.935E+00	 6.186E+01	 8.151E+03
 334.900	 5.949E+00	 3.120E+02	 8.146E+03
 334.950	 5.964E+00	 5.229E+02	 8.082E+03
 335.000	 5.981E+00	 6.926E+02	 8.018E+03
 335.050	 5.997E+00	 8.176E+02	 7.954E+03
 335.100	 6.012E+00	 9.405E+02	 7.882E+03
 335.150	 6.024E+00	 1.055E+03	 7.847E+03
 335.200	 6.032E+00	 1.162E+03	 7.873E+03
 335.250	 6.038E+00	 1.301E+03	 7.949E+03
 335.300	 6.041E+00	 1.483E+03	 8.027E+03
 335.350	 6.044E+00	 1.671E+03	 8.042E+03
 335.400	 6.047E+00	 1.881E+03	 7.935E+03
 335.450	 6.051E+00	 2.120E+03	 7.718E+03
 335.500	 6.055E+00	 2.370E+03	 7.458E+03
 335.550	 6.061E+00	 2.627E+03	 7.198E+03
 335.600	 6.068E+00	 2.895E+03	 7.056E+03
 335.650	 6.073E+00	 3.168E+03	 7.101E+03
 335.700	 6.077E+00	 3.413E+03	 7.229E+03
 335.750	 6.078E+00	 3.610E+03	 7.313E+03
 335.800	 6.076E+00	 3.780E+03	 7.452E+03
 335.850	 6.073E+00	 3.907E+03	 7.540E+03
 335.900	 6.067E+00	 3.996E+03	 7.604E+03
 335.950	 6.060E+00	 4.047E+03	 7.658E+03
 336.000	 6.054E+00	 4.076E+03	 7.642E+03
 336.050	 6.049E+00	 4.062E+03	 7.546E+03
 336.100	 6.045E+00	 4.045E+03	 7.535E+03
 336.150	 6.042E+00	 4.002E+03	 7.579E+03
 336.200	 6.039E+00	 3.965E+03	 7.755E+03
 336.250	 6.038E+00	 3.938E+03	 8.006E+03
 336.300	 6.037E+00	 3.918E+03	 8.226E+03
 336.350	 6.036E+00	 3.916E+03	 8.348E+03
 336.400	 6.034E+00	 3.939E+03	 8.345E+03
 336.450	 6.030E+00	 3.962E+03	 8.178E+03
 336.500	 6.024E+00	 3.986E+03	 7.940E+03
 336.550	 6.018E+00	 4.011E+03	 7.658E+03
 336.600	 6.011E+00	 4.022E+03	 7.519E+03
 336.650	 6.004E+00	 3.990E+03	 7.477E+03
 336.700	 5.998E+00	 3.926E+03	 7.514E+03
 336.750	 5.995E+00	 3.802E+03	 7.592E+03
 336.800	 5.994E+00	 3.608E+03	 7.703E+03
 336.850	 5.994E+00	 3.380E+03	 7.656E+03
 336.900	 5.992E+00	 3.131E+03	 7.496E+03
 336.950	 5.988E+00	 2.857E+03	 7.285E+03
 337.000	 5.980E+00	 2.588E+03	 7.084E+03
 337.050	 5.970E+00	 2.334E+03	 6.973E+03
 337.100	 5.956E+00	 2.092E+03	 6.959E+03
 337.150	 5.939E+00	 1.883E+03	 7.019E+03
 337.200	 5.922E+00	 1.711E+03	 7.147E+03
 337.250	 5.905E+00	 1.543E+03	 7.269E+03
 337.300	 5.891E+00	 1.384E+03	 7.335E+03
 337.350	 5.879E+00	 1.216E+03	 7.292E+03
 337.400	 5.868E+00	 1.053E+03	 7.139E+03
 337.450	 5.857E+00	 8.743E+02	 6.900E+03
 337.500	 5.845E+00	 6.838E+02	 6.585E+03
 337.550	 5.829E+00	 4.855E+02	 6.255E+03
 337.600	 5.810E+00	 2.768E+02	 5.976E+03
 337.650	 5.787E+00	 4.714E+01	 5.780E+03
 337.700	 5.762E+00	-2.170E+02	 5.674E+03
 337.750	 5.736E+00	-5.050E+02	 5.685E+03
 337.800	 5.711E+00	-8.016E+02	 5.763E+03
 337.850	 5.689E+00	-1.096E+03	 5.806E+03
 337.900	 5.671E+00	-1.405E+03	 5.771E+03
 337.950	 5.656E+00	-1.706E+03	 5.618E+03
 338.000	 5.642E+00	-1.959E+03	 5.446E+03
 338.050	 5.627E+00	-2.161E+03	 5.345E+03
 338.100	 5.609E+00	-2.316E+03	 5.343E+03
 338.150	 5.587E+00	-2.424E+03	 5.457E+03
 338.200	 5.561E+00	-2.486E+03	 5.654E+03
 338.250	 5.532E+00	-2.517E+03	 5.872E+03
 338.300	 5.501E+00	-2.523E+03	 6.012E+03
 338.350	 5.472E+00	-2.521E+03	 6.014E+03
 338.400	 5.445E+00	-2.547E+03	 5.899E+03
 338.450	 5.421E+00	-2.567E+03	 5.766E+03
 338.500	 5.398E+00	-2.611E+03	 5.671E+03
 338.550	 5.376E+00	-2.674E+03	 5.673E+03
 338.600	 5.352E+00	-2.757E+03	 5.760E+03
 338.650	 5.325E+00	-2.869E+03	 5.871E+03
 338.700	 5.295E+00	-2.954E+03	 5.974E+03
 338.750	 5.261E+00	-3.025E+03	 6.073E+03
 338.800	 5.224E+00	-3.080E+03	 6.138E+03
 338.850	 5.184E+00	-3.114E+03	 6.199E+03
 338.900	 5.143E+00	-3.119E+03	 6.259E+03
 338.950	 5.102E+00	-3.085E+03	 6.356E+03
 339.000	 5.063E+00	-3.017E+03	 6.463E+03
 339.050	 5.025E+00	-2.899E+03	 6.629E+03
 339.100	 4.987E+00	-2.743E+03	 6.782E+03
 339.150	 4.950E+00	-2.547E+03	 6.909E+03
 339.200	 4.913E+00	-2.338E+03	 6.985E+03
 339.250	 4.874E+00	-2.129E+03	 7.042E+03
 339.300	 4.834E+00	-1.912E+03	 7.174E+03
 339.350	 4.792E+00	-1.696E+03	 7.353E+03
 339.400	 4.748E+00	-1.460E+03	 7.593E+03
 339.450	 4.706E+00	-1.241E+03	 7.942E+03
 339.500	 4.666E+00	-1.066E+03	 8.323E+03
 339.550	 4.629E+00	-8.704E+02	 8.626E+03
 339.600	 4.596E+00	-7.207E+02	 8.865E+03
 339.650	 4.567E+00	-6.233E+02	 8.986E+03
 339.700	 4.539E+00	-4.920E+02	 9.034E+03
 339.750	 4.512E+00	-3.699E+02	 9.067E+03
 339.800	 4.485E+00	-2.535E+02	 9.105E+03
 339.850	 4.458E+00	-1.172E+02	 9.105E+03
 339.900	 4.431E+00	 5.999E+01	 9.082E+03
 339.950	 4.404E+00	 2.422E+02	 8.965E+03
 340.000	 4.377E+00	 4.761E+02	 8.787E+03
 340.050	 4.352E+00	 7.613E+02	 8.491E+03
 340.100	 4.329E+00	 1.055E+03	 8.195E+03
 340.150	 4.307E+00	 1.358E+03	 7.918E+03
 340.200	 4.284E+00	 1.695E+03	 7.694E+03
 340.250	 4.260E+00	 2.035E+03	 7.622E+03
 340.300	 4.234E+00	 2.351E+03	 7.722E+03
 340.350	 4.207E+00	 2.660E+03	 7.985E+03
 340.400	 4.177E+00	 2.920E+03	 8.277E+03
 340.450	 4.145E+00	 3.112E+03	 8.530E+03
 340.500	 4.111E+00	 3.265E+03	 8.730E+03
 340.550	 4.074E+00	 3.380E+03	 8.843E+03
 340.600	 4.035E+00	 3.472E+03	 8.929E+03
 340.650	 3.993E+00	 3.538E+03	 8.949E+03
 340.700	 3.950E+00	 3.601E+03	 9.049E+03
 340.750	 3.906E+00	 3.685E+03	 9.259E+03
 340.800	 3.861E+00	 3.774E+03	 9.488E+03
 340.850	 3.815E+00	 3.885E+03	 9.753E+03
 340.900	 3.771E+00	 3.987E+03	 9.917E+03
 340.950	 3.726E+00	 4.114E+03	 1.005E+04
 341.000	 3.683E+00	 4.261E+03	 1.009E+04
 341.050	 3.640E+00	 4.432E+03	 1.009E+04
 341.100	 3.597E+00	 4.607E+03	 1.013E+04
 341.150	 3.556E+00	 4.766E+03	 1.019E+04
 341.200	 3.516E+00	 4.893E+03	 1.020E+04
 341.250	 3.478E+00	 4.997E+03	 1.029E+04
 341.300	 3.442E+00	 5.069E+03	 1.046E+04
 341.350	 3.409E+00	 5.078E+03	 1.055E+04
 341.400	 3.378E+00	 5.038E+03	 1.064E+04
 341.450	 3.350E+00	 4.910E+03	 1.069E+04
 341.500	 3.325E+00	 4.715E+03	 1.065E+04
 341.550	 3.303E+00	 4.503E+03	 1.052E+04
 341.600	 3.283E+00	 4.276E+03	 1.029E+04
 341.650	 3.264E+00	 4.080E+03	 1.006E+04
 341.700	 3.245E+00	 3.913E+03	 9.769E+03
 341.750	 3.226E+00	 3.769E+03	 9.559E+03
 341.800	 3.206E+00	 3.643E+03	 9.465E+03
 341.850	 3.186E+00	 3.522E+03	 9.392E+03
 341.900	 3.163E+00	 3.419E+03	 9.350E+03
 341.950	 3.139E+00	 3.326E+03	 9.240E+03
 342.000	 3.113E+00	 3.242E+03	 9.059E+03
 342.050	 3.087E+00	 3.118E+03	 8.726E+03
 342.100	 3.063E+00	 2.949E+03	 8.371E+03
 342.150	 3.040E+00	 2.734E+03	 8.051E+03
 342.200	 3.018E+00	 2.482E+03	 7.838E+03
 342.250	 2.996E+00	 2.189E+03	 7.629E+03
 342.300	 2.972E+00	 1.892E+03	 7.446E+03
 342.350	 2.945E+00	 1.577E+03	 7.255E+03
 342.400	 2.913E+00	 1.237E+03	 7.046E+03
 342.450	 2.877E+00	 9.078E+02	 6.794E+03
 342.500	 2.838E+00	 5.796E+02	 6.638E+03
 342.550	 2.800E+00	 2.397E+02	 6.542E+03
 342.600	 2.764E+00	-5.171E+01	 6.501E+03
 342.650	 2.732E+00	-2.973E+02	 6.471E+03
 342.700	 2.707E+00	-5.208E+02	 6.476E+03
 342.750	 2.687E+00	-7.024E+02	 6.600E+03
 342.800	 2.675E+00	-8.384E+02	 6.875E+03
 342.850	 2.667E+00	-9.653E+02	 7.257E+03
 342.900	 2.661E+00	-1.066E+03	 7.684E+03
 342.950	 2.652E+00	-1.120E+03	 8.109E+03
 343.000	 2.641E+00	-1.167E+03	 8.452E+03
 343.050	 2.627E+00	-1.236E+03	 8.747E+03
 343.100	 2.612E+00	-1.326E+03	 8.945E+03
 343.150	 2.598E+00	-1.426E+03	 9.047E+03
 343.200	 2.589E+00	-1.559E+03	 9.076E+03
 343.250	 2.585E+00	-1.734E+03	 8.993E+03
 343.300	 2.588E+00	-1.926E+03	 8.819E+03
 343.350	 2.599E+00	-2.146E+03	 8.593E+03
 343.400	 2.614E+00	-2.368E+03	 8.371E+03
 343.450	 2.630E+00	-2.561E+03	 8.186E+03
 343.500	 2.646E+00	-2.704E+03	 8.111E+03
 343.550	 2.657E+00	-2.788E+03	 8.207E+03
 343.600	 2.662E+00	-2.815E+03	 8.424E+03
 343.650	 2.660E+00	-2.779E+03	 8.685E+03
 343.700	 2.654E+00	-2.704E+03	 8.902E+03
 343.750	 2.648E+00	-2.608E+03	 9.003E+03
 343.800	 2.643E+00	-2.482E+03	 9.067E+03
 343.850	 2.641E+00	-2.347E+03	 9.173E+03
 343.900	 2.643E+00	-2.211E+03	 9.283E+03
 343.950	 2.647E+00	-2.095E+03	 9.440E+03
 344.000	 2.653E+00	-2.013E+03	 9.593E+03
 344.050	 2.657E+00	-1.953E+03	 9.773E+03
 344.100	 2.658E+00	-1.922E+03	 9.922E+03
 344.150	 2.653E+00	-1.881E+03	 1.000E+04
 344.200	 2.641E+00	-1.838E+03	 1.003E+04
 344.250	 2.623E+00	-1.792E+03	 9.985E+03
 344.300	 2.603E+00	-1.741E+03	 9.927E+03
 344.350	 2.582E+00	-1.700E+03	 9.849E+03
 344.400	 2.564E+00	-1.640E+03	 9.802E+03
 344.450	 2.552E+00	-1.548E+03	 9.729E+03
 344.500	 2.546E+00	-1.437E+03	 9.654E+03
 344.550	 2.547E+00	-1.300E+03	 9.640E+03
 344.600	 2.551E+00	-1.112E+03	 9.669E+03
 344.650	 2.554E+00	-8.902E+02	 9.713E+03
 344.700	 2.555E+00	-6.176E+02	 9.701E+03
 344.750	 2.552E+00	-3.186E+02	 9.687E+03
 344.800	 2.547E+00	-1.231E+01	 9.663E+03
 344.850	 2.540E+00	 2.972E+02	 9.626E+03
 344.900	 2.532E+00	 6.124E+02	 9.651E+03
 344.950	 2.527E+00	 8.793E+02	 9.712E+03
 345.000	 2.529E+00	 1.107E+03	 9.818E+03
 345.050	 2.537E+00	 1.291E+03	 9.868E+03
 345.100	 2.553E+00	 1.427E+03	 9.806E+03
 345.150	 2.571E+00	 1.534E+03	 9.620E+03
 345.200	 2.589E+00	 1.630E+03	 9.328E+03
 345.250	 2.604E+00	 1.721E+03	 9.053E+03
 345.300	 2.616E+00	 1.823E+03	 8.821E+03
 345.350	 2.623E+00	 1.961E+03	 8.702E+03
 345.400	 2.626E+00	 2.131E+03	 8.718E+03
 345.450	 2.629E+00	 2.333E+03	 8.765E+03
 345.500	 2.633E+00	 2.557E+03	 8.762E+03
 345.550	 2.638E+00	 2.807E+03	 8.685E+03
 345.600	 2.643E+00	 3.076E+03	 8.561E+03
 345.650	 2.646E+00	 3.365E+03	 8.468E+03
 345.700	 2.647E+00	 3.666E+03	 8.506E+03
 345.750	 2.644E+00	 3.932E+03	 8.589E+03
 345.800	 2.636E+00	 4.144E+03	 8.713E+03
 345.850	 2.624E+00	 4.323E+03	 8.890E+03
 345.900	 2.607E+00	 4.461E+03	 9.016E+03
 345.950	 2.590E+00	 4.513E+03	 9.043E+03
 346.000	 2.573E+00	 4.540E+03	 9.162E+03
 346.050	 2.559E+00	 4.528E+03	 9.272E+03
 346.100	 2.549E+00	 4.495E+03	 9.363E+03
 346.150	 2.540E+00	 4.445E+03	 9.444E+03
 346.200	 2.533E+00	 4.413E+03	 9.639E+03
 346.250	 2.525E+00	 4.381E+03	 9.822E+03
 346.300	 2.515E+00	 4.382E+03	 1.002E+04
 346.350	 2.504E+00	 4.394E+03	 1.022E+04
 346.400	 2.491E+00	 4.445E+03	 1.039E+04
 346.450	 2.477E+00	 4.518E+03	 1.046E+04
 346.500	 2.465E+00	 4.575E+03	 1.050E+04
 346.550	 2.455E+00	 4.594E+03	 1.048E+04
 346.600	 2.448E+00	 4.598E+03	 1.042E+04
 346.650	 2.445E+00	 4.579E+03	 1.034E+04
 346.700	 2.446E+00	 4.497E+03	 1.026E+04
 346.750	 2.452E+00	 4.374E+03	 1.017E+04
 346.800	 2.461E+00	 4.206E+03	 1.008E+04
 346.850	 2.472E+00	 3.981E+03	 1.004E+04
 346.900	 2.481E+00	 3.710E+03	 9.940E+03
 346.950	 2.487E+00	 3.430E+03	 9.754E+03
 347.000	 2.489E+00	 3.127E+03	 9.446E+03
 347.050	 2.486E+00	 2.807E+03	 8.885E+03
 347.100	 2.479E+00	 2.511E+03	 8.180E+03
 347.150	 2.469E+00	 2.232E+03	 7.476E+03
 347.200	 2.457E+00	 1.985E+03	 6.945E+03
 347.250	 2.445E+00	 1.766E+03	 6.600E+03
 347.300	 2.435E+00	 1.601E+03	 6.569E+03
 347.350	 2.426E+00	 1.414E+03	 6.731E+03
 347.400	 2.418E+00	 1.250E+03	 6.965E+03
 347.450	 2.408E+00	 1.109E+03	 7.202E+03
 347.500	 2.396E+00	 9.378E+02	 7.323E+03
 347.550	 2.379E+00	 7.560E+02	 7.304E+03
 347.600	 2.357E+00	 5.840E+02	 7.099E+03
 347.650	 2.329E+00	 3.847E+02	 6.831E+03
 347.700	 2.298E+00	 1.521E+02	 6.617E+03
 347.750	 2.267E+00	-9.157E+01	 6.531E+03
 347.800	 2.239E+00	-3.485E+02	 6.727E+03
 347.850	 2.216E+00	-6.351E+02	 7.146E+03
 347.900	 2.200E+00	-9.295E+02	 7.689E+03
 347.950	 2.191E+00	-1.210E+03	 8.221E+03
 348.000	 2.185E+00	-1.486E+03	 8.637E+03
 348.050	 2.179E+00	-1.740E+03	 8.830E+03
 348.100	 2.170E+00	-1.948E+03	 8.730E+03
 348.150	 2.157E+00	-2.105E+03	 8.407E+03
 348.200	 2.140E+00	-2.221E+03	 7.993E+03
 348.250	 2.120E+00	-2.299E+03	 7.617E+03
 348.300	 2.101E+00	-2.335E+03	 7.366E+03
 348.350	 2.086E+00	-2.342E+03	 7.290E+03
 348.400	 2.078E+00	-2.325E+03	 7.379E+03
 348.450	 2.078E+00	-2.294E+03	 7.618E+03
 348.500	 2.085E+00	-2.248E+03	 8.005E+03
 348.550	 2.097E+00	-2.191E+03	 8.463E+03
 348.600	 2.110E+00	-2.129E+03	 8.895E+03
 348.650	 2.120E+00	-2.079E+03	 9.307E+03
 348.700	 2.124E+00	-2.035E+03	 9.738E+03
 348.750	 2.121E+00	-2.005E+03	 1.019E+04
 348.800	 2.111E+00	-1.998E+03	 1.059E+04
 348.850	 2.098E+00	-2.013E+03	 1.095E+04
 348.900	 2.087E+00	-2.046E+03	 1.121E+04
 348.950	 2.079E+00	-2.091E+03	 1.128E+04
 349.000	 2.077E+00	-2.122E+03	 1.117E+04
 349.050	 2.079E+00	-2.141E+03	 1.094E+04
 349.100	 2.084E+00	-2.125E+03	 1.069E+04
 349.150	 2.091E+00	-2.038E+03	 1.048E+04
 349.200	 2.095E+00	-1.882E+03	 1.037E+04
 349.250	 2.096E+00	-1.683E+03	 1.039E+04
 349.300	 2.091E+00	-1.461E+03	 1.050E+04
 349.350	 2.082E+00	-1.222E+03	 1.062E+04
 349.400	 2.072E+00	-9.853E+02	 1.068E+04
 349.450	 2.061E+00	-7.666E+02	 1.060E+04
 349.500	 2.054E+00	-5.422E+02	 1.046E+04
 349.550	 2.050E+00	-3.692E+02	 1.037E+04
 349.600	 2.051E+00	-2.349E+02	 1.033E+04
 349.650	 2.056E+00	-9.805E+01	 1.025E+04
 349.700	 2.062E+00	 5.698E+00	 1.014E+04
 349.750	 2.067E+00	 1.049E+02	 1.013E+04
 349.800	 2.067E+00	 2.337E+02	 1.021E+04
 349.850	 2.064E+00	 3.558E+02	 1.039E+04
 349.900	 2.060E+00	 4.735E+02	 1.060E+04
 349.950	 2.057E+00	 6.294E+02	 1.078E+04
 350.000	 2.057E+00	 7.965E+02	 1.089E+04
 350.050	 2.060E+00	 9.670E+02	 1.091E+04
 350.100	 2.066E+00	 1.166E+03	 1.080E+04
 350.150	 2.077E+00	 1.399E+03	 1.059E+04
 350.200	 2.092E+00	 1.627E+03	 1.030E+04
 350.250	 2.107E+00	 1.878E+03	 9.897E+03
 350.300	 2.119E+00	 2.179E+03	 9.526E+03
 350.350	 2.126E+00	 2.484E+03	 9.294E+03
 350.400	 2.131E+00	 2.815E+03	 9.230E+03
 350.450	 2.137E+00	 3.127E+03	 9.248E+03
 350.500	 2.145E+00	 3.373E+03	 9.333E+03
 350.550	 2.156E+00	 3.594E+03	 9.498E+03
 350.600	 2.170E+00	 3.794E+03	 9.617E+03
 350.650	 2.186E+00	 3.897E+03	 9.616E+03
 350.700	 2.204E+00	 3.946E+03	 9.601E+03
 350.750	 2.222E+00	 3.979E+03	 9.624E+03
 350.800	 2.238E+00	 3.960E+03	 9.604E+03
 350.850	 2.253E+00	 3.911E+03	 9.598E+03
 350.900	 2.267E+00	 3.867E+03	 9.587E+03
 350.950	 2.279E+00	 3.842E+03	 9.585E+03
 351.000	 2.291E+00	 3.831E+03	 9.457E+03
 351.050	 2.303E+00	 3.851E+03	 9.277E+03
 351.100	 2.316E+00	 3.898E+03	 9.062E+03
 351.150	 2.331E+00	 3.996E+03	 8.834E+03
 351.200	 2.347E+00	 4.120E+03	 8.625E+03
 351.250	 2.363E+00	 4.271E+03	 8.539E+03
 351.300	 2.378E+00	 4.435E+03	 8.557E+03
 351.350	 2.392E+00	 4.594E+03	 8.612E+03
 351.400	 2.403E+00	 4.720E+03	 8.707E+03
 351.450	 2.413E+00	 4.809E+03	 8.882E+03
 351.500	 2.421E+00	 4.831E+03	 9.025E+03
 351.550	 2.430E+00	 4.785E+03	 9.148E+03
 351.600	 2.441E+00	 4.672E+03	 9.302E+03
 351.650	 2.456E+00	 4.475E+03	 9.433E+03
 351.700	 2.475E+00	 4.221E+03	 9.528E+03
 351.750	 2.495E+00	 3.940E+03	 9.597E+03
 351.800	 2.515E+00	 3.622E+03	 9.636E+03
 351.850	 2.536E+00	 3.287E+03	 9.540E+03
 351.900	 2.556E+00	 2.978E+03	 9.350E+03
 351.950	 2.573E+00	 2.680E+03	 9.081E+03
 352.000	 2.588E+00	 2.418E+03	 8.890E+03
 352.050	 2.602E+00	 2.191E+03	 8.813E+03
 352.100	 2.618E+00	 2.022E+03	 8.835E+03
 352.150	 2.639E+00	 1.902E+03	 8.883E+03
 352.200	 2.666E+00	 1.819E+03	 8.901E+03
 352.250	 2.699E+00	 1.753E+03	 8.846E+03
 352.300	 2.737E+00	 1.699E+03	 8.697E+03
 352.350	 2.777E+00	 1.604E+03	 8.486E+03
 352.400	 2.817E+00	 1.491E+03	 8.312E+03
 352.450	 2.853E+00	 1.332E+03	 8.198E+03
 352.500	 2.885E+00	 1.105E+03	 8.098E+03
 352.550	 2.913E+00	 8.411E+02	 7.986E+03
 352.600	 2.938E+00	 5.088E+02	 7.842E+03
 352.650	 2.963E+00	 1.298E+02	 7.684E+03
 352.700	 2.988E+00	-2.465E+02	 7.489E+03
 352.750	 3.015E+00	-6.216E+02	 7.322E+03
 352.800	 3.047E+00	-1.002E+03	 7.184E+03
 352.850	 3.082E+00	-1.342E+03	 7.085E+03
 352.900	 3.118E+00	-1.619E+03	 7.015E+03
 352.950	 3.153E+00	-1.840E+03	 6.972E+03
 353.000	 3.182E+00	-1.988E+03	 6.976E+03
 353.050	 3.205E+00	-2.053E+03	 6.961E+03
 353.100	 3.222E+00	-2.077E+03	 6.909E+03
 353.150	 3.234E+00	-2.082E+03	 6.857E+03
 353.200	 3.245E+00	-2.068E+03	 6.816E+03
 353.250	 3.257E+00	-2.059E+03	 6.803E+03
 353.300	 3.272E+00	-2.075E+03	 6.820E+03
 353.350	 3.293E+00	-2.126E+03	 6.893E+03
 353.400	 3.317E+00	-2.205E+03	 6.993E+03
 353.450	 3.342E+00	-2.322E+03	 7.174E+03
 353.500	 3.366E+00	-2.449E+03	 7.440E+03
 353.550	 3.385E+00	-2.594E+03	 7.750E+03
 353.600	 3.398E+00	-2.733E+03	 8.087E+03
 353.650	 3.406E+00	-2.856E+03	 8.374E+03
 353.700	 3.410E+00	-2.944E+03	 8.598E+03
 353.750	 3.413E+00	-2.998E+03	 8.714E+03
 353.800	 3.418E+00	-2.997E+03	 8.768E+03
 353.850	 3.428E+00	-2.946E+03	 8.809E+03
 353.900	 3.443E+00	-2.859E+03	 8.828E+03
 353.950	 3.462E+00	-2.685E+03	 8.953E+03
 354.000	 3.481E+00	-2.469E+03	 9.163E+03
 354.050	 3.500E+00	-2.229E+03	 9.391E+03
 354.100	 3.515E+00	-1.935E+03	 9.578E+03
 354.150	 3.528E+00	-1.684E+03	 9.737E+03
 354.200	 3.536E+00	-1.478E+03	 9.777E+03
 354.250	 3.542E+00	-1.265E+03	 9.688E+03
 354.300	 3.545E+00	-1.085E+03	 9.548E+03
 354.350	 3.548E+00	-9.665E+02	 9.435E+03
 354.400	 3.552E+00	-8.669E+02	 9.334E+03
 354.450	 3.560E+00	-8.144E+02	 9.335E+03
 354.500	 3.571E+00	-8.133E+02	 9.384E+03
 354.550	 3.584E+00	-7.738E+02	 9.399E+03
 354.600	 3.599E+00	-7.034E+02	 9.375E+03
 354.650	 3.615E+00	-6.414E+02	 9.362E+03
 354.700	 3.630E+00	-5.226E+02	 9.421E+03
 354.750	 3.643E+00	-3.222E+02	 9.536E+03
 354.800	 3.654E+00	-9.439E+01	 9.695E+03
 354.850	 3.662E+00	 1.784E+02	 9.805E+03
 354.900	 3.668E+00	 5.382E+02	 9.805E+03
 354.950	 3.675E+00	 8.909E+02	 9.665E+03
 355.000	 3.682E+00	 1.229E+03	 9.446E+03
 355.050	 3.689E+00	 1.571E+03	 9.186E+03
 355.100	 3.696E+00	 1.875E+03	 8.974E+03
 355.150	 3.704E+00	 2.125E+03	 8.771E+03
 355.200	 3.714E+00	 2.317E+03	 8.549E+03
 355.250	 3.724E+00	 2.440E+03	 8.303E+03
 355.300	 3.731E+00	 2.515E+03	 8.079E+03
 355.350	 3.735E+00	 2.559E+03	 7.917E+03
 355.400	 3.736E+00	 2.586E+03	 7.834E+03
 355.450	 3.734E+00	 2.613E+03	 7.756E+03
 355.500	 3.730E+00	 2.652E+03	 7.584E+03
 355.550	 3.726E+00	 2.703E+03	 7.288E+03
 355.600	 3.721E+00	 2.784E+03	 6.939E+03
 355.650	 3.716E+00	 2.909E+03	 6.654E+03
 355.700	 3.713E+00	 3.076E+03	 6.481E+03
 355.750	 3.710E+00	 3.250E+03	 6.439E+03
 355.800	 3.708E+00	 3.472E+03	 6.634E+03
 355.850	 3.706E+00	 3.722E+03	 6.995E+03
 355.900	 3.702E+00	 3.946E+03	 7.302E+03
 355.950	 3.696E+00	 4.158E+03	 7.604E+03
 356.000	 3.687E+00	 4.358E+03	 7.926E+03
 356.050	 3.674E+00	 4.524E+03	 8.146E+03
 356.100	 3.660E+00	 4.647E+03	 8.245E+03
 356.150	 3.643E+00	 4.715E+03	 8.332E+03
 356.200	 3.627E+00	 4.704E+03	 8.321E+03
 356.250	 3.612E+00	 4.648E+03	 8.265E+03
 356.300	 3.599E+00	 4.532E+03	 8.267E+03
 356.350	 3.588E+00	 4.380E+03	 8.401E+03
 356.400	 3.579E+00	 4.218E+03	 8.598E+03
 356.450	 3.571E+00	 4.045E+03	 8.791E+03
 356.500	 3.562E+00	 3.895E+03	 9.050E+03
 356.550	 3.551E+00	 3.769E+03	 9.209E+03
 356.600	 3.537E+00	 3.699E+03	 9.248E+03
 356.650	 3.520E+00	 3.643E+03	 9.192E+03
 356.700	 3.499E+00	 3.625E+03	 9.096E+03
 356.750	 3.476E+00	 3.651E+03	 8.997E+03
 356.800	 3.451E+00	 3.642E+03	 8.920E+03
 356.850	 3.428E+00	 3.591E+03	 8.834E+03
 356.900	 3.411E+00	 3.498E+03	 8.798E+03
 356.950	 3.398E+00	 3.348E+03	 8.783E+03
 357.000	 3.387E+00	 3.160E+03	 8.785E+03
 357.050	 3.375E+00	 2.951E+03	 8.750E+03
 357.100	 3.362E+00	 2.713E+03	 8.679E+03
 357.150	 3.344E+00	 2.408E+03	 8.569E+03
 357.200	 3.320E+00	 2.082E+03	 8.464E+03
 357.250	 3.289E+00	 1.780E+03	 8.369E+03
 357.300	 3.252E+00	 1.473E+03	 8.307E+03
 357.350	 3.210E+00	 1.180E+03	 8.260E+03
 357.400	 3.167E+00	 9.254E+02	 8.227E+03
 357.450	 3.126E+00	 6.730E+02	 8.178E+03
 357.500	 3.088E+00	 4.272E+02	 8.092E+03
 357.550	 3.052E+00	 2.331E+02	 8.025E+03
 357.600	 3.017E+00	 4.625E+01	 7.962E+03
 357.650	 2.981E+00	-1.322E+02	 7.882E+03
 357.700	 2.943E+00	-2.937E+02	 7.788E+03
 357.750	 2.902E+00	-4.658E+02	 7.648E+03
 357.800	 2.857E+00	-6.580E+02	 7.464E+03
 357.850	 2.808E+00	-8.512E+02	 7.313E+03
 357.900	 2.757E+00	-1.065E+03	 7.194E+03
 357.950	 2.705E+00	-1.290E+03	 7.060E+03
 358.000	 2.653E+00	-1.531E+03	 6.870E+03
 358.050	 2.600E+00	-1.787E+03	 6.606E+03
 358.100	 2.547E+00	-2.039E+03	 6.318E+03
 358.150	 2.494E+00	-2.275E+03	 6.089E+03
 358.200	 2.441E+00	-2.509E+03	 5.964E+03
 358.250	 2.388E+00	-2.699E+03	 6.021E+03
 358.300	 2.335E+00	-2.820E+03	 6.243E+03
 358.350	 2.281E+00	-2.878E+03	 6.603E+03
 358.400	 2.226E+00	-2.889E+03	 7.040E+03
 358.450	 2.173E+00	-2.868E+03	 7.467E+03
 358.500	 2.120E+00	-2.804E+03	 7.821E+03
 358.550	 2.067E+00	-2.699E+03	 8.078E+03
 358.600	 2.014E+00	-2.569E+03	 8.248E+03
 358.650	 1.960E+00	-2.435E+03	 8.362E+03
 358.700	 1.905E+00	-2.318E+03	 8.495E+03
 358.750	 1.848E+00	-2.223E+03	 8.701E+03
 358.800	 1.790E+00	-2.170E+03	 8.925E+03
 358.850	 1.732E+00	-2.131E+03	 9.182E+03
 358.900	 1.674E+00	-2.126E+03	 9.363E+03
 358.950	 1.616E+00	-2.127E+03	 9.428E+03
 359.000	 1.558E+00	-2.133E+03	 9.394E+03
 359.050	 1.497E+00	-2.128E+03	 9.306E+03
 359.100	 1.434E+00	-2.081E+03	 9.237E+03
 359.150	 1.370E+00	-2.022E+03	 9.193E+03
 359.200	 1.307E+00	-1.955E+03	 9.243E+03
 359.250	 1.242E+00	-1.793E+03	 9.377E+03
 359.300	 1.176E+00	-1.574E+03	 9.642E+03
 359.350	 1.108E+00	-1.277E+03	 9.925E+03
 359.400	 1.041E+00	-9.336E+02	 1.024E+04
 359.450	 9.767E-01	-6.179E+02	 1.058E+04
 359.500	 9.157E-01	-3.233E+02	 1.084E+04
 359.550	 8.580E-01	-4.457E+01	 1.094E+04
 359.600	 8.037E-01	 1.842E+02	 1.088E+04
 359.650	 7.536E-01	 3.537E+02	 1.070E+04
 359.700	 7.073E-01	 4.729E+02	 1.047E+04
 359.750	 6.630E-01	 5.625E+02	 1.025E+04
 359.800	 6.184E-01	 6.369E+02	 1.008E+04
 359.850	 5.715E-01	 7.031E+02	 9.962E+03
 359.900	 5.191E-01	 7.830E+02	 9.884E+03
 359.950	 4.602E-01	 8.635E+02	 9.891E+03
 360.000	 3.961E-01	 9.733E+02	 9.948E+03
 360.050	 3.312E-01	 1.140E+03	 1.008E+04
 360.100	 2.711E-01	 1.336E+03	 1.020E+04
 360.150	 2.218E-01	 1.569E+03	 1.024E+04
 360.200	 1.873E-01	 1.863E+03	 1.028E+04
 360.250	 1.685E-01	 2.192E+03	 1.020E+04
 360.300	 1.618E-01	 2.512E+03	 1.007E+04
 360.350	 1.606E-01	 2.829E+03	 9.989E+03
 360.400	 1.576E-01	 3.143E+03	 9.990E+03
 360.450	 1.480E-01	 3.428E+03	 1.011E+04
 360.500	 1.304E-01	 3.688E+03	 1.026E+04
 360.550	 1.052E-01	 3.890E+03	 1.037E+04
 360.600	 7.445E-02	 4.040E+03	 1.040E+04
 360.650	 4.172E-02	 4.134E+03	 1.019E+04
 360.700	 1.259E-02	 4.178E+03	 9.834E+03
 360.750	 0.000E+00	 4.156E+03	 9.412E+03
 360.800	 0.000E+00	 4.129E+03	 9.131E+03
 360.850	 0.000E+00	 4.109E+03	 9.005E+03
 360.900	 0.000E+00	 4.108E+03	 9.052E+03
 360.950	 2.856E-04	 4.131E+03	 9.287E+03
 361.000	 1.297E-02	 4.176E+03	 9.638E+03
 361.050	 2.597E-02	 4.255E+03	 1.000E+04
 361.100	 3.791E-02	 4.386E+03	 1.032E+04
 361.150	 4.907E-02	 4.538E+03	 1.048E+04
 361.200	 6.121E-02	 4.739E+03	 1.057E+04
 361.250	 7.648E-02	 4.938E+03	 1.053E+04
 361.300	 9.725E-02	 5.109E+03	 1.047E+04
 361.350	 1.251E-01	 5.256E+03	 1.056E+04
 361.400	 1.595E-01	 5.326E+03	 1.089E+04
 361.450	 1.977E-01	 5.309E+03	 1.127E+04
 361.500	 2.373E-01	 5.221E+03	 1.154E+04
 361.550	 2.768E-01	 5.083E+03	 1.167E+04
 361.600	 3.155E-01	 4.911E+03	 1.179E+04
 361.650	 3.535E-01	 4.712E+03	 1.186E+04
 361.700	 3.938E-01	 4.480E+03	 1.180E+04
 361.750	 4.408E-01	 4.250E+03	 1.179E+04
 361.800	 4.981E-01	 4.018E+03	 1.185E+04
 361.850	 5.669E-01	 3.797E+03	 1.198E+04
 361.900	 6.448E-01	 3.594E+03	 1.208E+04
 361.950	 7.273E-01	 3.412E+03	 1.217E+04
 362.000	 8.100E-01	 3.271E+03	 1.220E+04
 362.050	 8.892E-01	 3.154E+03	 1.214E+04
 362.100	 9.628E-01	 3.025E+03	 1.197E+04
 362.150	 1.030E+00	 2.907E+03	 1.170E+04
 362.200	 1.089E+00	 2.765E+03	 1.140E+04
 362.250	 1.144E+00	 2.574E+03	 1.100E+04
 362.300	 1.194E+00	 2.360E+03	 1.063E+04
 362.350	 1.245E+00	 2.078E+03	 1.030E+04
 362.400	 1.300E+00	 1.724E+03	 1.014E+04
 362.450	 1.358E+00	 1.316E+03	 1.003E+04
 362.500	 1.419E+00	 8.752E+02	 9.889E+03
 362.550	 1.481E+00	 4.169E+02	 9.600E+03
 362.600	 1.541E+00	-8.609E+00	 9.184E+03
 362.650	 1.600E+00	-4.056E+02	 8.695E+03
 362.700	 1.655E+00	-7.801E+02	 8.180E+03
 362.750	 1.705E+00	-1.065E+03	 7.688E+03
 362.800	 1.749E+00	-1.249E+03	 7.310E+03
 362.850	 1.790E+00	-1.389E+03	 7.070E+03
 362.900	 1.831E+00	-1.490E+03	 7.039E+03
 362.950	 1.874E+00	-1.568E+03	 7.203E+03
 363.000	 1.922E+00	-1.632E+03	 7.486E+03
 363.050	 1.974E+00	-1.698E+03	 7.766E+03
 363.100	 2.030E+00	-1.774E+03	 7.948E+03
 363.150	 2.090E+00	-1.892E+03	 8.026E+03
 363.200	 2.153E+00	-2.044E+03	 8.061E+03
 363.250	 2.216E+00	-2.215E+03	 8.128E+03
 363.300	 2.278E+00	-2.379E+03	 8.333E+03
 363.350	 2.338E+00	-2.544E+03	 8.701E+03
 363.400	 2.396E+00	-2.705E+03	 9.109E+03
 363.450	 2.454E+00	-2.863E+03	 9.422E+03
 363.500	 2.512E+00	-3.012E+03	 9.553E+03
 363.550	 2.573E+00	-3.130E+03	 9.483E+03
 363.600	 2.636E+00	-3.204E+03	 9.245E+03
 363.650	 2.701E+00	-3.244E+03	 8.829E+03
 363.700	 2.769E+00	-3.224E+03	 8.378E+03
 363.750	 2.837E+00	-3.156E+03	 8.024E+03
 363.800	 2.904E+00	-3.053E+03	 7.836E+03
 363.850	 2.970E+00	-2.925E+03	 7.836E+03
 363.900	 3.033E+00	-2.765E+03	 8.015E+03
 363.950	 3.092E+00	-2.592E+03	 8.178E+03
 364.000	 3.148E+00	-2.361E+03	 8.176E+03
 364.050	 3.200E+00	-2.118E+03	 8.160E+03
 364.100	 3.249E+00	-1.918E+03	 8.140E+03
 364.150	 3.296E+00	-1.701E+03	 8.215E+03
 364.200	 3.341E+00	-1.527E+03	 8.516E+03
 364.250	 3.387E+00	-1.410E+03	 8.969E+03
 364.300	 3.433E+00	-1.289E+03	 9.472E+03
 364.350	 3.480E+00	-1.174E+03	 9.952E+03
 364.400	 3.528E+00	-1.065E+03	 1.039E+04
 364.450	 3.575E+00	-9.496E+02	 1.074E+04
 364.500	 3.621E+00	-7.956E+02	 1.101E+04
 364.550	 3.664E+00	-5.989E+02	 1.112E+04
 364.600	 3.704E+00	-3.808E+02	 1.109E+04
 364.650	 3.741E+00	-1.051E+02	 1.096E+04
 364.700	 3.776E+00	 2.046E+02	 1.079E+04
 364.750	 3.812E+00	 4.932E+02	 1.059E+04
 364.800	 3.849E+00	 7.866E+02	 1.040E+04
 364.850	 3.892E+00	 1.051E+03	 1.027E+04
 364.900	 3.941E+00	 1.258E+03	 1.013E+04
 364.950	 3.993E+00	 1.419E+03	 9.953E+03
 365.000	 4.046E+00	 1.588E+03	 9.716E+03
 365.050	 4.099E+00	 1.710E+03	 9.335E+03
 365.100	 4.150E+00	 1.812E+03	 8.914E+03
 365.150	 4.197E+00	 1.920E+03	 8.583E+03
 365.200	 4.238E+00	 2.055E+03	 8.367E+03
 365.250	 4.275E+00	 2.197E+03	 8.227E+03
 365.300	 4.308E+00	 2.348E+03	 8.172E+03
 365.350	 4.342E+00	 2.507E+03	 8.143E+03
 365.400	 4.379E+00	 2.692E+03	 8.149E+03
 365.450	 4.419E+00	 2.880E+03	 8.076E+03
 365.500	 4.462E+00	 3.074E+03	 7.956E+03
 365.550	 4.508E+00	 3.281E+03	 7.827E+03
 365.600	 4.553E+00	 3.489E+03	 7.670E+03
 365.650	 4.594E+00	 3.676E+03	 7.543E+03
 365.700	 4.630E+00	 3.860E+03	 7.511E+03
 365.750	 4.658E+00	 4.028E+03	 7.586E+03
 365.800	 4.681E+00	 4.156E+03	 7.645E+03
 365.850	 4.700E+00	 4.261E+03	 7.699E+03
 365.900	 4.718E+00	 4.309E+03	 7.674E+03
 365.950	 4.737E+00	 4.312E+03	 7.607E+03
 366.000	 4.759E+00	 4.265E+03	 7.508E+03
 366.050	 4.784E+00	 4.169E+03	 7.426E+03
 366.100	 4.813E+00	 4.054E+03	 7.430E+03
 366.150	 4.845E+00	 3.930E+03	 7.514E+03
 366.200	 4.877E+00	 3.804E+03	 7.659E+03
 366.250	 4.908E+00	 3.689E+03	 7.716E+03
 366.300	 4.936E+00	 3.639E+03	 7.763E+03
 366.350	 4.959E+00	 3.603E+03	 7.790E+03
 366.400	 4.977E+00	 3.609E+03	 7.841E+03
